si no,LATITUDE,LONGITUDE,District,Elevation,Slope,Rainfall,MinTemp,MaxTemp,Humidity,NDVI,B,Ca,Cu,EC,Fe,K,Mg,Mn,N,Org_C,P,S,Zn,pH
1,11.71100998,75.603318,Kannur,26,4.210955,10.48857546,21.93108494,30.75358208,73.1514314,0.6526698,0.99000001,530,9.479999542,0.04,32.29999924,160.5,125,35.40999985,862,1.00999999,59.70000076,1.889999986,2.089999914,4.920000076
2,11.97022915,75.410628,Kannur,38,4.729763,10.2893616,22.32439417,32.13279351,65.84348166,0.5153102,0.07,120,2.349999905,0.04,33.40000153,129.6999969,156,67.97000122,596,0.819999993,2.650000095,23.32999992,3.920000076,5.840000153
3,12.08323956,75.55560303,Kannur,41,5.4245934,21.98980677,19.17601061,31.48734252,64.2642136,0.6452676,0.180000007,489,7.185800076,0.04,45.58528137,354.25,99.62819672,28.99500084,712,1.019999981,59.25799942,31.21500015,6.349999905,5.820000172
4,12.02010822,75.667724,Kannur,61,6.5328655,17.3895148,20.09892583,33.19815821,62.46473311,0.5706879,0.200000003,314,6.874169827,0.04,45.25279999,156.3999939,121.2200012,51.22000122,225.5,1.350000024,66.90000153,44.25500107,5.98584795,5.25
5,11.97626591,75.411696,Kannur,56,4.7226605,10.2893616,22.32439417,32.13279351,65.84348166,0.5451631,0.071999997,110,4.099999905,0.05,32.31999969,135.5,125,68.91999817,148,0.899999976,4.800000191,23.95949936,4.199999809,5.900000095
6,12.161479,75.487299,Kannur,81,4.8223157,43.38611984,18.63982465,30.2886402,66.84288069,0.77587986,0.949999988,358,5.669499874,0.05,65.52851868,120.4199982,99.94999695,58.54999924,326.3999939,1.559999943,115.4599991,35.89599991,6.119999886,4.800000191
7,12.16753197,75.223203,Kannur,21,3.8236818,3.791483879,23.45392288,30.41379305,69.43064263,0.5513006,0.079999998,289,5.989999771,0.05,75.87999725,230.5,96.62999725,45.33000183,266,0.5,2.200000048,17.60000038,5.25,5.400000095
8,12.02468109,75.66652679,Kannur,75,2.98955,17.3895148,20.09892583,33.19815821,62.46473311,0.38049588,0.090000004,257,6.954500198,0.05,28.52852058,389.6520081,104.2200012,34.58280182,648,2.130000114,21.52000046,35.65219879,6.519999981,6.010000229
9,11.94890308,75.519086,Kannur,106,5.743993,16.04581845,21.70774494,31.9706402,66.38667776,0.36811963,0.109999999,396.4299927,5.480000019,0.05,42.27999878,91.26000214,98.47000122,31.55999947,528,3.670000076,51.22999954,28.95999908,4.199999809,4.900000095
10,12.0697279,75.576878,Kannur,49,8.668593,21.98980677,19.17601061,31.48734252,64.2642136,0.6549215,0.150000006,356,7.248000145,0.05,18.20000076,91.25,95.68990326,31.55200005,658,1.350000024,69.08000183,84.35559845,7.1052828,5.849999905
11,11.90356922,75.787099,Kannur,86,12.433681,22.35626948,18.77281736,30.95730296,63.47575061,0.7518388,0.090999998,220,4.190000057,0.06,29,204.9600067,108,24.89900017,212,0.911764706,22.57999992,28.95899963,1.570000052,5.650000095
12,11.87340069,75.863489,Kannur,139,3.971884,119.2279315,16.84292071,29.11107367,61.46599462,0.40392974,0.094999999,168,6.099999905,0.06,25.60000038,125.3600006,104.2200012,35.85282135,528,1.519999981,24.57999992,33.52500153,9.850000381,5.409999847
13,12.21504974,75.32942963,Kannur,161,3.3939571,18.73948801,21.90739094,31.21134996,69.36719805,0.57475555,0.059999999,725,6.139999866,0.06,75.23000336,885.960022,85.33000183,64.51999664,458,0.930000007,763.8200073,26.28000069,6.03000021,6.050000191
14,12.18317127,75.230868,Kannur,26,3.901086,3.791483879,23.45392288,30.41379305,69.43064263,0.6084316,0.079999998,528,5.739999771,0.06,71.27999878,242.5,65.51999664,39.61999893,183,0.059999999,2.359999895,20.10000038,5.960000038,5.519999981
15,12.19016647,75.258813,Kannur,79,4.7336287,8.671954568,21.90739094,31.21134996,69.36719805,0.6111311,0.079999998,625,3.99000001,0.06,79.94999695,272.5,91.26000214,44.52999878,225,0.090000004,2.900000095,14.39999962,3.279999971,5.369999886
16,12.19852924,75.26159668,Kannur,65,12.026054,8.671954568,21.90739094,31.21134996,69.36719805,0.5630109,0.079999998,589,5.309999943,0.06,81.27999878,226.6000061,71.18000031,74.62999725,268,0.479999989,2.309999943,18.95999908,6.849999905,5.480000019
17,11.95939827,75.468862,Kannur,57,0,17.8658787,21.24597978,32.18597196,65.21408968,0.5237494,0.140000001,175,2.079999924,0.06,16.5,212,126,39.95999908,630,1.299999952,8.100000381,22.25519943,6.300000191,5.679999828
18,11.97422028,75.484264,Kannur,31,13.043588,17.8658787,21.24597978,32.18597196,65.21408968,0.6732109,0.170000002,201.5,2.390000105,0.06,18.37000084,177.8800049,174.3000031,78.97000122,742,1.330000043,6.130000114,19.23999977,5.739999771,5.630000114
19,12.0456636,75.582723,Kannur,24,8.0446825,32.37979555,20.3084248,32.81704207,64.75651692,0.29291287,0.189999998,356,7.392980099,0.06,35.85279846,539.2000122,112.2919998,38.95280075,665,0.99000001,36.25,41.25799942,7.519999981,5.809999943
20,11.92520618,75.697489,Kannur,71,3.8234706,36.63699102,20.0568613,32.48481298,64.35408645,0.62703234,0.073399998,80,6.321000099,0.07,41.29999924,105.1679993,132,27.85849953,224,0.647058824,10.47200012,46.25257874,6.309999943,5.590000153
21,11.80017281,75.564002,Kannur,29,5.8582544,18.2816776,21.0935016,31.27222779,69.39096055,0.59987146,0.104400001,320,2.209000111,0.07,26.5,113.9039993,144,28.28199959,235,0.676470588,23.25119972,24.87000084,2.559999943,5.840000153
22,11.96006489,75.73070526,Kannur,52,5.968925,17.66983283,20.09892583,33.19815821,62.46473311,0.6266567,0.104400001,560,4.43200016,0.07,38,123.3119965,360,32.8282814,628,0.764705882,10.64000034,22.52799988,9.109999657,5.769999981
23,12.0405817,75.627873,Kannur,35,11.031844,29.25878406,20.3084248,32.81704207,64.75651692,0.7137323,0.128399998,487,7.9858528,0.07,45.56280136,187.4880066,105.5199966,45.55899811,528,1.5,82.33007813,71.30000305,7.992000103,5.730000019
24,12.03143215,75.669778,Kannur,56,4.6938515,17.3895148,20.09892583,33.19815821,62.46473311,0.5070163,0.166600004,421,6.958799839,0.07,42.32852173,185.4720001,125.8580017,50.25500107,250.8800049,1.563829787,78.73935699,51.25566101,6.658480167,5.190000057
25,11.9793129,75.410722,Kannur,17,6.7325387,10.2893616,22.32439417,32.13279351,65.84348166,0.7288247,0.067000002,105,3.099999905,0.07,52,122.5,95,67.25,465,2.299999952,5.699999809,32.55899811,4,5.670000076
26,12.07597923,75.564295,Kannur,35,3.8236017,21.98980677,19.17601061,31.48734252,64.2642136,0.69394433,1.14199996,385,6.985499859,0.07,30.28520012,179.6927948,85.6289978,39.99000168,252.75,2.457446809,13.33695984,12.60000038,6.325799942,4.679999828
27,12.07905769,75.327305,Kannur,67,4.2155385,9.119403295,22.6973224,31.52068218,68.47627566,0.41313246,0.109200001,396,4.5985848,0.07,85.51999664,280.8959961,80.85527802,50.22999954,718,3.893617021,64.88944244,21.95899963,6.650000095,5.170000076
28,11.84926987,75.569113,Kannur,42,2.7802885,18.2816776,21.0935016,31.27222779,69.39096055,0.67669594,0.07,658.4299927,4.760000229,0.07,41.25,501.7000122,231,71.52999878,624,1.00999999,48.31000137,31.25,9.119999886,6.170000076
29,11.99124146,75.437792,Kannur,49,2.9892163,10.2893616,22.32439417,32.13279351,65.84348166,0.64560694,0.079999998,590,7.099999905,0.07,101,130.8000031,270,71.26000214,187,0.096000001,6.5,21.22827911,7.699999809,5.699999809
30,11.97022915,75.414896,Kannur,38,2.082317,10.2893616,22.32439417,32.13279351,65.84348166,0.74321216,0.079999998,110.1999969,2.430000067,0.07,35.00999832,134.8200073,148,70.22000122,618,0.850000024,4.099999905,24.59000015,3.660000086,5.579999924
31,11.89266872,75.556893,Kannur,37,8.594623,19.72454894,20.84691772,32.46917693,65.24169891,0.3368596,0.100000001,780,2.150000095,0.07,21.20000076,147.1699982,168,69.59999847,735,1.590000033,7.150000095,32.25,4.840000153,6.289999962
32,11.89910507,75.43405914,Kannur,20,7.613144,10.46054196,22.01733209,31.7111366,68.33291587,0.6965955,0.100000001,400,3.190000057,0.07,52.40000153,176.8500061,240,71.86000061,580,1.590000033,33.81000137,33.25,8.300000191,6.539999962
33,11.95183563,75.471806,Kannur,26,4.6643767,17.8658787,21.24597978,32.18597196,65.21408968,0.6901546,0.100000001,134,2.900000095,0.07,15.19999981,206.3999939,102,38.95999908,610,1.799999952,10.69999981,28.58580017,6.400000095,5.610000134
34,11.77236557,75.570467,Kannur,21,0,14.45968193,21.0935016,31.27222779,69.39096055,0.6472998,0.150000006,581.7000122,4.679999828,0.07,69.79000092,154.3099976,198,73.95999908,650,0.910000026,27.75,34.27000046,5.989999771,6.46999979
35,12.03107834,75.392439,Kannur,21,12.30715,11.96176755,22.32439417,32.13279351,65.84348166,0.6300033,0.170000002,285,6.958817959,0.07,69.51999664,250.6999969,125.2220001,57.25999832,579,2.769999981,141,76.18585205,6.010000229,5.800000191
36,11.87374973,75.436837,Kannur,39,2.0821636,10.46054196,22.01733209,31.7111366,68.33291587,0.44638732,0.092,312.3999939,4.199999809,0.075,48.70000076,158.6999969,96,30.53000069,497,2.099999905,29.79999924,31.48399925,3.5,6.599999905
37,12.17052555,75.490365,Kannur,110,9.382276,43.38611984,18.63982465,30.2886402,66.84288069,0.75333136,0.109999999,489,6.958000183,0.075,48.27999878,365.4400024,75.58000183,63.2517395,381.5,3.079999924,72.58999634,45.28545761,6.119999886,5.449999809
38,11.88182831,75.48401642,Kannur,24,4.997207,14.93052262,21.70774494,31.9706402,66.38667776,0.7188845,0.079999998,356.7000122,3.190000057,0.078,52.40000153,165.6999969,240,22.95999908,517,1.620000005,30.5,33.61999893,8.300000191,6.599999905
39,11.99074268,75.645563,Kannur,41,0.94809186,23.31961739,20.3084248,32.81704207,64.75651692,0.39075834,0.173600003,326,7.15252018,0.08,55.28519821,76.33920288,65.65799713,54.05199814,219.5200043,0.510638298,8.976799965,38.95999908,6.53000021,5.639999866
40,12.13947964,75.468444,Kannur,63,3.9004843,38.06579638,20.20244514,31.43099286,66.02362224,0.66840774,0.134000003,290,7.099999905,0.08,19.19000053,236.1000061,125,21.852828,608,1.679999948,24.55900002,52.2519989,6.889999866,5.630000114
41,11.83924198,75.463281,Kannur,26,3.7850838,7.967959672,21.92949408,30.78086216,70.64805075,0.6155806,0.310000002,426,5.989999771,0.08,29.95000076,175.6600037,99.58000183,24.53000069,687,1.789999962,341.3699951,20.75,8.039999962,5.159999847
42,12.00512123,75.731328,Kannur,73,7.1597233,22.26030779,20.09892583,33.19815821,62.46473311,0.70151216,0.092200004,700,6.072999954,0.08,47.90000153,217.8399963,336,24.8220005,655,2.029411765,27.5,43.25279999,8.56000042,5.519999981
43,12.25639534,75.346052,Kannur,115,0.92740995,10.82304958,21.41198331,31.54112607,66.61067622,0.5838418,0.123400003,285,5.84100008,0.08,35.2519989,345.2735901,105.3690033,54.52550125,332.4159851,2.64893617,23.85264015,19.28483963,4.980000019,4.900000095
44,12.03876686,75.40534973,Kannur,56,0.9482621,19.96178651,22.32439417,32.13279351,65.84348166,0.5439961,0.111000001,304,5.7582798,0.08,66.51000214,180.4199982,100.2852783,55.25,610,2.700000048,110.4000015,82.9960022,5.519999981,5.320000172
45,12.18636322,75.227387,Kannur,40,2.9372396,3.791483879,23.45392288,30.41379305,69.43064263,0.48280448,0.07,430,5.570000172,0.08,81.86000061,222.5,87.84999847,40.25,285,0.720000029,2.099999905,15.10000038,4.980000019,5.599999905
46,11.75796223,75.602084,Kannur,29,3.971033,22.99308872,21.0935016,31.27222779,69.39096055,0.62905914,0.079999998,812.1199951,4.630000114,0.08,47.29999924,375.1900024,246.1300049,69.95999908,610,1.039999962,47.13000107,31.25,7.230000019,5.820000172
47,11.76279354,75.617364,Kannur,43,3.9710677,22.99308872,21.0935016,31.27222779,69.39096055,0.67744225,0.079999998,846.460022,5.010000229,0.08,44.47000122,483.3699951,222,69.95999908,680,1.090000033,51.09999847,41.61999893,10.01000023,6.28000021
48,12.01324177,75.48226929,Kannur,68,8.497299,20.43144166,21.24597978,32.18597196,65.21408968,0.7561565,0.079999998,100,3.609999895,0.08,25.29999924,274.1799927,240,65.33000183,562,1.320000052,8.760000229,22.26000023,5.329999924,5.630000114
49,11.75709724,75.56076813,Kannur,19,4.8154087,14.45968193,21.0935016,31.27222779,69.39096055,0.6048287,0.090000004,755.6400146,3.150000095,0.08,50.09999847,258.9700012,229.9799957,71.95999908,623,1.120000005,44.45999908,34.63000107,8.010000229,5.710000038
50,11.84508991,75.50702667,Kannur,23,2.9368527,7.892810106,21.92949408,30.78086216,70.64805075,0.5482969,0.090000004,500,3.940000057,0.08,46.5,150.0800018,180,61.83000183,870,2.150000095,13.27999973,22.25,8.630000114,6.03000021
51,11.99610329,75.685275,Kannur,38,2.6508932,19.0768224,20.09892583,33.19815821,62.46473311,0.5542763,0.100000001,398,5.900000095,0.08,35.5,126,123,45.85850143,615,1.100000024,19.60000038,53.15827942,10.07999992,5.900000095
52,12.17150974,75.46060181,Kannur,71,13.052866,43.38611984,18.63982465,30.2886402,66.84288069,0.73137933,0.100000001,546,5.320000172,0.08,79.94999695,670.6599731,83.52999878,65.75,563,1.24000001,876.6199951,24.25,5.039999962,6.119999886
53,11.83250999,75.47268677,Kannur,17,2.840551,7.967959672,21.92949408,30.78086216,70.64805075,0.4944356,0.100000001,600,11,0.08,85,136.6399994,192,67.91999817,725,1.590000033,100.9700012,18.22999954,25,6.139999866
54,11.8734808,75.437692,Kannur,35,2.988045,10.46054196,22.01733209,31.7111366,68.33291587,0.6073308,0.100000001,356,3.200000048,0.08,56.5,180.5,135,28.95999908,425,1.600000024,34.5,23.89999962,7.099999905,6.579999924
55,12.01848602,75.496229,Kannur,88,2.9370477,20.43144166,21.24597978,32.18597196,65.21408968,0.569695,0.100000001,304,4.46999979,0.08,25.62999916,217.3200073,105.5299988,38.95999908,558,5.96999979,32.31999969,25.25,5.239999771,5.429999828
56,12.00802803,75.669567,Kannur,44,8.0271845,17.3895148,20.09892583,33.19815821,62.46473311,0.7489083,0.119999997,235,7.128584862,0.08,69.65280151,199.5,105.2249985,43.56949997,234.4799957,1.5,15.56000042,45.58995819,7.295899868,5.300000191
57,12.0593214,75.30950928,Kannur,65,1.3263159,9.119403295,22.6973224,31.52068218,68.47627566,0.71660465,0.119999997,501,7.860000134,0.08,39.83000183,250.5,90.26000214,74.95999908,356,3.599999905,62.5,24.57999992,6.550000191,5.199999809
58,11.79002285,75.537075,Kannur,30,1.3256433,8.623157233,21.92949408,30.78086216,70.64805075,0.4133231,0.129999995,800,4.860000134,0.08,48,332.4200134,336,71.59999847,710,1.440000057,84.76000214,22.32999992,9.079999924,6
59,11.78095245,75.570562,Kannur,27,0.92740995,14.45968193,21.0935016,31.27222779,69.39096055,0.59949356,0.140000001,620,4.510000229,0.08,58.20000076,149.9700012,216,85.95999908,670,1,29.32999992,24.26000023,5.239999771,6.610000134
60,12.05560493,75.5900116,Kannur,45,8.3416815,21.98980677,19.17601061,31.48734252,64.2642136,0.6728176,0.140000001,302,8.284000397,0.08,22.28520012,115.6699982,101.25,40.54999924,699,1.279999971,75.55999756,91.31999969,6.328279972,5.389999866
61,12.15170002,75.45018768,Kannur,73,8.276063,43.38611984,18.63982465,30.2886402,66.84288069,0.6583456,0.180000007,369,5.247399807,0.08,42.56280136,204.5599976,128.9900055,28.95499992,234,0.980000019,61.22000122,28.328541,5.960000038,5.590000153
62,11.92355061,75.489998,Kannur,39,7.613186,15.02618396,21.70774494,31.9706402,66.38667776,0.520795,0.189999998,592.4199829,5.800000191,0.08,41.13999939,321.2999878,78.48999786,24.25,554,3.359999895,52.40000153,38.86000061,6.099999905,5.639999866
63,12.02805328,75.39285278,Kannur,39,4.8200107,11.96176755,22.32439417,32.13279351,65.84348166,0.63202435,0.123999998,314,6.147170067,0.082,75.52999878,160.5,132.2819977,58.95999908,623,3.210000038,127.4000015,85.96984863,5.630000114,6.099999905
64,12.22183514,75.325051,Kannur,175,4.666113,18.73948801,21.90739094,31.21134996,69.36719805,0.55821586,0.075000003,358,5.23995018,0.09,70.31999969,356.5,89.55000305,52.54999924,458,1.100000024,2.900000095,34.25249863,5.840000153,5.800000191
65,12.07661819,75.558718,Kannur,29,2.937114,21.98980677,19.17601061,31.48734252,64.2642136,0.6038632,0.081,370,6.140999794,0.09,32.45000076,138.4199982,255,52.35499954,684,1.25,28.56999969,44.32619858,8.550000191,5.650000095
66,12.04232502,75.583586,Kannur,26,3.3635795,32.37979555,20.3084248,32.81704207,64.75651692,0.610659,0.151199996,285,8.9569858,0.09,28.5,156.4416046,125.9599991,38.68999863,689,1.308510638,92.33280182,78.36000061,7.328279972,5.420000076
67,11.86100292,75.899472,Kannur,229,8.497068,119.2279315,16.84292071,29.11107367,61.46599462,0.77799046,0.103200004,180,6.540999889,0.09,29.5,128.8000031,396,39.95949936,598,1.352941176,35.54550171,34.38479996,15.10000038,5.590000153
68,12.25925636,75.4571991,Kannur,404,16.331354,58.05974126,17.52597198,30.03959598,63.35793817,0.751462,0.089000002,510,3.900000095,0.09,35.58000183,324.8599854,196,72.95894623,586,1.419999957,57.12200165,25.5,6.610000134,6.010000229
69,12.25773811,75.383652,Kannur,82,3.9021227,14.72337395,19.48611182,31.52498122,65.7954982,0.662037,0.112000003,842,2.950000048,0.09,45.5,110.5,247,19.85820007,529,1.559999943,26.85000038,53.52000046,4.579999924,5.860000134
70,12.16810608,75.468406,Kannur,53,4.665765,43.38611984,18.63982465,30.2886402,66.84288069,0.6648238,0.1382,224,7.259858131,0.09,75.85279846,125.5296021,85.96900177,61.22520065,332.4159851,1.755319149,117.7243195,31.24880028,5.96999979,5.03000021
71,11.83455753,75.462417,Kannur,19,2.840574,7.967959672,21.92949408,30.78086216,70.64805075,0.58166397,0.25,415,5.170000076,0.09,35.86999893,152.6999969,101.5299988,20.53000069,652,1.809999943,333.5,18.54000092,7.150000095,5.199999809
72,12.22262573,75.431815,Kannur,141,4.6273675,47.05227041,20.42248688,31.6807182,68.20758219,0.67297196,0.095600002,298,7.578800201,0.09,30.52799988,238.694397,120.1999969,52.55199814,269.6960144,1.819148936,29.4951992,24.36590004,5.21999979,5.150000095
73,12.09514809,75.561112,Kannur,69,5.2914786,21.98980677,19.17601061,31.48734252,64.2642136,0.6272815,0.103600003,500,31.29999924,0.09,42.29999924,166.2079926,312,52.65851974,558,2.029411765,49.61600113,57.62820053,12.5,5.829999924
74,11.95443535,75.47009277,Kannur,41,5.4797935,17.8658787,21.24597978,32.18597196,65.21408968,0.5752351,0.095799997,134,2.400000095,0.09,19.60000038,190.0415955,98,41.63000107,547,2.712765957,13.33695984,26.58499908,6.199999809,5.559999943
75,11.99707794,75.449656,Kannur,51,2.9892776,10.2893616,22.32439417,32.13279351,65.84348166,0.7153321,0.050000001,366.6000061,5.699999809,0.09,92,125.8000031,115,62.29000092,204,0.07,6.099999905,23.95899963,5.900000095,5.460000038
76,12.17661572,75.230946,Kannur,20,3.7898154,3.791483879,23.45392288,30.41379305,69.43064263,0.5694444,0.07,456,4.980000019,0.09,69.94999695,212.6999969,98.29000092,39.65999985,220,0.090000004,2,14.5,4.960000038,5.699999809
77,12.19007015,75.262288,Kannur,94,2.9912226,8.671954568,21.90739094,31.21134996,69.36719805,0.5198848,0.07,524,5.349999905,0.09,79.95999908,233.8000031,65.26000214,77.55000305,234,0.400000006,3.5,16.79999924,8.010000229,5.53000021
78,11.9727087,75.414965,Kannur,22,0.92740995,10.2893616,22.32439417,32.13279351,65.84348166,0.7230719,0.079999998,110,3.099999905,0.09,40,351,79,59.81999969,385,2.200000048,6,22.58527946,4.5,5.610000134
79,11.82755947,75.512164,Kannur,39,1.8945283,7.892810106,21.92949408,30.78086216,70.64805075,0.3489196,0.079999998,460,3.799999952,0.09,43.20000076,143.5,98,18.94000053,810,2.400000095,12.5,32.75,8.199999809,6
80,11.74276447,75.560712,Kannur,21,2.081958,8.441144347,21.93108494,30.75358208,73.1514314,0.50980806,0.090000004,1040,3.609999895,0.09,33.70000076,597.7399902,264,69.95999908,720,1.25999999,41.56000137,31.21999931,15.80000019,6.519999981
81,11.85632038,75.439837,Kannur,34,5.2891016,10.46054196,22.01733209,31.7111366,68.33291587,0.7378489,0.090000004,371.1300049,4.010000229,0.09,58.75999832,170.4600067,128.2799988,70.65000153,563,1.460000038,31.12999916,35.25,9.119999886,6.269999981
82,11.98127937,75.475802,Kannur,27,3.823519,17.8658787,21.24597978,32.18597196,65.21408968,0.537131,0.090000004,165,1.950000048,0.09,17.85000038,168.5200043,128,75.66000366,840,1.649999976,6.150000095,16.39999962,4.900000095,5.960000038
83,12.02924633,75.487939,Kannur,16,2.9370599,20.43144166,21.24597978,32.18597196,65.21408968,0.72399855,0.100000001,258,3.589999914,0.09,19.89999962,252.3999939,198,37.52000046,499,1.25999999,46.27999878,30.29000092,5.199999809,5.429999828
84,11.80274963,75.52429962,Kannur,24,1.8543341,7.892810106,21.92949408,30.78086216,70.64805075,0.5677574,0.100000001,500,5.510000229,0.09,63.70000076,162.9600067,108,67.87999725,625,1.440000057,23.07999992,12.25,21.89999962,6.119999886
85,12.04445553,75.337059,Kannur,6,3.9731638,9.428008609,22.7874758,31.25008098,68.82544471,0.42941424,0.100000001,450,4.5,0.09,124.5599976,215.5,262,58.95999908,588,1.600000024,12.46000004,12.22999954,8.399999619,6.150000095
86,11.91850758,75.5619812,Kannur,36,4.21352,17.2865423,20.84691772,32.46917693,65.24169891,0.5795816,0.100000001,820,3.319999933,0.09,18.79999924,170.3399963,146,71.95999908,810,1.730000019,6.119999886,32.29000092,6.699999809,6.340000153
87,11.75338745,75.580951,Kannur,32,0,14.45968193,21.0935016,31.27222779,69.39096055,0.66307473,0.109999999,506,4.860000134,0.09,58.95999908,204,152,70.95999908,324,0.910000026,58.97000122,35.65999985,5.800000191,6.119999886
88,12.12256336,75.505673,Kannur,224,7.3788605,61.76602459,20.20244514,31.43099286,66.02362224,0.53913426,0.109999999,520,6.747139931,0.09,52.39289856,315.2550049,107.5199966,22.95949936,698,1.039999962,58.89550018,28.28499985,7.010000229,5.690000057
89,11.9194994,75.809176,Kannur,169,4.722621,65.48542881,18.77281736,30.95730296,63.47575061,0.57140243,0.109999999,258,5.857999802,0.09,20.65279961,214.3000031,125.5281982,29.85880089,566,1.460000038,31.24699974,31.21509933,3.252500057,5.960000038
90,11.82946968,75.48893738,Kannur,16,0.94752985,7.967959672,21.92949408,30.78086216,70.64805075,0.5478592,0.109999999,646.3099976,9.010000229,0.09,66.66999817,145.1300049,184,65.33000183,610,1.49000001,94.88999939,17.62999916,10.57999992,6.269999981
91,11.82693768,75.451717,Kannur,14,6.224418,7.967959672,21.92949408,30.78086216,70.64805075,0.6587602,0.129999995,405.3999939,4.860000134,0.09,85,179.5,116,22.64999962,645,0.140000001,33.79999924,30.21999931,7.349999905,6.320000172
92,11.90995026,75.75991058,Kannur,104,4.817993,22.35626948,18.77281736,30.95730296,63.47575061,0.527452,0.129999995,524,7.214099884,0.09,69.95800018,305.6220093,95.68199921,62.58520126,712,0.980000019,52.38999939,36.51509857,6.349999905,5.610000134
93,12.04673195,75.482378,Kannur,29,5.4243917,20.43144166,21.24597978,32.18597196,65.21408968,0.52671516,0.140000001,345,5.079999924,0.09,32.56000137,303.5,95.98000336,34.84999847,558,1.200000048,51.40000153,21.53000069,6.739999771,5.599999905
94,11.9676857,75.523244,Kannur,115,0.92740995,19.63823771,21.24597978,32.18597196,65.21408968,0.5764865,0.140000001,666.1900024,5.519999981,0.09,44.75,297.480011,75.34999847,35.68999863,623,4.889999866,60.11999893,39.86000061,5.300000191,5.5
95,12.23117542,75.488505,Kannur,88,0.94894725,49.92389035,18.63982465,30.2886402,66.84288069,0.48037842,0.150000006,314,6.695799828,0.09,55.5289528,225.4700012,65.69499969,51.22000122,236.4499969,0.680000007,23.39999962,26.34799957,6.139999866,5.769999981
96,12.2101583,75.427212,Kannur,86,10.001525,47.05227041,20.42248688,31.6807182,68.20758219,0.72781247,0.167999998,312,7.125279903,0.09,21.5284996,129.5800018,128.2579956,54.54999924,234.5800018,1.559999943,22.22999954,28.96961975,4.980000019,5.400000095
97,12.00445175,75.669632,Kannur,36,2.0823715,17.3895148,20.09892583,33.19815821,62.46473311,0.50615203,0.170000002,354,7.115170002,0.09,35.5895195,258.5,96.92900085,53.69900131,596,0.870000005,36.90000153,52.22520065,5.980000019,5.659999847
98,12.0780409,75.58467865,Kannur,30,5.2913055,21.98980677,19.17601061,31.48734252,64.2642136,0.76387316,0.200000003,452,7.114140034,0.09,50.28527832,396.519989,101.5250015,39.99000168,685,1.559999943,46.52000046,31.28849983,6.690000057,5.929999828
99,12.09592819,75.553993,Kannur,45,4.8211837,21.98980677,19.17601061,31.48734252,64.2642136,0.37285662,0.699999988,245,7.128479958,0.095,54.27999878,136.3600006,100.2279968,56.12250137,285.4700012,2.900000095,15.39999962,11.5,5.958580017,4.800000191
100,12.2178688,75.462458,Kannur,109,5.081269,49.92389035,18.63982465,30.2886402,66.84288069,0.6690519,0.205599993,428,6.147469997,0.1,39.2519989,239.904007,88.98999786,40.252852,257.1520081,1.021276596,23.33967972,20.35499954,6.21999979,5.53000021
101,11.8450613,75.462115,Kannur,28,2.7802885,7.967959672,21.92949408,30.78086216,70.64805075,0.34742212,0.300000012,389,5.849999905,0.1,35.52999878,166.8000031,101.2799988,21.52000046,718,1.730000019,298.2000122,18.55999947,8.119999886,5.269999981
102,12.05772018,75.583714,Kannur,56,2.6512034,21.98980677,19.17601061,31.48734252,64.2642136,0.705676,0.122400001,520,0.845000029,0.1,49.59999847,321.6640015,348,54.58580017,549,2.529411765,32.39039993,53.52199936,46.59999847,5.900000095
103,12.2306757,75.324847,Kannur,164,5.9670544,18.73948801,21.90739094,31.21134996,69.36719805,0.35964423,0.090000004,489,4.230000019,0.1,85.63999939,380.3999939,99.52999878,51.25,279,0.99000001,3.299999952,26.32999992,4.119999886,5.199999809
104,11.86063004,75.50942993,Kannur,22,3.8966937,14.6750499,21.70774494,31.9706402,66.38667776,0.5589537,0.100000001,486.2399902,3.329999924,0.1,45.31000137,147.7400055,157.8899994,68.97000122,890,2.470000029,12.43000031,23.04999924,7.260000229,6.159999847
105,12.00873184,75.495418,Kannur,31,10.756472,20.43144166,21.24597978,32.18597196,65.21408968,0.69478357,0.140000001,412,4.53000021,0.1,29.95999908,198.5599976,97.84999847,39.93000031,574,2.400000095,35.47000122,35.25999832,5.389999866,5.579999924
106,12.15961075,75.495019,Kannur,147,9.859627,43.38611984,18.63982465,30.2886402,66.84288069,0.72534806,0.159999996,524,6.128580093,0.1,70.28199768,131.4700012,100.25,52.58499908,285.6400146,2.099999905,120.1299973,40.28580093,5.869999886,5.230000019
107,12.2500639,75.329308,Kannur,151,4.2177253,10.82304958,21.41198331,31.54112607,66.61067622,0.53105897,0.075000003,125,4.9693652,0.11,96.62000275,256.7000122,78.89585114,48.95999908,501,1.220000029,2.299999952,25.6989994,4.980000019,5.300000191
108,12.00453186,75.683714,Kannur,54,12.200596,17.3895148,20.09892583,33.19815821,62.46473311,0.5984672,0.085600004,460,6.989999771,0.11,122,142.2400055,156,39.95500183,623,1.264705882,23.0496006,40.28580093,8.510000229,6.150000095
109,12.08316231,75.550511,Kannur,71,2.8431787,21.98980677,19.17601061,31.48734252,64.2642136,0.81782347,0.113399997,256,7.259850025,0.11,48.85200119,188.2944031,130.2279968,55.58000183,332.4159851,2.393617021,188.2563171,38.56000137,5.987780094,4.599999905
110,12.15312958,75.45407867,Kannur,92,4.8221707,43.38611984,18.63982465,30.2886402,66.84288069,0.70540315,0.059999999,528,5.980000019,0.11,89.95999908,645.5200195,81.25,71.95999908,581,1.679999948,147.5500031,20.27000046,5.179999828,5.96999979
111,11.7669393,75.610774,Kannur,31,2.6497555,22.99308872,21.0935016,31.27222779,69.39096055,0.6201347,0.07,862.1300049,5.119999886,0.11,49.77999878,500.1300049,215.8999939,65.98999786,710,1.120000005,40.13999939,41.31999969,9.869999886,6.210000038
112,12.19337368,75.40570068,Kannur,59,5.970993,21.83053827,20.42248688,31.6807182,68.20758219,0.6111856,0.07,524,5.599999905,0.11,54.33000183,620.0800171,81.25,82.94999695,685,1.5,6.199999809,49.95999908,6.130000114,5.710000038
113,12.27750015,75.38600159,Kannur,96,13.041124,14.72337395,19.48611182,31.52498122,65.7954982,0.6512368,0.07,750,3.414000034,0.11,34.45999908,121.0999985,315,45.98799896,514,1.610000014,56.31999969,22.25,7.889999866,5.539999962
114,12.20952988,75.280693,Kannur,98,3.3642464,8.309372307,21.90739094,31.21134996,69.36719805,0.40400845,0.079999998,789,5.239999771,0.11,74.20999908,245.5,69.95999908,81.20999908,258,0.430000007,3.099999905,47.56000137,7.889999866,5.369999886
115,11.8333662,75.510855,Kannur,21,4.6273675,7.892810106,21.92949408,30.78086216,70.64805075,0.61987823,0.079999998,405,3.779999971,0.11,44.22999954,146.6000061,126,21.81999969,765,1.899999976,11.25,32.84999847,8.340000153,5.900000095
116,11.87224388,75.438388,Kannur,50,9.510425,10.46054196,22.01733209,31.7111366,68.33291587,0.72330487,0.090000004,368.5,3.119999886,0.11,47.40000153,150.8000031,121,22.96999931,397,1.200000048,31.12999916,24.21999931,7.900000095,6.289999962
117,12.00453186,75.54325104,Kannur,94,2.9370322,23.00406086,21.24597978,32.18597196,65.21408968,0.2511955,0.090000004,1240,6.079999924,0.11,45.5,352.3500061,480,65.84999847,520,5.150000095,50.43999863,13.25,8.409999847,6.25
118,11.74876595,75.561538,Kannur,18,3.7047918,8.441144347,21.93108494,30.75358208,73.1514314,0.6183061,0.100000001,912.460022,3.970000029,0.11,37.13000107,568.8599854,249,71.58999634,810,1.330000043,38.88999939,21.31999969,12.35999966,6.409999847
119,12.25413418,75.46253967,Kannur,268,12.448698,58.05974126,17.52597198,30.03959598,63.35793817,0.6992074,0.100000001,525,3.700000048,0.11,44.47999954,375.6000061,240.5,68.9960022,850,1.700000048,45.52000046,33.20000076,6.039999962,6.119999886
120,11.83876228,75.512236,Kannur,41,3.3906357,7.892810106,21.92949408,30.78086216,70.64805075,0.3837462,0.100000001,345,3.420000076,0.11,43.13999939,156.5,115,18.95999908,682,1.75999999,17.10000038,34,8.260000229,6.119999886
121,11.92965603,75.504707,Kannur,46,5.6269484,16.04581845,21.70774494,31.9706402,66.38667776,0.5077299,0.119999997,1200,3.779999971,0.11,27.89999962,273.8399963,180,77.69999695,596,2.619999886,107.8000031,10.61999989,8.720000267,6.389999866
122,12.03287983,75.736585,Kannur,75,6.22539,22.26030779,20.09892583,33.19815821,62.46473311,0.8341118,0.129999995,327,6.221700191,0.11,45.28527832,245.6519928,88.95899963,56.99599838,622,1.419999957,45.28580093,48.9396286,5.559999943,6.039999962
123,12.20413113,75.44369507,Kannur,107,2.651947,47.05227041,20.42248688,31.6807182,68.20758219,0.7215971,0.150000006,304,7.111852169,0.11,35.5625,195.6799927,100.2200012,41.25849915,256.480011,1.649999976,22.55999947,17.54800034,5.869999886,5.300000191
124,12.07651234,75.55905914,Kannur,29,2.7802885,21.98980677,19.17601061,31.48734252,64.2642136,0.48203593,0.170000002,562,6.247399807,0.11,36.92919922,400.25,90.48500061,31.28528023,785,1.279999971,49.96900177,30.25581932,6.449999809,5.619999886
125,12.03977203,75.409433,Kannur,76,3.3635685,19.96178651,22.32439417,32.13279351,65.84348166,0.6490231,0.209999993,496,6.871711731,0.11,60.25,110,89.99900055,50.22999954,504,2.700000048,172.3000031,65.85900116,5.110000134,5.5
126,12.08372021,75.562311,Kannur,62,2.7802885,21.98980677,19.17601061,31.48734252,64.2642136,0.6141072,1.200000048,285,8.415184975,0.12,28.28499985,158.5899963,98.58999634,45.54999924,321.9599915,2.200000048,11.89000034,10.39999962,6.958220005,5.099999905
127,12.25090122,75.343527,Kannur,162,2.652186,10.82304958,21.41198331,31.54112607,66.61067622,0.5132209,0.07,136,4.5985878,0.12,89.95999908,302.8500061,82.69200134,57.54999924,238,0.800000012,0.99000001,23.18000031,4.320000172,5.550000191
128,12.18910027,75.40550232,Kannur,74,12.742886,21.83053827,20.42248688,31.6807182,68.20758219,0.64473116,0.07,624,5.659999847,0.12,41.22999954,650.2800293,75.55999756,84.12999725,698,2.099999905,4.699999809,52.25,5.980000019,5.869999886
129,12.16038036,75.33654785,Kannur,112,4.7227902,10.14785194,21.90739094,31.21134996,69.36719805,0.4484635,0.079999998,840,5.690000057,0.12,58.86000061,696.8599854,76.26000214,78.84999847,365,0.99000001,193.2599945,27.29000092,5.659999847,6.210000038
130,12.08038998,75.54766666,Kannur,106,10.265973,34.02769828,20.20244514,31.43099286,66.02362224,0.5801919,0.090000004,410,5.958499908,0.12,37.68000031,152.4799957,275,57.12857819,615,1.889999986,35.63999939,46.95500183,8.539999962,5.869999886
131,12.20866585,75.460356,Kannur,109,5.292625,49.92389035,18.63982465,30.2886402,66.84288069,0.65425843,0.109999999,458,4.895874977,0.12,35.25799942,215.4700012,135.85282,54.88399887,658,1.75999999,26.63999939,35.3219986,5.420000076,5.909999847
132,12.04835987,75.358597,Kannur,65,12.025895,11.96176755,22.32439417,32.13279351,65.84348166,0.465478,0.109999999,520,4.110000134,0.12,66.5,218.3999939,288,61.63000107,564,1.879999995,15.5,12.40999985,8.800000191,6.309999943
133,11.80761242,75.602042,Kannur,29,0.9474539,24.0844717,21.0935016,31.27222779,69.39096055,0.69249314,0.122000001,256.4299927,2.25999999,0.12,27.57999992,98.62000275,125,25.85820007,195,0.072999999,32.41999817,28.81999969,3.119999886,5.650000095
134,12.02634525,75.730004,Kannur,49,8.497319,22.26030779,20.09892583,33.19815821,62.46473311,0.7095373,0.129999995,110,5.800000191,0.12,36.29999924,110.5,148,29.85820007,215,0.819999993,34.27999878,52.25249863,7.400000095,5.679999828
135,11.9007864,75.442642,Kannur,30,5.7430086,10.16026856,22.01733209,31.7111366,68.33291587,0.5506888,0.150000006,998.75,3.329999924,0.12,20.45999908,351.1700134,125.6299973,85.62000275,580,1.889999986,88.87000275,30.25,4.949999809,6.269999981
136,11.97421837,75.5301001,Kannur,71,6.760027,19.63823771,21.24597978,32.18597196,65.21408968,0.4587745,0.170000002,650.4799805,5.829999924,0.12,45.45000076,345.1600037,82.33000183,47.22000122,599,3.5,58.5,41.84999847,5.989999771,5.699999809
137,12.12776089,75.4639974,Kannur,177,5.999841,38.06579638,20.20244514,31.43099286,66.02362224,0.6320331,0.209999993,412,6.1117741,0.12,39.99200058,214.2200012,124.5279999,24.5984993,217,0.876999974,52.3219986,26.35280037,7.139999866,5.730000019
138,12.03692722,75.465845,Kannur,75,6.532874,20.43144166,21.24597978,32.18597196,65.21408968,0.76052064,0.093000002,301,5.514110088,0.126,45.99000168,326.5,98.97000122,32.97000122,245,0.879000008,47.93690109,20.25620079,7.139999866,5.489999771
139,11.99068737,75.653233,Kannur,49,7.761128,19.0768224,20.09892583,33.19815821,62.46473311,0.6718622,0.123000003,286,5.985000134,0.13,55.85200119,80.44999695,82.51999664,55.85800171,196.3399963,0.660000026,8.399999619,36.18000031,8.399999619,5.610000134
140,12.08259964,75.5963974,Kannur,57,15.503855,21.98980677,19.17601061,31.48734252,64.2642136,0.67534155,0.239999995,212,6.417469978,0.13,28.28280067,318.5549927,85.89279938,27.85950089,588,0.99000001,35.65200043,50.22579956,6.070000172,5.119999886
141,12.04642487,75.586448,Kannur,38,5.9987173,32.37979555,20.3084248,32.81704207,64.75651692,0.72320354,0.133000001,359,8.24741745,0.13,36.35628128,158.9680023,108.5279999,40.66899872,614,1.279999971,86.66999817,72.35224915,6.958479881,5.360000134
142,12.03955269,75.657791,Kannur,39,6.6726093,17.3895148,20.09892583,33.19815821,62.46473311,0.8084912,0.230000004,456,7.188399792,0.13,56.38219833,156.4700012,104.625,43.54999924,215.4799957,1.350000024,56.88999939,55.68399811,6.217169762,5.599999905
143,11.8790102,75.444811,Kannur,33,3.9719274,10.46054196,22.01733209,31.7111366,68.33291587,0.55616784,0.085000001,311.6400146,3.150000095,0.13,51.45999908,125.6999969,97,27.59000015,533,1.360000014,22.39999962,30.25099945,7.199999809,6.489999771
144,12.13680363,75.301401,Kannur,29,3.789247,9.60625571,22.6973224,31.52068218,68.47627566,0.40925267,0.730000019,396,5.58781004,0.13,75.51999664,682.5,99.95980072,58.95999908,566,1.389999986,0.720000029,21.25620079,3.650000095,6.079999924
145,12.12426472,75.477368,Kannur,159,1.3264799,38.06579638,20.20244514,31.43099286,66.02362224,0.27353236,0.152199998,360,12.30000019,0.13,23.79999924,238.447998,168,25.88199997,627,2.029411765,4.636799812,53.2521019,12.89999962,5.820000172
146,12.28393364,75.395298,Kannur,95,6.6061997,14.72337395,19.48611182,31.52498122,65.7954982,0.788006,0.381799996,405,5.511140823,0.13,35.65219879,433.4400024,95.82228088,51.55899811,319.8720093,2.393617021,410.88096,24.25,4.119999886,5.239999771
147,12.02154547,75.666425,Kannur,57,8.821094,17.3895148,20.09892583,33.19815821,62.46473311,0.6541197,0.086599998,800,3.799999952,0.13,46,204.2879944,264,61.28258514,526,2.441176471,24.95359993,51.52199936,50.20000076,6.099999905
148,12.14203644,75.289526,Kannur,21,4.695107,5.595197171,22.6973224,31.52068218,68.47627566,0.61876726,0.079999998,212,6.010000229,0.13,65.27999878,281.7999878,54.52000046,85.95999908,285,0.769999981,17.70000076,27.70000076,8.050000191,6.099999905
149,11.92768002,75.462325,Kannur,11,6.6062703,15.02618396,21.70774494,31.9706402,66.38667776,0.4705452,0.090000004,461,2.5,0.13,44.5,410.5,128,38.95000076,520,1.75,93.30000305,25.52519989,3.599999905,6.099999905
150,12.09093571,75.55283356,Kannur,41,4.731875,21.98980677,19.17601061,31.48734252,64.2642136,0.6532753,0.090000004,452,7.5,0.13,41.09999847,152.4299927,105.25,31.28528023,702,1.850000024,52.68000031,55.65800095,9.600000381,5.699999809
151,12.22579002,75.3326416,Kannur,61,3.3940544,18.73948801,21.90739094,31.21134996,69.36719805,0.7068878,0.090000004,758,5.849999905,0.13,89.58999634,405.6199951,96.25,75.65000153,601,1.929999948,815.9899902,48.59999847,5.989999771,5.190000057
152,11.92533493,75.508612,Kannur,69,6.464861,16.04581845,21.70774494,31.9706402,66.38667776,0.7215118,0.119999997,415.480011,5.199999809,0.13,73.40000153,176.2799988,118,28.95999908,524,1.5,36.77999878,31.25,8.100000381,6.420000076
153,12.01678276,75.512418,Kannur,39,0,23.00406086,21.24597978,32.18597196,65.21408968,0.6977792,0.140000001,579,5.170000076,0.13,38.52999878,165.4900055,124.2799988,45.63000107,534,1.789999962,32.31999969,25.75,5.849999905,5.699999809
154,11.91622829,75.454267,Kannur,33,8.024811,15.02618396,21.70774494,31.9706402,66.38667776,0.5805903,0.150000006,385,2.700000048,0.13,38.79999924,312.5,124,50.59000015,574,1.799999952,86,15.32258034,3.099999905,6.150000095
155,12.05785847,75.40538025,Kannur,16,6.6730456,22.7569645,21.27937417,31.83009517,67.89460079,0.48667386,0.150000006,471,6.849999905,0.13,51.29000092,170.6000061,85.52999878,72.95999908,526,2.700000048,150.3999939,21.86000061,5.110000134,5.400000095
156,11.96361923,75.513371,Kannur,41,7.2709956,19.63823771,21.24597978,32.18597196,65.21408968,0.6280816,0.150000006,592.3400269,5.599999905,0.13,42.20999908,212.3999939,122.4000015,38.93000031,578,3.400000095,55.47000122,35.50999832,4.900000095,5.099999905
157,11.83256435,75.4728241,Kannur,17,4.727382,7.967959672,21.92949408,30.78086216,70.64805075,0.60418516,0.159999996,359,6.949999809,0.13,39.93000031,142.3999939,122.6299973,22.96999931,721,1.090000033,86.69999695,24.14999962,7.960000038,5.449999809
158,11.94229507,75.466735,Kannur,48,1.8953282,15.02618396,21.70774494,31.9706402,66.38667776,0.7043902,0.200000003,125,3,0.13,10.39999962,173.3999939,153,31.95000076,510,2.700000048,11.5,23.69594955,6.269999981,5.699999809
159,12.00445175,75.669632,Kannur,36,2.0823715,17.3895148,20.09892583,33.19815821,62.46473311,0.50615203,0.098999999,315,6.214399815,0.14,30.28528023,345.8200073,100.9690018,28.99500084,599,1.580000043,31.20999908,55.85800171,6.21999979,6.130000114
160,12.2677872,75.363038,Kannur,62,5.0820994,14.72337395,19.48611182,31.52498122,65.7954982,0.53369987,0.093199998,880,3.410000086,0.14,42.09999847,120.7360001,324,25.85820007,635,1.735294118,17.85199928,44.32527924,5.429999828,6.190000057
161,12.03732872,75.392777,Kannur,12,1.3262597,11.96176755,22.32439417,32.13279351,65.84348166,0.7114776,0.131200001,358,7.244800091,0.14,55.56000137,178.8863983,99.95200348,53.13999939,527,2.64893617,109.2604828,75.90000153,4.980000019,5.349999905
162,12.14117241,75.302884,Kannur,21,7.6012473,9.60625571,22.6973224,31.52068218,68.47627566,0.41079897,0.079999998,228,5.985799789,0.14,80.58999634,636.2000122,85.6289978,50.29999924,539,1.279999971,0.75,17.85858917,4.110000134,6.150000095
163,11.87907219,75.433837,Kannur,25,4.8174696,10.46054196,22.01733209,31.7111366,68.33291587,0.4548143,0.159999996,655,4.429999828,0.14,35.5,278.3999939,108,34.84999847,528,2.400000095,82.80000305,32.85800171,3.700000048,6.179999828
164,12.14028454,75.4227829,Kannur,27,8.030632,25.59272635,21.27937417,31.83009517,67.89460079,0.67315173,0.170000002,315,2.579999924,0.14,31.20999908,55.36000061,99.97000122,32.95000076,528,1.460000038,28.5,24.5,3.960000038,5.550000191
165,12.08366585,75.329478,Kannur,76,2.9371219,9.119403295,22.6973224,31.52068218,68.47627566,0.498103,0.189999998,298,5.158579826,0.14,85.95999908,240.4199982,65.22000122,51.29000092,748,5.300000191,59.40000153,28.58499908,6.25,5.699999809
166,11.98489285,75.555641,Kannur,44,14.987417,26.28952253,20.3084248,32.81704207,64.75651692,0.72273785,0.200000003,459,5.320000172,0.14,35.25,185.7400055,109,48.25,554,2.039999962,38.29000092,31.25,5.360000134,4.710000038
167,11.9583292,75.464343,Kannur,57,1.3260615,17.8658787,21.24597978,32.18597196,65.21408968,0.51498127,0.289999992,405.3999939,6.300000191,0.15,98.40000153,496.6000061,136,47.86000061,496,0.096000001,33.40000153,17.29999924,6.900000095,5.53000021
168,12.19108009,75.4719696,Kannur,104,12.513834,43.38611984,18.63982465,30.2886402,66.84288069,0.51221347,0.029999999,1012,5.210000038,0.15,100.2200012,282.1099854,96.25,62.84999847,319,0.99000001,531.2999878,12.27999973,5.199999809,5.510000229
169,11.92029285,75.459189,Kannur,31,5.076404,15.02618396,21.70774494,31.9706402,66.38667776,0.6204986,0.092,450,2.299999952,0.15,38.79999924,372.4599915,107,45.59000015,536,1.919999957,91.09999847,21.74740028,3.299999952,6.199999809
170,12.16666889,75.494681,Kannur,152,24.060314,43.38611984,18.63982465,30.2886402,66.84288069,0.6533606,0.106200002,569,7.04181385,0.15,65.25827789,374.3039856,78.99500275,61.99499893,370.0480042,2.585106383,76.4310379,48.36500168,5.889999866,5.78000021
171,12.26422119,75.355818,Kannur,65,6.7651377,14.72337395,19.48611182,31.52498122,65.7954982,0.5532274,0.186000004,312,5.411699772,0.15,29.92962074,255.6000061,99.85279846,52.66899872,272.1400146,2.75,31.84000015,25.64999962,3.890000105,5.300000191
172,12.19449043,75.50765228,Kannur,249,25.338339,83.29215384,18.63982465,30.2886402,66.84288069,0.7618748,0.050000001,640,5.550000191,0.15,97.58999634,326.5899963,79.87999725,58.95999908,566,1.549999952,1435.339966,15.46000004,5.769999981,6.329999924
173,12.14556885,75.287932,Kannur,36,7.9099894,5.595197171,22.6973224,31.52068218,68.47627566,0.6418805,0.079999998,301,5.409999847,0.15,85.62999725,310.5,59.95999908,81.25,271,0.75,20.10000038,25.10000038,8.140000343,5.900000095
174,12.21817017,75.30281067,Kannur,135,1.3267195,18.73948801,21.90739094,31.21134996,69.36719805,0.6375497,0.079999998,712,6.039999962,0.15,82.36000061,388.1199951,112.5299988,81.69999695,554,1.019999981,707.8800049,36.99000168,6.010000229,5.230000019
175,11.76256371,75.640085,Kannur,44,5.626852,22.99308872,21.0935016,31.27222779,69.39096055,0.61840695,0.090000004,489.980011,2.75999999,0.15,24.12000084,86.33999634,278,63.00999832,595,0.860000014,50.40999985,33.36000061,8.31000042,6.150000095
176,12.24569511,75.35931396,Kannur,230,5.547545,22.76787436,20.42248688,31.6807182,68.20758219,0.50489646,0.109999999,204,4.1858548,0.15,75.52999878,689.2999878,91.25820923,52.36999893,528,1.070000052,0.949999988,26.95899963,3.960000038,6.420000076
177,11.82967091,75.493474,Kannur,13,0.92740995,7.967959672,21.92949408,30.78086216,70.64805075,0.55967414,0.109999999,452,5.869999886,0.15,42.93000031,136.8200073,130.2200012,21.96999931,655,1.120000005,87.19999695,31.25,7.289999962,5.53000021
178,11.83222771,75.454576,Kannur,26,0.92740995,7.967959672,21.92949408,30.78086216,70.64805075,0.39913753,0.119999997,395.7799988,5.099999905,0.15,101,182.1999969,115,27.54999924,627,1.370000005,42.09999847,31.21999931,8.600000381,6.429999828
179,11.91705513,75.507207,Kannur,101,7.2987833,16.04581845,21.70774494,31.9706402,66.38667776,0.62527716,0.119999997,324.1499939,5.300000191,0.15,85.40000153,432.769989,98.63999939,28.54999924,601,2.900000095,11.02999973,34.11999893,7.579999924,5.760000229
180,11.91701794,75.506283,Kannur,101,3.7861617,16.04581845,21.70774494,31.9706402,66.38667776,0.61121094,0.119999997,1176.51001,4.090000153,0.15,22.20000076,255.5,202.6300049,65.33000183,617,4.099999905,95.43000031,17.60000038,7.269999981,6.329999924
181,11.9986248,75.73169708,Kannur,51,1.8543341,17.66983283,20.09892583,33.19815821,62.46473311,0.69904095,0.150000006,402,6.100413799,0.15,58.259852,268.5280151,89.94999695,65.58850098,785,1.25,48.99599838,35.63225174,6.449999809,5.869999886
182,11.84430218,75.530157,Kannur,45,0.92740995,7.892810106,21.92949408,30.78086216,70.64805075,0.5062732,0.159999996,184,2.579999924,0.15,19.79999924,62.5,122,41.29000092,389,2.099999905,12.39999962,28.53000069,10.03999996,5.829999924
183,11.89894485,75.430633,Kannur,35,4.213278,10.46054196,22.01733209,31.7111366,68.33291587,0.46867856,0.159999996,1300,4.739999771,0.15,21.79999924,362.4299927,348,86.95999908,599,2.119999886,96.27999878,33.63000107,4.650000095,6.380000114
184,12.22844696,75.478743,Kannur,112,11.883978,49.92389035,18.63982465,30.2886402,66.84288069,0.76774603,0.209999993,259,6.528739929,0.15,52.23519897,215.3999939,80.22799683,36.96900177,255.6799927,0.949999988,23.36000061,25.345548,5.880000114,5.360000134
185,11.99684811,75.667049,Kannur,39,9.785564,19.0768224,20.09892583,33.19815821,62.46473311,0.50395256,0.103799999,210,6.247399807,0.16,60.28519821,214.3679962,97.25,49.95000076,263.4240112,1.787234043,17.95359993,31.28960037,7.866000175,5.130000114
186,11.88987732,75.487219,Kannur,25,6.5328007,14.93052262,21.70774494,31.9706402,66.38667776,0.57665074,0.075000003,396,4.547399998,0.16,38.83000183,412.7999878,104.8219986,31.95999908,407,1.998999953,52.36000061,22.52799988,6.039999962,5.78000021
187,12.08963299,75.34725952,Kannur,17,5.424627,9.119403295,22.6973224,31.52068218,68.47627566,0.47787282,0.171000004,287,5.199999809,0.16,62.22999954,158.3999939,92.22000122,52.70000076,658,3.200000048,62.61999893,84,5.239999771,5.429999828
188,12.04333687,75.642609,Kannur,54,3.3924272,29.25878406,20.3084248,32.81704207,64.75651692,0.5492795,0.094999999,650,4.5,0.16,45.59999847,185.6000061,130.2250061,64.25858307,526,3.200000048,22.39999962,41.25252151,9.979999542,5.960000038
189,12.07117367,75.3151474,Kannur,29,4.694301,9.119403295,22.6973224,31.52068218,68.47627566,0.6598457,0.090000004,610,6.039999962,0.16,78.22000122,656.4099731,81.27999878,52,584,1.899999976,1074.880005,26.53000069,6.090000153,5.230000019
190,11.83300495,75.45591736,Kannur,20,3.3627574,7.967959672,21.92949408,30.78086216,70.64805075,0.47470886,0.109999999,420,5.139999866,0.16,120,175.3899994,132,60.52000046,599,1.559999943,40.00999832,21.28000069,8.729999542,6.510000229
191,12.05804729,75.30115509,Kannur,16,2.0824575,9.119403295,22.6973224,31.52068218,68.47627566,0.5491616,0.109999999,620,2.190000057,0.16,25.79999924,310.6199951,128,48.91999817,605.3900146,1.629999995,16.31999969,2.869999886,2.75,6.119999886
192,11.90175915,75.446008,Kannur,26,2.109508,10.16026856,22.01733209,31.7111366,68.33291587,0.65684134,0.109999999,500,2.549999952,0.16,55.20000076,435.1199951,156,68.95999908,498,1.879999995,96.76999664,25.25,2.319999933,6.300000191
193,11.89587593,75.429479,Kannur,34,5.7429066,10.46054196,22.01733209,31.7111366,68.33291587,0.5443645,0.159999996,850,4.710000038,0.16,22,350.6000061,125,35.99000168,539,2.099999905,95.19999695,19.95199966,4.900000095,6.300000191
194,11.92010021,75.76909637,Kannur,103,5.9969883,22.35626948,18.77281736,30.95730296,63.47575061,0.78698736,0.170000002,301,6.174739838,0.16,85.98999786,389.5220032,112.2279968,75.55200195,659,1.129999995,87.58499908,29.65800095,5.840000153,6.119999886
195,12.04454613,75.458471,Kannur,32,8.597412,20.43144166,21.24597978,32.18597196,65.21408968,0.68892205,0.086000003,259,5.358479977,0.164,60.52999878,349.7000122,119.9580002,51.52999878,284,0.99000001,58.36000061,18.25620079,6.849999905,5.590000153
196,12.13704872,75.292825,Kannur,55,13.7951765,5.595197171,22.6973224,31.52068218,68.47627566,0.6788793,0.082599998,569,5.958799839,0.17,80.83000183,279.1488037,101.2200012,47.54999924,275,0.829787234,18.46656036,27.89999962,3.579999924,6.039999962
197,12.20198345,75.45622253,Kannur,112,5.2925572,49.92389035,18.63982465,30.2886402,66.84288069,0.7347204,0.230000004,328,6.844771385,0.17,41.2851181,256.7900085,95.85800171,41.36968994,261.75,1.25999999,22.79999924,14.63199997,6.099999905,5.400000095
198,11.96548843,75.443125,Kannur,22,4.214111,10.2893616,22.32439417,32.13279351,65.84348166,0.58396345,0.409999996,490,6.800000191,0.17,101.5999985,572.7999878,185,49.95999908,533,1.299999952,41.59999847,20.10000038,7.199999809,5.699999809
199,12.04589081,75.638375,Kannur,35,6.5328784,29.25878406,20.3084248,32.81704207,64.75651692,0.4204175,0.280000001,502,7.3958548,0.17,60.28519821,145.8000031,125.5579987,42.68999863,208.2700043,1.720000029,48.61999893,62.2577889,6.385099888,5.449999809
200,11.87828541,75.48348236,Kannur,26,2.082171,14.93052262,21.70774494,31.9706402,66.38667776,0.6244474,0.059999999,401,4.1525285,0.17,45.86000061,462.5,126.9899979,28.95000076,498,2.039999962,45.88999939,32.58499908,5.579999924,5.75
201,12.0459404,75.42778015,Kannur,78,4.9976397,19.96178651,22.32439417,32.13279351,65.84348166,0.63912,0.07,885,5.590000153,0.17,69.95999908,561.7000122,78.22000122,60.95999908,289,0.819999993,484.75,25.54999924,5.579999924,5.320000172
202,11.76576328,75.639227,Kannur,26,2.9367647,22.99308872,21.0935016,31.27222779,69.39096055,0.65936416,0.079999998,580,3.109999895,0.17,26.89999962,79.86000061,252,64.86000061,586,0.790000021,41.77999878,35.25999832,6.880000114,6.019999981
203,12.05804729,75.30115509,Kannur,16,2.0824575,9.119403295,22.6973224,31.52068218,68.47627566,0.5491616,0.090000004,425,6.980000019,0.17,46.27999878,350.3999939,88.95999908,76.95999908,304,0.899999976,25.5,26.39999962,8.100000381,5.75
204,12.0593214,75.30950928,Kannur,65,1.3263159,9.119403295,22.6973224,31.52068218,68.47627566,0.71660465,0.100000001,560,2.319999933,0.17,14.39999962,173.2299957,130,61.84999847,588.1300049,0.829999983,15.26000023,2.75999999,3.319999933,6.130000114
205,11.88117981,75.50427246,Kannur,17,2.6503193,14.6750499,21.70774494,31.9706402,66.38667776,0.695581,0.100000001,320,4.28000021,0.17,82.5,266,228,70.04000092,710,1.409999967,22.12999916,22.25,9.050000191,6.210000038
206,12.13016891,75.431188,Kannur,150,5.747747,25.59272635,21.27937417,31.83009517,67.89460079,0.58360845,0.109999999,225,2.99000001,0.17,18.32999992,85.19999695,98.98999786,35.97000122,587,2.039999962,28.95999908,15.22999954,5.96999979,5.619999886
207,11.99783134,75.540336,Kannur,54,13.167036,19.63823771,21.24597978,32.18597196,65.21408968,0.6960261,0.189999998,521,5.550000191,0.17,28.82999992,195.8200073,99.98000336,47.95000076,605,2.309999943,28.59000015,30.22999954,5.039999962,4.489999771
208,12.04137516,75.452087,Kannur,23,7.052617,20.43144166,21.24597978,32.18597196,65.21408968,0.63313365,0.07,289,5.128479958,0.173,55.52999878,363.9599915,138.9920044,46.95999908,435,1.320000052,96.65440369,21.59499931,6.690000057,5.679999828
209,12.14000988,75.288441,Kannur,16,4.695085,5.595197171,22.6973224,31.52068218,68.47627566,0.49743414,0.085000001,528,6.148525238,0.18,73.52999878,250.1399994,125.5214996,41.93000031,293,0.850000024,19.10000038,26.62000084,4.28000021,6.099999905
210,12.04874039,75.45796967,Kannur,16,1.3262892,20.43144166,21.24597978,32.18597196,65.21408968,0.62751496,0.050000001,915,5.389999866,0.18,82.26999664,504.3999939,82.51999664,59.86000061,254,0.870000005,254.6100006,22.64999962,5.25,5.760000229
211,12.04255009,75.39512634,Kannur,35,15.265201,11.96176755,22.32439417,32.13279351,65.84348166,0.6531669,0.079999998,660,5.460000038,0.18,78.58000183,712.2999878,58.52999878,64.84999847,312,0.689999998,605.289978,24.21999931,5.559999943,5.190000057
212,11.80811024,75.54823303,Kannur,33,2.0820603,7.892810106,21.92949408,30.78086216,70.64805075,0.62867576,0.129999995,220,2.700000048,0.18,30.10000038,66.52999878,144,68.97000122,450,1.820000052,13.75,12.89000034,12,5.809999943
213,12.24911976,75.46350861,Kannur,405,35.24817,49.92389035,18.63982465,30.2886402,66.84288069,0.7289764,0.140000001,475.8599854,4.099999905,0.18,36.36000061,355.8900146,212.4499969,65.85800171,756,1.24000001,56.28900146,25.46999931,5.579999924,6.090000153
214,11.90420628,75.44825745,Kannur,25,3.9721131,10.16026856,22.01733209,31.7111366,68.33291587,0.5994134,0.140000001,358,2.349999905,0.18,36.90000153,176.6999969,111,39.97000122,517,1.700000048,87.80000305,16.0510006,2.779999971,6.079999924
215,11.88339996,75.83699799,Kannur,112,4.1588726,118.0600338,18.77281736,30.95730296,63.47575061,0.48105863,0.180000007,411,6.958479881,0.18,79.95899963,401.2619934,121.9684982,61.55519867,218,0.959999979,85.25,24.5874691,5.519999981,6.239999771
216,11.85287189,75.461304,Kannur,25,7.7574563,14.93052262,21.70774494,31.9706402,66.38667776,0.5102764,0.209999993,285,6.150000095,0.18,29.64999962,148.1000061,112.2799988,20.89999962,689,1.299999952,75.5,22.86000061,8.449999809,5.5
217,12.00546932,75.433224,Kannur,22,6.73259,19.96178651,22.32439417,32.13279351,65.84348166,0.5251387,0.071999997,415.5,5.300000191,0.19,110,123.4599991,212,49.99000168,189,0.086000003,5.980000019,21.52199936,6.800000191,5.300000191
218,12.01017857,75.412033,Kannur,15,3.363452,19.96178651,22.32439417,32.13279351,65.84348166,0.50989634,0.345999986,521,6.185880184,0.19,61.52999878,675.7631836,86.51999664,48.74000168,542,1.212765957,23.85264015,18.60000038,6.579999924,5.659999847
219,12.20999146,75.413771,Kannur,74,5.971143,47.05227041,20.42248688,31.6807182,68.20758219,0.69904196,0.108000003,245,6.174170017,0.19,18.32519913,152.4700012,130.2200012,39.99000168,222.4199982,2.519999981,31.34000015,20.52549934,4.519999981,5.260000229
220,12.04539108,75.436983,Kannur,57,2.9897592,19.96178651,22.32439417,32.13279351,65.84348166,0.6994931,0.050000001,501,5.960000038,0.19,55.86000061,490.7000122,79.84999847,59.25,569,1.889999986,58.52000046,32.52999878,5.199999809,5.800000191
221,12.13930035,75.28569794,Kannur,7,0.92740995,5.595197171,22.6973224,31.52068218,68.47627566,0.6545577,0.079999998,295,5.849999905,0.19,72.27999878,286.6900024,98.87999725,79.66000366,301,0.800000012,19.29999924,26.39999962,8.979999542,5.789999962
222,12.25800037,75.31053925,Kannur,143,2.652223,10.82304958,21.41198331,31.54112607,66.61067622,0.4213092,0.090000004,258,5.130000114,0.19,28.85000038,374.4299927,115.25,83.18000031,607,1.860000014,2.769999981,35.63000107,6.119999886,5.210000038
223,12.28040981,75.38259888,Kannur,59,3.9749608,14.72337395,19.48611182,31.52498122,65.7954982,0.5938452,0.100000001,825,4,0.19,39.5,120,420,76.66899872,578,2.099999905,47.52000046,14.32849979,6.980000019,5.519999981
224,11.91453362,75.458053,Kannur,37,7.1577063,15.02618396,21.70774494,31.9706402,66.38667776,0.57518363,0.109999999,476.1300049,3.710000038,0.19,53.41999817,445.7900085,114.5299988,64.29000092,566,1.75,89.76000214,24.86000061,4.440000057,6.099999905
225,11.82405758,75.514762,Kannur,38,4.722555,7.892810106,21.92949408,30.78086216,70.64805075,0.5756605,0.159999996,298.4599915,3.299999952,0.19,35.75,128.2700043,98,31.28000069,555,2.5,22.39999962,31.52000046,8.100000381,5.800000191
226,12.12025928,75.421552,Kannur,112,5.4822946,25.59272635,21.27937417,31.83009517,67.89460079,0.7144917,0.189999998,298,3.039999962,0.19,29.95000076,79.94999695,89.97000122,46.68999863,514,1.529999971,34.25,18.95999908,6.260000229,6.039999962
227,12.04312992,75.441356,Kannur,36,1.3262745,19.96178651,22.32439417,32.13279351,65.84348166,0.40802556,0.07,658,6.170000076,0.2,60.91999817,350.4500122,94.27999878,54.65999985,612,1.230000019,50,31.59000015,4.980000019,5.699999809
228,12.00953102,75.411948,Kannur,9,10.492525,19.96178651,22.32439417,32.13279351,65.84348166,0.71924525,0.079999998,580,7.940000057,0.2,102.0999985,113.3399963,264,65.52999878,590,0.850000024,6.800000191,34.20999908,7.96999979,5.590000153
229,12.19960022,75.24085999,Kannur,47,6.863567,3.791483879,23.45392288,30.41379305,69.43064263,0.5779157,0.079999998,550,6.409999847,0.2,96.25,712.0300293,115.25,78.95999908,528,0.980000019,571.9500122,29.54999924,5.960000038,5.300000191
230,11.83705997,75.539331,Kannur,51,4.6636505,7.892810106,21.92949408,30.78086216,70.64805075,0.66077864,0.129999995,211,2.559999943,0.2,25.79999924,63.36000061,126,35.88999939,368,1.830000043,12.75,23.55999947,9.550000191,5.760000229
231,12.08555317,75.342868,Kannur,22,3.788524,9.119403295,22.6973224,31.52068218,68.47627566,0.36977604,0.165999994,304,5.340000153,0.2,78.52999878,198.4700012,114.2819977,55.95999908,689,9.479999542,63.36000061,18.96899986,6.349999905,5.619999886
232,12.25380039,75.32759857,Kannur,159,4.8239303,10.82304958,21.41198331,31.54112607,66.61067622,0.46256924,0.090000004,528,5.889999866,0.21,45.22000122,381.8999939,98.23000336,85.16999817,751,1.899999976,3.660000086,52.25,6.630000114,5.329999924
233,11.98827457,75.538497,Kannur,51,2.8421783,19.63823771,21.24597978,32.18597196,65.21408968,0.59864795,0.119999997,890,5.699999809,0.21,49.68000031,410.5,121,43.97000122,712,4.599999905,65.59999847,32.40999985,6.900000095,5.900000095
234,12.0146656,75.419985,Kannur,18,3.8987756,19.96178651,22.32439417,32.13279351,65.84348166,0.62192816,0.079999998,398,6.699999809,0.22,105.6999969,120.4000015,132.5,51.52000046,228,0.090000004,7.099999905,22.58799934,7.989999771,5.599999905
235,11.86931992,75.53874969,Kannur,23,2.1093068,14.6750499,21.70774494,31.9706402,66.38667776,0.6700299,0.090000004,800,3.460000038,0.22,32.90000153,451.019989,228,74.65000153,720,1.149999976,20.46999931,24.26000023,5.579999924,6.300000191
236,12.25469971,75.32299805,Kannur,168,4.6273675,10.82304958,21.41198331,31.54112607,66.61067622,0.38032258,0.090000004,304,5.960000038,0.22,31.53000069,380.0700073,99.98999786,80.94999695,653,2.099999905,4.829999924,45.27000046,5.989999771,5.25
237,11.97307014,75.430683,Kannur,24,3.9726274,10.2893616,22.32439417,32.13279351,65.84348166,0.5916571,0.446999997,210,3.099999905,0.23,46,737.4528198,71,65.55000305,333,2.106382979,244.1689606,19.75251961,3.900000095,6.320000172
238,12.13350964,75.44151306,Kannur,191,8.275947,25.59272635,21.27937417,31.83009517,67.89460079,0.7419759,0.050000001,605,5.610000134,0.24,81.25,404.9500122,79.51999664,69.40000153,298,0.649999976,511.0400085,22.26000023,6.010000229,5.289999962
239,12.13609982,75.30462646,Kannur,19,4.6950407,9.60625571,22.6973224,31.52068218,68.47627566,0.46816334,0.07,850,5.420000076,0.24,91.29000092,365.0299988,96.33000183,81.25,528,1.899999976,606.5,36.27999878,5.449999809,5.550000191
240,12.08608723,75.318633,Kannur,77,4.21563,9.119403295,22.6973224,31.52068218,68.47627566,0.73373634,0.079999998,358,5.184470177,0.24,98.98000336,91.30000305,89.94999695,45.95999908,614,0.769999981,140.7100067,21.20000076,7.119999886,5.199999809
241,12.06669998,75.33329773,Kannur,56,0.9483602,9.119403295,22.6973224,31.52068218,68.47627566,0.6040178,0.059999999,515,7.099999905,0.26,84.51999664,774.0100098,56.56000137,55.95999908,257,0.589999974,134.6799927,35.25999832,5.880000114,5.28000021
242,11.8523798,75.54444885,Kannur,31,3.8234084,14.6750499,21.70774494,31.9706402,66.38667776,0.5561518,0.07,701.1900024,2.289999962,0.26,31.12999916,381.7600098,257,76.40000153,610,1.220000029,16.98999977,25.25,4.159999847,6.090000153
243,11.98445797,75.538223,Kannur,77,9.571284,19.63823771,21.24597978,32.18597196,65.21408968,0.6406791,0.109999999,1100,5.659999847,0.27,54.40000153,440.0499878,420,71.66000366,529,5,66.75,12.96000004,7.159999847,6.170000076
244,12.00579643,75.427034,Kannur,11,2.9893637,19.96178651,22.32439417,32.13279351,65.84348166,0.38790584,0.079999998,556,6.139999866,0.28,104.6999969,118.1299973,243,68.94999695,585,0.75999999,7.510000229,33.33000183,5.989999771,5.369999886
245,12.15804005,75.23516846,Kannur,23,0.9486849,3.791483879,23.45392288,30.41379305,69.43064263,0.6238295,0.059999999,521,6.590000153,0.29,85.52999878,666.5,128.3600006,85.62999725,598,0.889999986,487.3099976,31.25,5.78000021,5.480000019
246,11.97345924,75.53532672,Kannur,89,2.082322,19.63823771,21.24597978,32.18597196,65.21408968,0.7363062,0.180000007,956.4799805,5.309999943,0.3,46.81000137,502.9700012,401.5,76.33000183,548,5.760000229,77.69000244,25.62000084,6.559999943,6.199999809
247,12.1541996,75.30808258,Kannur,25,6.0002074,10.14785194,21.90739094,31.21134996,69.36719805,0.6712429,0.050000001,824,5.96999979,0.31,65.58999634,829.25,88.98999786,68.59999847,395,0.720000029,1319.689941,22.92000008,5.880000114,5.820000172
248,12.18229008,75.19315338,Kannur,22,2.0826583,2.502337985,23.45392288,30.41379305,69.43064263,0.3952363,0.059999999,625,6.099999905,0.38,85.25,741.4799805,55.65999985,79.87999725,547,1.870000005,998.1900024,34.95999908,5.239999771,6.480000019
249,9.959120005,76.3581288,Ernakulam,13,5.4140086,73.25118017,22.47012113,30.86022839,72.64588224,0.31138393,0.128000006,840.9799805,5.257999897,0.068,67.2460022,171.8300018,116,82.48400116,769,2.069999933,17.78199959,9.657999992,6.147999763,5.748000145
250,9.852241182,76.43194271,Ernakulam,17,8.846597,81.79161263,22.59410879,30.41968505,75.51057987,0.64649063,0.128000006,840.9799805,5.257999897,0.068,67.2460022,171.8300018,116,82.48400116,769,2.069999933,17.78199959,9.657999992,6.147999763,5.748000145
251,10.07819262,76.32089368,Ernakulam,2,6.216909,66.29373264,23.43656495,30.95967255,69.19507732,0.19674906,0.128000006,840.9799805,5.257999897,0.068,67.2460022,171.8300018,116,82.48400116,769,2.069999933,17.78199959,9.657999992,6.147999763,5.748000145
252,9.818904958,76.41946855,Ernakulam,18,2.0792227,80.85336399,22.74851774,30.34200097,76.65057671,0.69019365,0.128000006,840.9799805,5.257999897,0.068,67.2460022,171.8300018,116,82.48400116,769,2.069999933,17.78199959,9.657999992,6.147999763,5.748000145
253,10.10436097,76.36923811,Ernakulam,4,2.079595,63.56883383,22.20029023,31.51260529,69.03215865,0.5536887,0.128000006,840.9799805,5.257999897,0.068,67.2460022,171.8300018,116,82.48400116,769,2.069999933,17.78199959,9.657999992,6.147999763,5.748000145
254,9.873839357,76.44052983,Ernakulam,34,17.393648,81.79161263,22.59410879,30.41968505,75.51057987,0.6625981,0.128000006,840.9799805,5.257999897,0.068,67.2460022,171.8300018,116,82.48400116,769,2.069999933,17.78199959,9.657999992,6.147999763,5.748000145
255,10.20434958,76.33452041,Ernakulam,15,2.0997012,51.81501055,23.25080419,32.39768529,65.14937567,0.5060403,0.128000006,840.9799805,5.257999897,0.068,67.2460022,171.8300018,116,82.48400116,769,2.069999933,17.78199959,9.657999992,6.147999763,5.748000145
256,9.826433242,76.38978614,Ernakulam,7,3.3556728,80.16644239,22.74851774,30.34200097,76.65057671,0.7496183,0.128000006,840.9799805,5.257999897,0.068,67.2460022,171.8300018,116,82.48400116,769,2.069999933,17.78199959,9.657999992,6.147999763,5.748000145
257,10.10067909,76.37798582,Ernakulam,20,3.8220313,63.56883383,22.20029023,31.51260529,69.03215865,0.6081772,0.128000006,840.9799805,5.257999897,0.068,67.2460022,171.8300018,116,82.48400116,769,2.069999933,17.78199959,9.657999992,6.147999763,5.748000145
258,9.996786334,76.39125833,Ernakulam,25,4.9927077,73.25118017,22.47012113,30.86022839,72.64588224,0.5858293,0.128000006,840.9799805,5.257999897,0.068,67.2460022,171.8300018,116,82.48400116,769,2.069999933,17.78199959,9.657999992,6.147999763,5.748000145
259,9.84349641,76.41229748,Ernakulam,18,6.68859,80.85336399,22.74851774,30.34200097,76.65057671,0.65978366,0.128000006,840.9799805,5.257999897,0.068,67.2460022,171.8300018,116,82.48400116,769,2.069999933,17.78199959,9.657999992,6.147999763,5.748000145
260,10.1743274,76.3417313,Ernakulam,8,2.935133,60.0016408,23.25080419,32.39768529,65.14937567,0.6994701,0.128000006,840.9799805,5.257999897,0.068,67.2460022,171.8300018,116,82.48400116,769,2.069999933,17.78199959,9.657999992,6.147999763,5.748000145
261,9.974870332,76.37764438,Ernakulam,4,4.7213907,73.25118017,22.47012113,30.86022839,72.64588224,0.26374346,0.128000006,840.9799805,5.257999897,0.068,67.2460022,171.8300018,116,82.48400116,769,2.069999933,17.78199959,9.657999992,6.147999763,5.748000145
262,9.960897398,76.33592272,Ernakulam,10,0.92740995,67.81597614,23.44894904,29.90753011,74.23537133,0.54218423,0.128000006,840.9799805,5.257999897,0.068,67.2460022,171.8300018,116,82.48400116,769,2.069999933,17.78199959,9.657999992,6.147999763,5.748000145
263,10.01509526,76.35307022,Ernakulam,21,5.453288,72.51801968,22.47012113,30.86022839,72.64588224,0.24988982,0.128000006,840.9799805,5.257999897,0.068,67.2460022,171.8300018,116,82.48400116,769,2.069999933,17.78199959,9.657999992,6.147999763,5.748000145
264,9.998139214,76.33324101,Ernakulam,20,9.245561,67.81597614,23.44894904,29.90753011,74.23537133,0.19125684,0.128000006,840.9799805,5.257999897,0.068,67.2460022,171.8300018,116,82.48400116,769,2.069999933,17.78199959,9.657999992,6.147999763,5.748000145
265,10.13655528,76.34288232,Ernakulam,6,1.3218755,61.80608845,23.43656495,30.95967255,69.19507732,0.7891602,0.128000006,840.9799805,5.257999897,0.068,67.2460022,171.8300018,116,82.48400116,769,2.069999933,17.78199959,9.657999992,6.147999763,5.748000145
266,10.17789495,76.43866933,Ernakulam,4,5.929186,62.41482735,22.53513673,32.97423548,63.91378489,0.72875816,0.140000001,845.7800293,5.892000198,0.068,63.92599869,189.7700043,111.4000015,79.58200073,724.2000122,2.111999989,20.10199928,16.59799957,7.059999943,5.81799984
267,10.18738524,76.3801548,Ernakulam,16,2.0996113,61.77336597,22.53513673,32.97423548,63.91378489,0.5997563,0.140000001,845.7800293,5.892000198,0.068,63.92599869,189.7700043,111.4000015,79.58200073,724.2000122,2.111999989,20.10199928,16.59799957,7.059999943,5.81799984
268,9.970098601,76.42936868,Ernakulam,17,1.8543341,75.927145,22.47012113,30.86022839,72.64588224,0.19520104,0.140000001,845.7800293,5.892000198,0.068,63.92599869,189.7700043,111.4000015,79.58200073,724.2000122,2.111999989,20.10199928,16.59799957,7.059999943,5.81799984
269,10.06662723,76.47088371,Ernakulam,71,22.04933,68.64768744,21.7444539,32.5775709,67.29077521,0.6250715,0.140000001,845.7800293,5.892000198,0.068,63.92599869,189.7700043,111.4000015,79.58200073,724.2000122,2.111999989,20.10199928,16.59799957,7.059999943,5.81799984
270,10.01889617,76.49265428,Ernakulam,17,2.641857,71.34035158,21.7284427,31.53604857,71.6962768,0.78364563,0.140000001,845.7800293,5.892000198,0.068,63.92599869,189.7700043,111.4000015,79.58200073,724.2000122,2.111999989,20.10199928,16.59799957,7.059999943,5.81799984
271,9.861288979,76.54349544,Ernakulam,90,7.116335,81.52583933,21.41394117,30.91075892,74.86304522,0.6791169,0.140000001,845.7800293,5.892000198,0.068,63.92599869,189.7700043,111.4000015,79.58200073,724.2000122,2.111999989,20.10199928,16.59799957,7.059999943,5.81799984
272,10.05556414,76.4723427,Ernakulam,40,2.9350216,68.64768744,21.7444539,32.5775709,67.29077521,0.79079497,0.140000001,845.7800293,5.892000198,0.068,63.92599869,189.7700043,111.4000015,79.58200073,724.2000122,2.111999989,20.10199928,16.59799957,7.059999943,5.81799984
273,9.914487141,76.44889473,Ernakulam,40,5.2716756,80.80650759,22.59410879,30.41968505,75.51057987,0.5954848,0.140000001,845.7800293,5.892000198,0.068,63.92599869,189.7700043,111.4000015,79.58200073,724.2000122,2.111999989,20.10199928,16.59799957,7.059999943,5.81799984
274,9.978219352,76.52148832,Ernakulam,15,10.248386,73.39809418,21.7284427,31.53604857,71.6962768,0.63023734,0.140000001,845.7800293,5.892000198,0.068,63.92599869,189.7700043,111.4000015,79.58200073,724.2000122,2.111999989,20.10199928,16.59799957,7.059999943,5.81799984
275,10.09508645,76.40402167,Ernakulam,24,10.037854,69.58833265,22.20029023,31.51260529,69.03215865,0.5141173,0.140000001,845.7800293,5.892000198,0.068,63.92599869,189.7700043,111.4000015,79.58200073,724.2000122,2.111999989,20.10199928,16.59799957,7.059999943,5.81799984
276,9.894663612,76.48936445,Ernakulam,33,3.8218853,80.40896845,21.41394117,30.91075892,74.86304522,0.7571894,0.140000001,845.7800293,5.892000198,0.068,63.92599869,189.7700043,111.4000015,79.58200073,724.2000122,2.111999989,20.10199928,16.59799957,7.059999943,5.81799984
277,10.1897083,76.42990957,Ernakulam,23,2.0797086,62.41482735,22.53513673,32.97423548,63.91378489,0.36572096,0.140000001,845.7800293,5.892000198,0.068,63.92599869,189.7700043,111.4000015,79.58200073,724.2000122,2.111999989,20.10199928,16.59799957,7.059999943,5.81799984
278,10.21203877,76.41098441,Ernakulam,21,5.954793,57.66366816,22.53513673,32.97423548,63.91378489,0.6856645,0.140000001,845.7800293,5.892000198,0.068,63.92599869,189.7700043,111.4000015,79.58200073,724.2000122,2.111999989,20.10199928,16.59799957,7.059999943,5.81799984
279,10.04269156,76.4814408,Ernakulam,53,2.6419556,71.34035158,21.7284427,31.53604857,71.6962768,0.26966587,0.140000001,845.7800293,5.892000198,0.068,63.92599869,189.7700043,111.4000015,79.58200073,724.2000122,2.111999989,20.10199928,16.59799957,7.059999943,5.81799984
280,9.807937188,76.53453833,Ernakulam,52,2.934794,82.59449959,21.6559937,31.02912266,75.54932692,0.6249494,0.140000001,845.7800293,5.892000198,0.068,63.92599869,189.7700043,111.4000015,79.58200073,724.2000122,2.111999989,20.10199928,16.59799957,7.059999943,5.81799984
281,9.839189957,76.55252875,Ernakulam,46,6.8131833,77.21146584,21.15285987,30.61191501,76.58647956,0.81475586,0.140000001,845.7800293,5.892000198,0.068,63.92599869,189.7700043,111.4000015,79.58200073,724.2000122,2.111999989,20.10199928,16.59799957,7.059999943,5.81799984
282,9.855296987,76.52235772,Ernakulam,24,0.941298,81.52583933,21.41394117,30.91075892,74.86304522,0.53340477,0.140000001,845.7800293,5.892000198,0.068,63.92599869,189.7700043,111.4000015,79.58200073,724.2000122,2.111999989,20.10199928,16.59799957,7.059999943,5.81799984
283,10.21362915,76.41540934,Ernakulam,15,6.6320767,57.66366816,22.53513673,32.97423548,63.91378489,0.789385,0.140000001,845.7800293,5.892000198,0.068,63.92599869,189.7700043,111.4000015,79.58200073,724.2000122,2.111999989,20.10199928,16.59799957,7.059999943,5.81799984
284,9.950730628,76.49393256,Ernakulam,11,13.935787,74.01693392,21.7284427,31.53604857,71.6962768,0.064856716,0.140000001,845.7800293,5.892000198,0.068,63.92599869,189.7700043,111.4000015,79.58200073,724.2000122,2.111999989,20.10199928,16.59799957,7.059999943,5.81799984
285,10.09323249,76.4123131,Ernakulam,8,2.6421645,69.58833265,22.20029023,31.51260529,69.03215865,0.18253969,0.140000001,845.7800293,5.892000198,0.068,63.92599869,189.7700043,111.4000015,79.58200073,724.2000122,2.111999989,20.10199928,16.59799957,7.059999943,5.81799984
286,10.27425741,76.47945219,Ernakulam,89,6.2777967,65.11006212,21.69911794,33.8718348,58.47862734,0.78171813,0.142000005,796.3699951,7.202000141,0.07,68.94000244,223.1959991,107.1999969,70.40399933,685.2000122,2.191999912,22.37199974,25.43400002,7.262000084,5.739999771
287,10.16682254,76.50773483,Ernakulam,31,6.819497,56.92087102,21.88267854,33.71748136,62.31300797,0.6938992,0.142000005,796.3699951,7.202000141,0.07,68.94000244,223.1959991,107.1999969,70.40399933,685.2000122,2.191999912,22.37199974,25.43400002,7.262000084,5.739999771
288,10.19285641,76.46558705,Ernakulam,5,1.8840474,62.81320333,21.88267854,33.71748136,62.31300797,0.60188264,0.142000005,796.3699951,7.202000141,0.07,68.94000244,223.1959991,107.1999969,70.40399933,685.2000122,2.191999912,22.37199974,25.43400002,7.262000084,5.739999771
289,10.1809181,76.5154392,Ernakulam,16,2.9351392,56.92087102,21.88267854,33.71748136,62.31300797,0.3306181,0.142000005,796.3699951,7.202000141,0.07,68.94000244,223.1959991,107.1999969,70.40399933,685.2000122,2.191999912,22.37199974,25.43400002,7.262000084,5.739999771
290,10.12656098,76.53692056,Ernakulam,28,1.8836565,54.39850926,21.7444539,32.5775709,67.29077521,0.8116883,0.142000005,796.3699951,7.202000141,0.07,68.94000244,223.1959991,107.1999969,70.40399933,685.2000122,2.191999912,22.37199974,25.43400002,7.262000084,5.739999771
291,9.999761579,76.54867106,Ernakulam,34,0.92740995,73.39809418,21.7284427,31.53604857,71.6962768,0.7883905,0.142000005,796.3699951,7.202000141,0.07,68.94000244,223.1959991,107.1999969,70.40399933,685.2000122,2.191999912,22.37199974,25.43400002,7.262000084,5.739999771
292,10.11821598,76.54651499,Ernakulam,31,1.8543341,54.39850926,21.7444539,32.5775709,67.29077521,0.60344297,0.142000005,796.3699951,7.202000141,0.07,68.94000244,223.1959991,107.1999969,70.40399933,685.2000122,2.191999912,22.37199974,25.43400002,7.262000084,5.739999771
293,10.06097822,76.64636742,Ernakulam,25,5.2728753,54.57767248,20.96730904,32.03326463,69.66558804,0.68325245,0.187999994,756.3699951,5.78000021,0.084,71.76200104,312.8340149,114.8000031,62.7159996,636.2000122,1.809999943,33.13600159,24.6779995,7.691999912,5.552000046
294,10.12230147,76.6216578,Ernakulam,73,7.88979,54.61143517,20.96730904,32.03326463,69.66558804,0.7250316,0.187999994,756.3699951,5.78000021,0.084,71.76200104,312.8340149,114.8000031,62.7159996,636.2000122,1.809999943,33.13600159,24.6779995,7.691999912,5.552000046
295,10.03551606,76.73261065,Ernakulam,43,6.7291,55.8376298,20.11390707,30.8653506,76.16114881,0.5272835,0.187999994,756.3699951,5.78000021,0.084,71.76200104,312.8340149,114.8000031,62.7159996,636.2000122,1.809999943,33.13600159,24.6779995,7.691999912,5.552000046
296,10.17849415,76.59723068,Ernakulam,27,0.92740995,56.00183725,20.31572744,32.19744,65.78094115,0.730256,0.187999994,756.3699951,5.78000021,0.084,71.76200104,312.8340149,114.8000031,62.7159996,636.2000122,1.809999943,33.13600159,24.6779995,7.691999912,5.552000046
297,10.21424198,76.6325976,Ernakulam,386,30.560257,67.08395529,20.31572744,32.19744,65.78094115,0.8681154,0.187999994,756.3699951,5.78000021,0.084,71.76200104,312.8340149,114.8000031,62.7159996,636.2000122,1.809999943,33.13600159,24.6779995,7.691999912,5.552000046
298,10.2020766,76.63552439,Ernakulam,551,27.964647,67.08395529,20.31572744,32.19744,65.78094115,0.4875969,0.187999994,756.3699951,5.78000021,0.084,71.76200104,312.8340149,114.8000031,62.7159996,636.2000122,1.809999943,33.13600159,24.6779995,7.691999912,5.552000046
299,10.21869152,76.62543039,Ernakulam,528,13.6783285,67.08395529,20.31572744,32.19744,65.78094115,0.7608108,0.187999994,756.3699951,5.78000021,0.084,71.76200104,312.8340149,114.8000031,62.7159996,636.2000122,1.809999943,33.13600159,24.6779995,7.691999912,5.552000046
300,10.14489458,76.59251223,Ernakulam,67,2.0796485,51.14310789,20.96730904,32.03326463,69.66558804,0.45134383,0.187999994,756.3699951,5.78000021,0.084,71.76200104,312.8340149,114.8000031,62.7159996,636.2000122,1.809999943,33.13600159,24.6779995,7.691999912,5.552000046
301,10.16250896,76.62793173,Ernakulam,73,11.126265,65.16667366,20.31572744,32.19744,65.78094115,0.8352725,0.187999994,756.3699951,5.78000021,0.084,71.76200104,312.8340149,114.8000031,62.7159996,636.2000122,1.809999943,33.13600159,24.6779995,7.691999912,5.552000046
302,10.03658758,76.71320185,Ernakulam,48,11.589599,55.8376298,20.11390707,30.8653506,76.16114881,0.5478865,0.187999994,756.3699951,5.78000021,0.084,71.76200104,312.8340149,114.8000031,62.7159996,636.2000122,1.809999943,33.13600159,24.6779995,7.691999912,5.552000046
303,10.02811884,76.66972683,Ernakulam,38,8.543591,53.50835943,20.11390707,30.8653506,76.16114881,0.59473026,0.187999994,756.3699951,5.78000021,0.084,71.76200104,312.8340149,114.8000031,62.7159996,636.2000122,1.809999943,33.13600159,24.6779995,7.691999912,5.552000046
304,10.11298708,76.61144599,Ernakulam,49,4.6273675,54.61143517,20.96730904,32.03326463,69.66558804,0.6233151,0.187999994,756.3699951,5.78000021,0.084,71.76200104,312.8340149,114.8000031,62.7159996,636.2000122,1.809999943,33.13600159,24.6779995,7.691999912,5.552000046
305,10.11677381,76.26303118,Ernakulam,6,4.7214727,59.26580906,23.43656495,30.95967255,69.19507732,0.14180928,0.122000001,850.5200195,4.958000183,0.09,66.96600342,144.0899963,119.5999985,67.52999878,770.4000244,2.160000086,22.68400002,8.758000374,4.978000164,5.68200016
306,10.04408174,76.2866939,Ernakulam,7,2.6419613,70.28854322,23.44894904,29.90753011,74.23537133,0.49184975,0.122000001,850.5200195,4.958000183,0.09,66.96600342,144.0899963,119.5999985,67.52999878,770.4000244,2.160000086,22.68400002,8.758000374,4.978000164,5.68200016
307,10.16930541,76.26165681,Ernakulam,4,3.7637548,57.51143408,23.25080419,32.39768529,65.14937567,0.6570192,0.122000001,850.5200195,4.958000183,0.09,66.96600342,144.0899963,119.5999985,67.52999878,770.4000244,2.160000086,22.68400002,8.758000374,4.978000164,5.68200016
308,9.837528659,76.27345584,Ernakulam,3,0,81.0428257,23.33292699,29.71082485,76.5401162,-0.22222222,0.122000001,850.5200195,4.958000183,0.09,66.96600342,144.0899963,119.5999985,67.52999878,770.4000244,2.160000086,22.68400002,8.758000374,4.978000164,5.68200016
309,10.01159132,76.58018301,Ernakulam,89,2.9711666,60.372962,20.7899464,31.36355586,73.90610369,0.77690905,0.170000002,809.7800293,5.820000172,0.096,67.95800018,249.2779999,118.8000031,70.62400055,722.5999756,2.203999996,26.12599945,16.40600014,6.559999943,5.906000137
310,10.10045427,76.55670812,Ernakulam,58,8.340939,51.14310789,20.96730904,32.03326463,69.66558804,0.7865835,0.170000002,809.7800293,5.820000172,0.096,67.95800018,249.2779999,118.8000031,70.62400055,722.5999756,2.203999996,26.12599945,16.40600014,6.559999943,5.906000137
311,9.896045393,76.59642868,Ernakulam,75,2.9348743,75.21671391,21.08069763,30.74965163,75.66213511,0.64144284,0.170000002,809.7800293,5.820000172,0.096,67.95800018,249.2779999,118.8000031,70.62400055,722.5999756,2.203999996,26.12599945,16.40600014,6.559999943,5.906000137
312,10.04572853,76.56461568,Ernakulam,58,1.3216861,60.372962,20.7899464,31.36355586,73.90610369,0.73391813,0.170000002,809.7800293,5.820000172,0.096,67.95800018,249.2779999,118.8000031,70.62400055,722.5999756,2.203999996,26.12599945,16.40600014,6.559999943,5.906000137
313,9.951986796,76.63293359,Ernakulam,79,5.413976,62.92144775,20.7899464,31.36355586,73.90610369,0.73688066,0.170000002,809.7800293,5.820000172,0.096,67.95800018,249.2779999,118.8000031,70.62400055,722.5999756,2.203999996,26.12599945,16.40600014,6.559999943,5.906000137
314,10.0624609,76.55446823,Ernakulam,45,4.7214413,56.18123412,20.96730904,32.03326463,69.66558804,0.64694774,0.170000002,809.7800293,5.820000172,0.096,67.95800018,249.2779999,118.8000031,70.62400055,722.5999756,2.203999996,26.12599945,16.40600014,6.559999943,5.906000137
315,9.870929186,76.57008596,Ernakulam,50,11.332513,75.21671391,21.08069763,30.74965163,75.66213511,0.5437902,0.170000002,809.7800293,5.820000172,0.096,67.95800018,249.2779999,118.8000031,70.62400055,722.5999756,2.203999996,26.12599945,16.40600014,6.559999943,5.906000137
316,10.02379786,76.59896073,Ernakulam,20,2.098752,60.372962,20.7899464,31.36355586,73.90610369,0.77836645,0.170000002,809.7800293,5.820000172,0.096,67.95800018,249.2779999,118.8000031,70.62400055,722.5999756,2.203999996,26.12599945,16.40600014,6.559999943,5.906000137
317,10.02817665,76.60057022,Ernakulam,38,11.304757,54.06639004,20.7899464,31.36355586,73.90610369,0.76040035,0.170000002,809.7800293,5.820000172,0.096,67.95800018,249.2779999,118.8000031,70.62400055,722.5999756,2.203999996,26.12599945,16.40600014,6.559999943,5.906000137
318,10.02906783,76.56163633,Ernakulam,72,9.174027,60.372962,20.7899464,31.36355586,73.90610369,0.36550376,0.170000002,809.7800293,5.820000172,0.096,67.95800018,249.2779999,118.8000031,70.62400055,722.5999756,2.203999996,26.12599945,16.40600014,6.559999943,5.906000137
319,9.895511646,76.6007877,Ernakulam,82,12.39701,73.37624812,21.08069763,30.74965163,75.66213511,0.81055677,0.170000002,809.7800293,5.820000172,0.096,67.95800018,249.2779999,118.8000031,70.62400055,722.5999756,2.203999996,26.12599945,16.40600014,6.559999943,5.906000137
320,9.954393511,76.62653637,Ernakulam,37,4.652841,62.92144775,20.7899464,31.36355586,73.90610369,0.71526927,0.170000002,809.7800293,5.820000172,0.096,67.95800018,249.2779999,118.8000031,70.62400055,722.5999756,2.203999996,26.12599945,16.40600014,6.559999943,5.906000137
321,9.89934178,76.61933408,Ernakulam,94,17.301462,73.37624812,21.08069763,30.74965163,75.66213511,0.77791315,0.170000002,809.7800293,5.820000172,0.096,67.95800018,249.2779999,118.8000031,70.62400055,722.5999756,2.203999996,26.12599945,16.40600014,6.559999943,5.906000137
322,10.00712544,76.61423878,Ernakulam,32,2.7802885,54.06639004,20.7899464,31.36355586,73.90610369,0.7066306,0.170000002,809.7800293,5.820000172,0.096,67.95800018,249.2779999,118.8000031,70.62400055,722.5999756,2.203999996,26.12599945,16.40600014,6.559999943,5.906000137
323,9.851793717,76.61095752,Ernakulam,64,5.0461164,73.37624812,21.08069763,30.74965163,75.66213511,0.7340425,0.170000002,809.7800293,5.820000172,0.096,67.95800018,249.2779999,118.8000031,70.62400055,722.5999756,2.203999996,26.12599945,16.40600014,6.559999943,5.906000137
324,9.989319266,76.64119167,Ernakulam,33,2.098573,62.92144775,20.7899464,31.36355586,73.90610369,0.7119565,0.172000006,788.3699951,6.493999958,0.102,70.28199768,273.1380005,118.5999985,66.16799927,650.7999878,2.085999966,27.09600067,25.06800079,7.389999866,5.665999889
325,9.922027581,76.67283596,Ernakulam,43,9.977374,68.8629899,20.12754238,30.46925428,77.64925458,0.81742305,0.172000006,788.3699951,6.493999958,0.102,70.28199768,273.1380005,118.5999985,66.16799927,650.7999878,2.085999966,27.09600067,25.06800079,7.389999866,5.665999889
326,10.0393692,76.60698705,Ernakulam,19,5.2726965,54.06639004,20.7899464,31.36355586,73.90610369,0.31195337,0.172000006,788.3699951,6.493999958,0.102,70.28199768,273.1380005,118.5999985,66.16799927,650.7999878,2.085999966,27.09600067,25.06800079,7.389999866,5.665999889
327,10.00743484,76.62577636,Ernakulam,28,7.437405,54.06639004,20.7899464,31.36355586,73.90610369,0.6732484,0.172000006,788.3699951,6.493999958,0.102,70.28199768,273.1380005,118.5999985,66.16799927,650.7999878,2.085999966,27.09600067,25.06800079,7.389999866,5.665999889
328,10.06274418,76.59548731,Ernakulam,34,11.820562,56.18123412,20.96730904,32.03326463,69.66558804,0.84776354,0.172000006,788.3699951,6.493999958,0.102,70.28199768,273.1380005,118.5999985,66.16799927,650.7999878,2.085999966,27.09600067,25.06800079,7.389999866,5.665999889
329,9.854552149,77.19255895,Idukki,1120,7.96739,33.77380288,15.92024489,26.89248152,67.101613,0.42168295,0.175999999,734.8099976,5.714000225,0.078,75.10800171,286.0639954,116.4000015,61.09199905,629.4000244,1.886000037,28.36400032,17.14800072,7.164000034,5.493999958
330,10.1414651,76.85600793,Idukki,393,15.985852,88.61662197,16.89866686,27.69617168,75.45678179,0.61036676,0.175999999,734.8099976,5.714000225,0.078,75.10800171,286.0639954,116.4000015,61.09199905,629.4000244,1.886000037,28.36400032,17.14800072,7.164000034,5.493999958
331,9.946675733,76.92867138,Idukki,601,4.6273675,64.48637581,17.99073786,28.75908261,75.22579171,0.7640232,0.175999999,734.8099976,5.714000225,0.078,75.10800171,286.0639954,116.4000015,61.09199905,629.4000244,1.886000037,28.36400032,17.14800072,7.164000034,5.493999958
332,9.728294612,77.09728669,Idukki,901,12.478121,44.60424602,15.86223886,26.44107498,68.26246915,0.8660561,0.175999999,734.8099976,5.714000225,0.078,75.10800171,286.0639954,116.4000015,61.09199905,629.4000244,1.886000037,28.36400032,17.14800072,7.164000034,5.493999958
333,9.719951498,77.07557216,Idukki,1040,12.364196,44.60424602,15.86223886,26.44107498,68.26246915,0.8581693,0.175999999,734.8099976,5.714000225,0.078,75.10800171,286.0639954,116.4000015,61.09199905,629.4000244,1.886000037,28.36400032,17.14800072,7.164000034,5.493999958
334,10.0852946,77.02516175,Idukki,1654,25.269499,44.21060669,14.37004295,24.59467916,72.83259757,0.8357683,0.175999999,734.8099976,5.714000225,0.078,75.10800171,286.0639954,116.4000015,61.09199905,629.4000244,1.886000037,28.36400032,17.14800072,7.164000034,5.493999958
335,9.977013808,77.16274825,Idukki,1028,3.8219433,31.15425402,15.05634171,25.82493586,66.66572892,0.8535422,0.175999999,734.8099976,5.714000225,0.078,75.10800171,286.0639954,116.4000015,61.09199905,629.4000244,1.886000037,28.36400032,17.14800072,7.164000034,5.493999958
336,10.23474013,76.88956745,Idukki,1111,4.721542,92.22817993,16.7449314,27.54263195,70.87950839,0.91725624,0.175999999,734.8099976,5.714000225,0.078,75.10800171,286.0639954,116.4000015,61.09199905,629.4000244,1.886000037,28.36400032,17.14800072,7.164000034,5.493999958
337,10.21770969,76.84264362,Idukki,795,25.403904,93.43528724,19.16240766,30.4294533,69.212404,0.8299173,0.175999999,734.8099976,5.714000225,0.078,75.10800171,286.0639954,116.4000015,61.09199905,629.4000244,1.886000037,28.36400032,17.14800072,7.164000034,5.493999958
338,9.918924356,77.0803047,Idukki,738,28.136238,45.31919599,15.61451769,26.46032394,68.57022534,0.6834136,0.175999999,734.8099976,5.714000225,0.078,75.10800171,286.0639954,116.4000015,61.09199905,629.4000244,1.886000037,28.36400032,17.14800072,7.164000034,5.493999958
339,10.27128706,76.79037458,Idukki,582,20.37577,92.11967325,18.83416296,29.3991062,64.42738326,0.8512489,0.175999999,734.8099976,5.714000225,0.078,75.10800171,286.0639954,116.4000015,61.09199905,629.4000244,1.886000037,28.36400032,17.14800072,7.164000034,5.493999958
340,10.15128914,76.99288667,Idukki,1659,5.454986,76.8245666,13.54636746,23.51997791,72.14905896,0.8645451,0.175999999,734.8099976,5.714000225,0.078,75.10800171,286.0639954,116.4000015,61.09199905,629.4000244,1.886000037,28.36400032,17.14800072,7.164000034,5.493999958
341,9.79392888,77.14612376,Idukki,808,14.632151,38.55714655,15.35484046,26.24668669,69.19945825,0.85728955,0.175999999,734.8099976,5.714000225,0.078,75.10800171,286.0639954,116.4000015,61.09199905,629.4000244,1.886000037,28.36400032,17.14800072,7.164000034,5.493999958
342,9.993150915,77.16946262,Idukki,1006,3.3562074,31.15425402,15.05634171,25.82493586,66.66572892,0.86946833,0.175999999,734.8099976,5.714000225,0.078,75.10800171,286.0639954,116.4000015,61.09199905,629.4000244,1.886000037,28.36400032,17.14800072,7.164000034,5.493999958
343,10.11765254,76.93119462,Idukki,810,33.366314,82.38323879,16.89866686,27.69617168,75.45678179,0.8216989,0.175999999,734.8099976,5.714000225,0.078,75.10800171,286.0639954,116.4000015,61.09199905,629.4000244,1.886000037,28.36400032,17.14800072,7.164000034,5.493999958
344,10.08243255,76.89776604,Idukki,1051,21.417725,96.04043245,16.89866686,27.69617168,75.45678179,0.8763441,0.175999999,734.8099976,5.714000225,0.078,75.10800171,286.0639954,116.4000015,61.09199905,629.4000244,1.886000037,28.36400032,17.14800072,7.164000034,5.493999958
345,9.787825472,77.19480401,Idukki,909,7.7078214,35.34092963,16.73843536,27.05506865,67.50710592,0.7645147,0.175999999,734.8099976,5.714000225,0.078,75.10800171,286.0639954,116.4000015,61.09199905,629.4000244,1.886000037,28.36400032,17.14800072,7.164000034,5.493999958
346,9.89146863,77.10512713,Idukki,710,21.411524,39.36591697,15.61451769,26.46032394,68.57022534,0.7714589,0.175999999,734.8099976,5.714000225,0.078,75.10800171,286.0639954,116.4000015,61.09199905,629.4000244,1.886000037,28.36400032,17.14800072,7.164000034,5.493999958
347,10.04419003,77.12026818,Idukki,1599,9.3801155,70.6600287,14.52788644,25.42886531,68.59166198,0.8132348,0.175999999,734.8099976,5.714000225,0.078,75.10800171,286.0639954,116.4000015,61.09199905,629.4000244,1.886000037,28.36400032,17.14800072,7.164000034,5.493999958
348,10.03227355,76.96022127,Idukki,1000,7.881271,66.16208553,15.86703617,26.7061133,71.81096452,0.85958755,0.175999999,734.8099976,5.714000225,0.078,75.10800171,286.0639954,116.4000015,61.09199905,629.4000244,1.886000037,28.36400032,17.14800072,7.164000034,5.493999958
349,9.993032929,77.10970997,Idukki,1107,13.768022,33.04455686,14.52788644,25.42886531,68.59166198,0.8690145,0.175999999,734.8099976,5.714000225,0.078,75.10800171,286.0639954,116.4000015,61.09199905,629.4000244,1.886000037,28.36400032,17.14800072,7.164000034,5.493999958
350,9.845400053,77.18123969,Idukki,1046,10.288811,37.7159673,16.73843536,27.05506865,67.50710592,0.8574901,0.175999999,734.8099976,5.714000225,0.078,75.10800171,286.0639954,116.4000015,61.09199905,629.4000244,1.886000037,28.36400032,17.14800072,7.164000034,5.493999958
351,9.860060687,77.02198043,Idukki,818,33.29439,49.09733796,16.57598267,27.43891507,72.04158652,0.5645933,0.175999999,734.8099976,5.714000225,0.078,75.10800171,286.0639954,116.4000015,61.09199905,629.4000244,1.886000037,28.36400032,17.14800072,7.164000034,5.493999958
352,10.02347572,76.94445621,Idukki,850,27.836737,68.46134806,17.51345241,28.50530685,75.75001944,0.8352661,0.175999999,734.8099976,5.714000225,0.078,75.10800171,286.0639954,116.4000015,61.09199905,629.4000244,1.886000037,28.36400032,17.14800072,7.164000034,5.493999958
353,9.921109048,77.04949145,Idukki,829,6.7289186,41.25333643,16.57598267,27.43891507,72.04158652,0.7982483,0.175999999,734.8099976,5.714000225,0.078,75.10800171,286.0639954,116.4000015,61.09199905,629.4000244,1.886000037,28.36400032,17.14800072,7.164000034,5.493999958
354,9.685488162,77.14284104,Idukki,1157,5.9696517,39.84332049,15.86223886,26.44107498,68.26246915,0.8869671,0.175999999,734.8099976,5.714000225,0.078,75.10800171,286.0639954,116.4000015,61.09199905,629.4000244,1.886000037,28.36400032,17.14800072,7.164000034,5.493999958
355,10.03181444,77.06151919,Idukki,1115,21.772291,60.93814969,14.52788644,25.42886531,68.59166198,0.7897397,0.175999999,734.8099976,5.714000225,0.078,75.10800171,286.0639954,116.4000015,61.09199905,629.4000244,1.886000037,28.36400032,17.14800072,7.164000034,5.493999958
356,9.808022493,77.07982393,Idukki,765,5.923142,44.80892289,15.35484046,26.24668669,69.19945825,0.4566726,0.175999999,734.8099976,5.714000225,0.078,75.10800171,286.0639954,116.4000015,61.09199905,629.4000244,1.886000037,28.36400032,17.14800072,7.164000034,5.493999958
357,9.832203393,77.14148115,Idukki,838,21.660048,34.71365309,15.35484046,26.24668669,69.19945825,0.8345954,0.175999999,734.8099976,5.714000225,0.078,75.10800171,286.0639954,116.4000015,61.09199905,629.4000244,1.886000037,28.36400032,17.14800072,7.164000034,5.493999958
358,9.747009364,77.1434796,Idukki,1109,14.946645,40.84256375,15.86223886,26.44107498,68.26246915,0.7958161,0.175999999,734.8099976,5.714000225,0.078,75.10800171,286.0639954,116.4000015,61.09199905,629.4000244,1.886000037,28.36400032,17.14800072,7.164000034,5.493999958
359,9.591550638,77.17526587,Idukki,894,2.9677782,54.55800545,16.33524975,26.95105712,68.49077974,0.7309967,0.175999999,734.8099976,5.714000225,0.078,75.10800171,286.0639954,116.4000015,61.09199905,629.4000244,1.886000037,28.36400032,17.14800072,7.164000034,5.493999958
360,10.00198714,77.01906827,Idukki,686,14.792016,63.63801837,15.86703617,26.7061133,71.81096452,0.8157231,0.175999999,734.8099976,5.714000225,0.078,75.10800171,286.0639954,116.4000015,61.09199905,629.4000244,1.886000037,28.36400032,17.14800072,7.164000034,5.493999958
361,10.12993777,77.01998893,Idukki,1438,17.35215,75.83152294,14.37004295,24.59467916,72.83259757,0.7901861,0.175999999,734.8099976,5.714000225,0.078,75.10800171,286.0639954,116.4000015,61.09199905,629.4000244,1.886000037,28.36400032,17.14800072,7.164000034,5.493999958
362,9.909232731,76.98261268,Idukki,560,21.540264,58.76213574,16.57598267,27.43891507,72.04158652,0.77257746,0.175999999,734.8099976,5.714000225,0.078,75.10800171,286.0639954,116.4000015,61.09199905,629.4000244,1.886000037,28.36400032,17.14800072,7.164000034,5.493999958
363,9.733209133,77.14872859,Idukki,1095,3.7047918,40.84256375,15.86223886,26.44107498,68.26246915,0.87082577,0.175999999,734.8099976,5.714000225,0.078,75.10800171,286.0639954,116.4000015,61.09199905,629.4000244,1.886000037,28.36400032,17.14800072,7.164000034,5.493999958
364,9.873694588,77.08641116,Idukki,615,18.095219,40.62672484,15.61451769,26.46032394,68.57022534,0.7801047,0.175999999,734.8099976,5.714000225,0.078,75.10800171,286.0639954,116.4000015,61.09199905,629.4000244,1.886000037,28.36400032,17.14800072,7.164000034,5.493999958
365,9.952866196,77.04917626,Idukki,770,11.919132,41.2794925,15.86703617,26.7061133,71.81096452,0.7982588,0.175999999,734.8099976,5.714000225,0.078,75.10800171,286.0639954,116.4000015,61.09199905,629.4000244,1.886000037,28.36400032,17.14800072,7.164000034,5.493999958
366,10.09729431,76.84841237,Idukki,416,19.3569,75.80184507,18.90149526,30.23806547,74.30139726,0.76900226,0.175999999,734.8099976,5.714000225,0.078,75.10800171,286.0639954,116.4000015,61.09199905,629.4000244,1.886000037,28.36400032,17.14800072,7.164000034,5.493999958
367,10.18462738,76.86556969,Idukki,221,24.534094,76.58242679,16.7449314,27.54263195,70.87950839,0.72243685,0.175999999,734.8099976,5.714000225,0.078,75.10800171,286.0639954,116.4000015,61.09199905,629.4000244,1.886000037,28.36400032,17.14800072,7.164000034,5.493999958
368,9.904975766,77.11152282,Idukki,1036,28.06781,39.44789171,15.61451769,26.46032394,68.57022534,0.37207285,0.175999999,734.8099976,5.714000225,0.078,75.10800171,286.0639954,116.4000015,61.09199905,629.4000244,1.886000037,28.36400032,17.14800072,7.164000034,5.493999958
369,9.673236982,77.15211987,Idukki,1145,8.717665,48.27524018,17.09240086,27.44410595,67.22719759,0.8020833,0.175999999,734.8099976,5.714000225,0.078,75.10800171,286.0639954,116.4000015,61.09199905,629.4000244,1.886000037,28.36400032,17.14800072,7.164000034,5.493999958
370,10.03893862,77.03903016,Idukki,1087,8.263903,63.63801837,15.86703617,26.7061133,71.81096452,0.72460765,0.175999999,734.8099976,5.714000225,0.078,75.10800171,286.0639954,116.4000015,61.09199905,629.4000244,1.886000037,28.36400032,17.14800072,7.164000034,5.493999958
371,10.25841786,76.7743551,Idukki,380,33.701412,92.11967325,18.83416296,29.3991062,64.42738326,0.4870674,0.175999999,734.8099976,5.714000225,0.078,75.10800171,286.0639954,116.4000015,61.09199905,629.4000244,1.886000037,28.36400032,17.14800072,7.164000034,5.493999958
372,9.986225972,76.90468364,Idukki,373,37.880173,78.88839722,17.51345241,28.50530685,75.75001944,0.36938837,0.175999999,734.8099976,5.714000225,0.078,75.10800171,286.0639954,116.4000015,61.09199905,629.4000244,1.886000037,28.36400032,17.14800072,7.164000034,5.493999958
373,9.884563595,77.15691057,Idukki,1053,6.5318966,33.77380288,15.92024489,26.89248152,67.101613,0.8489489,0.175999999,734.8099976,5.714000225,0.078,75.10800171,286.0639954,116.4000015,61.09199905,629.4000244,1.886000037,28.36400032,17.14800072,7.164000034,5.493999958
374,9.725151557,77.13038311,Idukki,1123,8.408243,40.84256375,15.86223886,26.44107498,68.26246915,0.8971684,0.175999999,734.8099976,5.714000225,0.078,75.10800171,286.0639954,116.4000015,61.09199905,629.4000244,1.886000037,28.36400032,17.14800072,7.164000034,5.493999958
375,9.816141379,77.1322761,Idukki,925,15.434977,34.71365309,15.35484046,26.24668669,69.19945825,0.82625735,0.175999999,734.8099976,5.714000225,0.078,75.10800171,286.0639954,116.4000015,61.09199905,629.4000244,1.886000037,28.36400032,17.14800072,7.164000034,5.493999958
376,10.11587028,76.9899435,Idukki,1202,26.321287,110.6257534,14.37004295,24.59467916,72.83259757,0.87639534,0.175999999,734.8099976,5.714000225,0.078,75.10800171,286.0639954,116.4000015,61.09199905,629.4000244,1.886000037,28.36400032,17.14800072,7.164000034,5.493999958
377,9.834965224,77.13333515,Idukki,745,6.6245522,34.71365309,15.35484046,26.24668669,69.19945825,0.8365396,0.175999999,734.8099976,5.714000225,0.078,75.10800171,286.0639954,116.4000015,61.09199905,629.4000244,1.886000037,28.36400032,17.14800072,7.164000034,5.493999958
378,10.17250265,76.93088286,Idukki,777,19.26292,78.92008567,16.7449314,27.54263195,70.87950839,0.68,0.175999999,734.8099976,5.714000225,0.078,75.10800171,286.0639954,116.4000015,61.09199905,629.4000244,1.886000037,28.36400032,17.14800072,7.164000034,5.493999958
379,9.851133239,77.01925123,Idukki,851,22.144318,49.09733796,16.57598267,27.43891507,72.04158652,0.8573201,0.175999999,734.8099976,5.714000225,0.078,75.10800171,286.0639954,116.4000015,61.09199905,629.4000244,1.886000037,28.36400032,17.14800072,7.164000034,5.493999958
380,10.08300758,76.98894643,Idukki,1394,3.9596796,73.82045388,14.37004295,24.59467916,72.83259757,0.8063355,0.175999999,734.8099976,5.714000225,0.078,75.10800171,286.0639954,116.4000015,61.09199905,629.4000244,1.886000037,28.36400032,17.14800072,7.164000034,5.493999958
381,10.0206661,77.09130435,Idukki,1172,29.565664,60.93814969,14.52788644,25.42886531,68.59166198,0.8277543,0.175999999,734.8099976,5.714000225,0.078,75.10800171,286.0639954,116.4000015,61.09199905,629.4000244,1.886000037,28.36400032,17.14800072,7.164000034,5.493999958
382,9.739025725,77.10300188,Idukki,913,0.940968,40.84256375,15.86223886,26.44107498,68.26246915,0.78000957,0.175999999,734.8099976,5.714000225,0.078,75.10800171,286.0639954,116.4000015,61.09199905,629.4000244,1.886000037,28.36400032,17.14800072,7.164000034,5.493999958
383,10.08605529,77.02733414,Idukki,1610,23.976345,44.21060669,14.37004295,24.59467916,72.83259757,0.89025104,0.175999999,734.8099976,5.714000225,0.078,75.10800171,286.0639954,116.4000015,61.09199905,629.4000244,1.886000037,28.36400032,17.14800072,7.164000034,5.493999958
384,9.947194382,77.00947979,Idukki,713,13.207915,41.25333643,16.57598267,27.43891507,72.04158652,0.80919105,0.175999999,734.8099976,5.714000225,0.078,75.10800171,286.0639954,116.4000015,61.09199905,629.4000244,1.886000037,28.36400032,17.14800072,7.164000034,5.493999958
385,9.915885602,77.05070237,Idukki,667,21.831968,45.31919599,15.61451769,26.46032394,68.57022534,0.5803109,0.175999999,734.8099976,5.714000225,0.078,75.10800171,286.0639954,116.4000015,61.09199905,629.4000244,1.886000037,28.36400032,17.14800072,7.164000034,5.493999958
386,9.995471334,76.92358253,Idukki,872,12.730566,78.88839722,17.51345241,28.50530685,75.75001944,0.71428573,0.175999999,734.8099976,5.714000225,0.078,75.10800171,286.0639954,116.4000015,61.09199905,629.4000244,1.886000037,28.36400032,17.14800072,7.164000034,5.493999958
387,9.853683282,77.18775785,Idukki,1056,13.553082,33.77380288,15.92024489,26.89248152,67.101613,0.8086541,0.175999999,734.8099976,5.714000225,0.078,75.10800171,286.0639954,116.4000015,61.09199905,629.4000244,1.886000037,28.36400032,17.14800072,7.164000034,5.493999958
388,9.809943113,77.07229031,Idukki,817,14.680356,44.80892289,15.35484046,26.24668669,69.19945825,0.8448052,0.175999999,734.8099976,5.714000225,0.078,75.10800171,286.0639954,116.4000015,61.09199905,629.4000244,1.886000037,28.36400032,17.14800072,7.164000034,5.493999958
389,9.949243522,77.11370083,Idukki,873,8.719715,39.44789171,15.61451769,26.46032394,68.57022534,0.7964805,0.175999999,734.8099976,5.714000225,0.078,75.10800171,286.0639954,116.4000015,61.09199905,629.4000244,1.886000037,28.36400032,17.14800072,7.164000034,5.493999958
390,9.861209292,77.12574366,Idukki,944,12.80159,39.36591697,15.61451769,26.46032394,68.57022534,0.86725664,0.175999999,734.8099976,5.714000225,0.078,75.10800171,286.0639954,116.4000015,61.09199905,629.4000244,1.886000037,28.36400032,17.14800072,7.164000034,5.493999958
391,10.06603573,77.06243509,Idukki,1556,41.110096,54.29280972,12.81881709,23.02410989,69.06948684,0.8721877,0.175999999,734.8099976,5.714000225,0.078,75.10800171,286.0639954,116.4000015,61.09199905,629.4000244,1.886000037,28.36400032,17.14800072,7.164000034,5.493999958
392,9.998552778,76.92424677,Idukki,833,24.432966,78.88839722,17.51345241,28.50530685,75.75001944,0.8263323,0.175999999,734.8099976,5.714000225,0.078,75.10800171,286.0639954,116.4000015,61.09199905,629.4000244,1.886000037,28.36400032,17.14800072,7.164000034,5.493999958
393,10.03270308,76.88904823,Idukki,670,31.094126,80.15539885,17.51345241,28.50530685,75.75001944,0.4711634,0.175999999,734.8099976,5.714000225,0.078,75.10800171,286.0639954,116.4000015,61.09199905,629.4000244,1.886000037,28.36400032,17.14800072,7.164000034,5.493999958
394,10.05301472,76.88815209,Idukki,896,3.376388,96.04043245,16.89866686,27.69617168,75.45678179,0.8300045,0.175999999,734.8099976,5.714000225,0.078,75.10800171,286.0639954,116.4000015,61.09199905,629.4000244,1.886000037,28.36400032,17.14800072,7.164000034,5.493999958
395,10.21931438,76.88848802,Idukki,1007,20.864328,92.22817993,16.7449314,27.54263195,70.87950839,0.8207452,0.175999999,734.8099976,5.714000225,0.078,75.10800171,286.0639954,116.4000015,61.09199905,629.4000244,1.886000037,28.36400032,17.14800072,7.164000034,5.493999958
396,9.796082974,77.03043887,Idukki,723,0,43.78444338,16.31021928,26.66195884,71.54297349,-0.062111802,0.175999999,734.8099976,5.714000225,0.078,75.10800171,286.0639954,116.4000015,61.09199905,629.4000244,1.886000037,28.36400032,17.14800072,7.164000034,5.493999958
397,9.94014171,77.10370998,Idukki,837,14.520768,39.44789171,15.61451769,26.46032394,68.57022534,0.8454387,0.175999999,734.8099976,5.714000225,0.078,75.10800171,286.0639954,116.4000015,61.09199905,629.4000244,1.886000037,28.36400032,17.14800072,7.164000034,5.493999958
398,9.770994798,77.12637328,Idukki,814,12.533197,38.55714655,15.35484046,26.24668669,69.19945825,0.8345076,0.175999999,734.8099976,5.714000225,0.078,75.10800171,286.0639954,116.4000015,61.09199905,629.4000244,1.886000037,28.36400032,17.14800072,7.164000034,5.493999958
399,10.15208131,76.98793266,Idukki,1651,16.228064,76.8245666,13.54636746,23.51997791,72.14905896,0.89825684,0.175999999,734.8099976,5.714000225,0.078,75.10800171,286.0639954,116.4000015,61.09199905,629.4000244,1.886000037,28.36400032,17.14800072,7.164000034,5.493999958
400,9.94202418,77.01619029,Idukki,676,6.727895,41.25333643,16.57598267,27.43891507,72.04158652,0.70584416,0.175999999,734.8099976,5.714000225,0.078,75.10800171,286.0639954,116.4000015,61.09199905,629.4000244,1.886000037,28.36400032,17.14800072,7.164000034,5.493999958
401,9.893132813,76.73401505,Idukki,51,3.8725863,64.90172362,20.12754238,30.46925428,77.64925458,0.46348277,0.187999994,756.3699951,5.78000021,0.084,71.76200104,312.8340149,114.8000031,62.7159996,636.2000122,1.809999943,33.13600159,24.6779995,7.691999912,5.552000046
402,10.19801663,76.69740895,Idukki,85,6.5320263,75.25054646,19.75914101,31.42035012,67.57944208,0.79387665,0.187999994,756.3699951,5.78000021,0.084,71.76200104,312.8340149,114.8000031,62.7159996,636.2000122,1.809999943,33.13600159,24.6779995,7.691999912,5.552000046
403,10.15130644,76.63962664,Idukki,102,8.744511,65.16667366,20.31572744,32.19744,65.78094115,0.77427655,0.187999994,756.3699951,5.78000021,0.084,71.76200104,312.8340149,114.8000031,62.7159996,636.2000122,1.809999943,33.13600159,24.6779995,7.691999912,5.552000046
404,10.14317714,76.72174949,Idukki,49,6.630657,74.16993523,19.92476228,31.61426776,72.39113468,0.87612295,0.187999994,756.3699951,5.78000021,0.084,71.76200104,312.8340149,114.8000031,62.7159996,636.2000122,1.809999943,33.13600159,24.6779995,7.691999912,5.552000046
405,9.878919184,76.75981108,Idukki,54,4.7213364,73.88660228,19.20178112,29.7593399,77.51824673,0.6860742,0.187999994,756.3699951,5.78000021,0.084,71.76200104,312.8340149,114.8000031,62.7159996,636.2000122,1.809999943,33.13600159,24.6779995,7.691999912,5.552000046
406,9.878241483,76.74087242,Idukki,58,4.721336,64.90172362,20.12754238,30.46925428,77.64925458,0.8287227,0.187999994,756.3699951,5.78000021,0.084,71.76200104,312.8340149,114.8000031,62.7159996,636.2000122,1.809999943,33.13600159,24.6779995,7.691999912,5.552000046
407,10.22455774,76.69172161,Idukki,312,22.328772,93.06850481,19.75914101,31.42035012,67.57944208,0.5762611,0.187999994,756.3699951,5.78000021,0.084,71.76200104,312.8340149,114.8000031,62.7159996,636.2000122,1.809999943,33.13600159,24.6779995,7.691999912,5.552000046
408,10.19862416,76.68814916,Idukki,119,6.6317782,75.25054646,19.75914101,31.42035012,67.57944208,0.78219175,0.187999994,756.3699951,5.78000021,0.084,71.76200104,312.8340149,114.8000031,62.7159996,636.2000122,1.809999943,33.13600159,24.6779995,7.691999912,5.552000046
409,10.10041602,76.70856987,Idukki,56,1.3218,74.16993523,19.92476228,31.61426776,72.39113468,0.8736786,0.187999994,756.3699951,5.78000021,0.084,71.76200104,312.8340149,114.8000031,62.7159996,636.2000122,1.809999943,33.13600159,24.6779995,7.691999912,5.552000046
410,9.946503141,76.71876327,Idukki,75,2.09835,59.79022837,20.12754238,30.46925428,77.64925458,0.7723144,0.187999994,756.3699951,5.78000021,0.084,71.76200104,312.8340149,114.8000031,62.7159996,636.2000122,1.809999943,33.13600159,24.6779995,7.691999912,5.552000046
411,10.24171566,76.68218046,Idukki,333,28.122879,93.06850481,19.75914101,31.42035012,67.57944208,0.8639683,0.187999994,756.3699951,5.78000021,0.084,71.76200104,312.8340149,114.8000031,62.7159996,636.2000122,1.809999943,33.13600159,24.6779995,7.691999912,5.552000046
412,9.925936098,76.78092098,Idukki,69,4.992555,60.97481346,19.20178112,29.7593399,77.51824673,0.84705585,0.187999994,756.3699951,5.78000021,0.084,71.76200104,312.8340149,114.8000031,62.7159996,636.2000122,1.809999943,33.13600159,24.6779995,7.691999912,5.552000046
413,10.25625014,76.68640976,Idukki,156,0,69.06238365,19.25506823,30.09957302,62.43047644,-0.293617,0.187999994,756.3699951,5.78000021,0.084,71.76200104,312.8340149,114.8000031,62.7159996,636.2000122,1.809999943,33.13600159,24.6779995,7.691999912,5.552000046
414,10.14839444,76.71740704,Idukki,46,5.8548927,74.16993523,19.92476228,31.61426776,72.39113468,0.83261496,0.187999994,756.3699951,5.78000021,0.084,71.76200104,312.8340149,114.8000031,62.7159996,636.2000122,1.809999943,33.13600159,24.6779995,7.691999912,5.552000046
415,10.14823323,76.63972097,Idukki,79,5.050082,54.61143517,20.96730904,32.03326463,69.66558804,0.65335053,0.187999994,756.3699951,5.78000021,0.084,71.76200104,312.8340149,114.8000031,62.7159996,636.2000122,1.809999943,33.13600159,24.6779995,7.691999912,5.552000046
416,9.899567102,76.74443567,Idukki,47,0.92740995,64.90172362,20.12754238,30.46925428,77.64925458,0.49496797,0.187999994,756.3699951,5.78000021,0.084,71.76200104,312.8340149,114.8000031,62.7159996,636.2000122,1.809999943,33.13600159,24.6779995,7.691999912,5.552000046
417,9.579390071,76.88962419,Idukki,101,1.8805383,79.2499361,18.70209524,29.54403366,72.06060079,0.8198286,0.165999994,761.6099854,6.920000076,0.086,75.72000122,263.7080078,116.5999985,60.95800018,560,2.003999949,24.80800056,24.71800041,7.763999939,5.495999813
418,9.653734109,77.04046143,Idukki,855,16.342442,47.5588789,16.0067246,26.27754496,70.54951091,0.89565754,0.165999994,761.6099854,6.920000076,0.086,75.72000122,263.7080078,116.5999985,60.95800018,560,2.003999949,24.80800056,24.71800041,7.763999939,5.495999813
419,9.731764011,76.89278497,Idukki,889,8.718093,98.35801697,17.62368269,28.03513541,73.23434817,0.47177285,0.165999994,761.6099854,6.920000076,0.086,75.72000122,263.7080078,116.5999985,60.95800018,560,2.003999949,24.80800056,24.71800041,7.763999939,5.495999813
420,9.58805825,77.11517273,Idukki,894,27.715073,63.94019127,16.64028452,27.21241702,68.91201049,0.76264834,0.165999994,761.6099854,6.920000076,0.086,75.72000122,263.7080078,116.5999985,60.95800018,560,2.003999949,24.80800056,24.71800041,7.763999939,5.495999813
421,9.911715774,76.86071862,Idukki,184,15.178639,90.93018007,17.99073786,28.75908261,75.22579171,0.7526679,0.165999994,761.6099854,6.920000076,0.086,75.72000122,263.7080078,116.5999985,60.95800018,560,2.003999949,24.80800056,24.71800041,7.763999939,5.495999813
422,9.554781442,76.89922663,Idukki,97,7.9704885,79.2499361,18.70209524,29.54403366,72.06060079,0.6981038,0.165999994,761.6099854,6.920000076,0.086,75.72000122,263.7080078,116.5999985,60.95800018,560,2.003999949,24.80800056,24.71800041,7.763999939,5.495999813
423,9.805135825,76.96529284,Idukki,908,24.609434,61.84370375,16.31021928,26.66195884,71.54297349,0.6107574,0.165999994,761.6099854,6.920000076,0.086,75.72000122,263.7080078,116.5999985,60.95800018,560,2.003999949,24.80800056,24.71800041,7.763999939,5.495999813
424,9.965385808,76.82546396,Idukki,104,2.0984478,92.14551449,19.09329481,29.89442439,77.52254625,0.82425565,0.165999994,761.6099854,6.920000076,0.086,75.72000122,263.7080078,116.5999985,60.95800018,560,2.003999949,24.80800056,24.71800041,7.763999939,5.495999813
425,10.2370393,76.73225219,Idukki,156,0,88.09934378,19.75914101,31.42035012,67.57944208,-0.7037037,0.165999994,761.6099854,6.920000076,0.086,75.72000122,263.7080078,116.5999985,60.95800018,560,2.003999949,24.80800056,24.71800041,7.763999939,5.495999813
426,9.626747904,77.00272367,Idukki,1361,16.336811,60.93183351,17.08735467,27.68629319,69.82920559,0.31654677,0.165999994,761.6099854,6.920000076,0.086,75.72000122,263.7080078,116.5999985,60.95800018,560,2.003999949,24.80800056,24.71800041,7.763999939,5.495999813
427,9.672352884,76.99093791,Idukki,816,4.6273675,49.32995224,16.0067246,26.27754496,70.54951091,0.7819687,0.165999994,761.6099854,6.920000076,0.086,75.72000122,263.7080078,116.5999985,60.95800018,560,2.003999949,24.80800056,24.71800041,7.763999939,5.495999813
428,9.760610378,76.97149306,Idukki,965,17.86984,59.44091105,16.31021928,26.66195884,71.54297349,0.38464883,0.165999994,761.6099854,6.920000076,0.086,75.72000122,263.7080078,116.5999985,60.95800018,560,2.003999949,24.80800056,24.71800041,7.763999939,5.495999813
429,9.837970325,76.84576355,Idukki,138,26.522175,89.01238966,19.12685336,29.61994297,76.53621934,0.7372773,0.165999994,761.6099854,6.920000076,0.086,75.72000122,263.7080078,116.5999985,60.95800018,560,2.003999949,24.80800056,24.71800041,7.763999939,5.495999813
430,9.637365601,76.98160339,Idukki,966,13.057216,65.04435253,17.08735467,27.68629319,69.82920559,0.8347001,0.165999994,761.6099854,6.920000076,0.086,75.72000122,263.7080078,116.5999985,60.95800018,560,2.003999949,24.80800056,24.71800041,7.763999939,5.495999813
431,10.0366796,76.82609788,Idukki,152,26.490374,79.23621559,19.09329481,29.89442439,77.52254625,0.4092981,0.165999994,761.6099854,6.920000076,0.086,75.72000122,263.7080078,116.5999985,60.95800018,560,2.003999949,24.80800056,24.71800041,7.763999939,5.495999813
432,9.541751239,77.11818897,Idukki,888,17.321783,54.75857151,17.40980788,28.24035797,68.82938472,0.85510653,0.165999994,761.6099854,6.920000076,0.086,75.72000122,263.7080078,116.5999985,60.95800018,560,2.003999949,24.80800056,24.71800041,7.763999939,5.495999813
433,10.09884934,76.78323891,Idukki,70,16.73746,75.06688786,18.90149526,30.23806547,74.30139726,0.7793427,0.165999994,761.6099854,6.920000076,0.086,75.72000122,263.7080078,116.5999985,60.95800018,560,2.003999949,24.80800056,24.71800041,7.763999939,5.495999813
434,9.649757327,76.97035639,Idukki,982,17.768417,65.04435253,17.08735467,27.68629319,69.82920559,0.84756976,0.165999994,761.6099854,6.920000076,0.086,75.72000122,263.7080078,116.5999985,60.95800018,560,2.003999949,24.80800056,24.71800041,7.763999939,5.495999813
435,9.538822402,76.90381709,Idukki,82,2.0788682,74.04741955,20.17133431,31.22614599,70.30907558,0.13646533,0.165999994,761.6099854,6.920000076,0.086,75.72000122,263.7080078,116.5999985,60.95800018,560,2.003999949,24.80800056,24.71800041,7.763999939,5.495999813
436,9.957307396,76.85046934,Idukki,220,21.658144,77.60004139,17.51345241,28.50530685,75.75001944,0.5463917,0.165999994,761.6099854,6.920000076,0.086,75.72000122,263.7080078,116.5999985,60.95800018,560,2.003999949,24.80800056,24.71800041,7.763999939,5.495999813
437,9.945577218,76.85898543,Idukki,258,19.489012,90.93018007,17.99073786,28.75908261,75.22579171,0.7832479,0.165999994,761.6099854,6.920000076,0.086,75.72000122,263.7080078,116.5999985,60.95800018,560,2.003999949,24.80800056,24.71800041,7.763999939,5.495999813
438,9.590446618,76.93713657,Idukki,845,10.236686,123.3420396,18.70209524,29.54403366,72.06060079,0.7798165,0.165999994,761.6099854,6.920000076,0.086,75.72000122,263.7080078,116.5999985,60.95800018,560,2.003999949,24.80800056,24.71800041,7.763999939,5.495999813
439,9.674960991,76.95228013,Idukki,926,4.6938324,49.32995224,16.0067246,26.27754496,70.54951091,0.8228197,0.165999994,761.6099854,6.920000076,0.086,75.72000122,263.7080078,116.5999985,60.95800018,560,2.003999949,24.80800056,24.71800041,7.763999939,5.495999813
440,9.603778703,76.95097108,Idukki,1139,7.4372635,65.04435253,17.08735467,27.68629319,69.82920559,0.7844776,0.165999994,761.6099854,6.920000076,0.086,75.72000122,263.7080078,116.5999985,60.95800018,560,2.003999949,24.80800056,24.71800041,7.763999939,5.495999813
441,9.812083676,76.84038336,Idukki,139,12.353679,89.01238966,19.12685336,29.61994297,76.53621934,0.6343902,0.165999994,761.6099854,6.920000076,0.086,75.72000122,263.7080078,116.5999985,60.95800018,560,2.003999949,24.80800056,24.71800041,7.763999939,5.495999813
442,9.738874707,76.98064895,Idukki,851,35.724735,57.33931828,16.0067246,26.27754496,70.54951091,0.31651595,0.165999994,761.6099854,6.920000076,0.086,75.72000122,263.7080078,116.5999985,60.95800018,560,2.003999949,24.80800056,24.71800041,7.763999939,5.495999813
443,10.17430067,76.7430126,Idukki,137,17.352655,67.07033157,19.75914101,31.42035012,67.57944208,0.82482713,0.165999994,761.6099854,6.920000076,0.086,75.72000122,263.7080078,116.5999985,60.95800018,560,2.003999949,24.80800056,24.71800041,7.763999939,5.495999813
444,9.692170006,77.01964165,Idukki,765,16.342463,47.5588789,16.0067246,26.27754496,70.54951091,0.82180125,0.165999994,761.6099854,6.920000076,0.086,75.72000122,263.7080078,116.5999985,60.95800018,560,2.003999949,24.80800056,24.71800041,7.763999939,5.495999813
445,9.590647519,76.91614723,Idukki,537,36.96342,123.3420396,18.70209524,29.54403366,72.06060079,0.7342463,0.165999994,761.6099854,6.920000076,0.086,75.72000122,263.7080078,116.5999985,60.95800018,560,2.003999949,24.80800056,24.71800041,7.763999939,5.495999813
446,9.834042489,76.8725794,Idukki,403,36.822098,94.14572382,17.65754589,28.04717539,74.44535575,0.8389871,0.165999994,761.6099854,6.920000076,0.086,75.72000122,263.7080078,116.5999985,60.95800018,560,2.003999949,24.80800056,24.71800041,7.763999939,5.495999813
447,9.741179328,76.93032283,Idukki,941,25.344223,57.77385843,17.62368269,28.03513541,73.23434817,0.6001016,0.165999994,761.6099854,6.920000076,0.086,75.72000122,263.7080078,116.5999985,60.95800018,560,2.003999949,24.80800056,24.71800041,7.763999939,5.495999813
448,9.5452567,77.00039741,Idukki,586,31.402647,92.56303716,18.69524773,29.7377866,69.61497357,0.4468855,0.165999994,761.6099854,6.920000076,0.086,75.72000122,263.7080078,116.5999985,60.95800018,560,2.003999949,24.80800056,24.71800041,7.763999939,5.495999813
449,9.744962805,76.87221358,Idukki,453,29.664629,98.35801697,17.62368269,28.03513541,73.23434817,0.7854954,0.165999994,761.6099854,6.920000076,0.086,75.72000122,263.7080078,116.5999985,60.95800018,560,2.003999949,24.80800056,24.71800041,7.763999939,5.495999813
450,9.547491717,76.98967837,Idukki,487,26.221169,105.5909009,18.69524773,29.7377866,69.61497357,0.66648924,0.165999994,761.6099854,6.920000076,0.086,75.72000122,263.7080078,116.5999985,60.95800018,560,2.003999949,24.80800056,24.71800041,7.763999939,5.495999813
451,9.56186717,77.13592177,Idukki,988,27.802212,63.94019127,16.64028452,27.21241702,68.91201049,0.81886053,0.165999994,761.6099854,6.920000076,0.086,75.72000122,263.7080078,116.5999985,60.95800018,560,2.003999949,24.80800056,24.71800041,7.763999939,5.495999813
452,9.578941088,76.94022006,Idukki,510,36.114002,123.3420396,18.70209524,29.54403366,72.06060079,0.79419065,0.165999994,761.6099854,6.920000076,0.086,75.72000122,263.7080078,116.5999985,60.95800018,560,2.003999949,24.80800056,24.71800041,7.763999939,5.495999813
453,9.682753318,77.01019283,Idukki,845,14.959818,47.5588789,16.0067246,26.27754496,70.54951091,0.6341392,0.165999994,761.6099854,6.920000076,0.086,75.72000122,263.7080078,116.5999985,60.95800018,560,2.003999949,24.80800056,24.71800041,7.763999939,5.495999813
454,10.06632935,76.84396295,Idukki,747,13.55407,75.80184507,18.90149526,30.23806547,74.30139726,0.46426734,0.165999994,761.6099854,6.920000076,0.086,75.72000122,263.7080078,116.5999985,60.95800018,560,2.003999949,24.80800056,24.71800041,7.763999939,5.495999813
455,9.645566056,77.01988546,Idukki,841,22.69685,60.93183351,17.08735467,27.68629319,69.82920559,0.80278176,0.165999994,761.6099854,6.920000076,0.086,75.72000122,263.7080078,116.5999985,60.95800018,560,2.003999949,24.80800056,24.71800041,7.763999939,5.495999813
456,9.868172426,76.82913013,Idukki,414,29.413103,91.65948248,19.20178112,29.7593399,77.51824673,0.75214237,0.165999994,761.6099854,6.920000076,0.086,75.72000122,263.7080078,116.5999985,60.95800018,560,2.003999949,24.80800056,24.71800041,7.763999939,5.495999813
457,9.680412793,77.06058888,Idukki,1010,11.184434,60.63509893,15.86223886,26.44107498,68.26246915,0.89649063,0.165999994,761.6099854,6.920000076,0.086,75.72000122,263.7080078,116.5999985,60.95800018,560,2.003999949,24.80800056,24.71800041,7.763999939,5.495999813
458,9.639698532,77.07470287,Idukki,823,8.455691,48.86258483,16.64028452,27.21241702,68.91201049,0.73506397,0.165999994,761.6099854,6.920000076,0.086,75.72000122,263.7080078,116.5999985,60.95800018,560,2.003999949,24.80800056,24.71800041,7.763999939,5.495999813
459,9.585993546,76.96425011,Idukki,1056,12.080967,92.07137632,17.08735467,27.68629319,69.82920559,0.6875401,0.165999994,761.6099854,6.920000076,0.086,75.72000122,263.7080078,116.5999985,60.95800018,560,2.003999949,24.80800056,24.71800041,7.763999939,5.495999813
460,9.757041798,76.92644604,Idukki,755,18.627487,65.88764238,17.65754589,28.04717539,74.44535575,0.77327573,0.165999994,761.6099854,6.920000076,0.086,75.72000122,263.7080078,116.5999985,60.95800018,560,2.003999949,24.80800056,24.71800041,7.763999939,5.495999813
461,10.08397377,76.78695486,Idukki,263,19.621674,75.06688786,18.90149526,30.23806547,74.30139726,0.58420444,0.165999994,761.6099854,6.920000076,0.086,75.72000122,263.7080078,116.5999985,60.95800018,560,2.003999949,24.80800056,24.71800041,7.763999939,5.495999813
462,10.02376473,76.82562941,Idukki,139,7.6102395,79.23621559,19.09329481,29.89442439,77.52254625,0.8252474,0.165999994,761.6099854,6.920000076,0.086,75.72000122,263.7080078,116.5999985,60.95800018,560,2.003999949,24.80800056,24.71800041,7.763999939,5.495999813
463,9.776756323,76.88160588,Idukki,858,49.308804,101.3889947,17.65754589,28.04717539,74.44535575,0.31979468,0.165999994,761.6099854,6.920000076,0.086,75.72000122,263.7080078,116.5999985,60.95800018,560,2.003999949,24.80800056,24.71800041,7.763999939,5.495999813
464,9.643459406,77.08483667,Idukki,1026,8.340842,48.86258483,16.64028452,27.21241702,68.91201049,0.593345,0.165999994,761.6099854,6.920000076,0.086,75.72000122,263.7080078,116.5999985,60.95800018,560,2.003999949,24.80800056,24.71800041,7.763999939,5.495999813
465,10.05393396,76.82859067,Idukki,424,27.602043,75.80184507,18.90149526,30.23806547,74.30139726,0.61120087,0.165999994,761.6099854,6.920000076,0.086,75.72000122,263.7080078,116.5999985,60.95800018,560,2.003999949,24.80800056,24.71800041,7.763999939,5.495999813
466,9.871793209,76.88975185,Idukki,299,43.855305,97.29240561,17.99073786,28.75908261,75.22579171,0.79002756,0.165999994,761.6099854,6.920000076,0.086,75.72000122,263.7080078,116.5999985,60.95800018,560,2.003999949,24.80800056,24.71800041,7.763999939,5.495999813
467,9.693706908,77.04644426,Idukki,792,14.376486,47.5588789,16.0067246,26.27754496,70.54951091,0.8563671,0.165999994,761.6099854,6.920000076,0.086,75.72000122,263.7080078,116.5999985,60.95800018,560,2.003999949,24.80800056,24.71800041,7.763999939,5.495999813
468,9.844391519,76.81000259,Idukki,67,2.641143,89.01238966,19.12685336,29.61994297,76.53621934,0.8862466,0.165999994,761.6099854,6.920000076,0.086,75.72000122,263.7080078,116.5999985,60.95800018,560,2.003999949,24.80800056,24.71800041,7.763999939,5.495999813
469,9.668796803,77.02504447,Idukki,796,10.028956,47.5588789,16.0067246,26.27754496,70.54951091,0.8145743,0.165999994,761.6099854,6.920000076,0.086,75.72000122,263.7080078,116.5999985,60.95800018,560,2.003999949,24.80800056,24.71800041,7.763999939,5.495999813
470,9.698041753,77.03059873,Idukki,747,5.4494257,47.5588789,16.0067246,26.27754496,70.54951091,0.78163475,0.165999994,761.6099854,6.920000076,0.086,75.72000122,263.7080078,116.5999985,60.95800018,560,2.003999949,24.80800056,24.71800041,7.763999939,5.495999813
471,9.909938141,76.94765172,Idukki,654,5.4137883,64.48637581,17.99073786,28.75908261,75.22579171,0.8198838,0.165999994,761.6099854,6.920000076,0.086,75.72000122,263.7080078,116.5999985,60.95800018,560,2.003999949,24.80800056,24.71800041,7.763999939,5.495999813
472,9.505115353,77.11013134,Idukki,1000,23.667877,54.75857151,17.40980788,28.24035797,68.82938472,0.7722504,0.165999994,761.6099854,6.920000076,0.086,75.72000122,263.7080078,116.5999985,60.95800018,560,2.003999949,24.80800056,24.71800041,7.763999939,5.495999813
473,9.709872129,76.97063958,Idukki,949,18.493828,57.33931828,16.0067246,26.27754496,70.54951091,0.81393766,0.165999994,761.6099854,6.920000076,0.086,75.72000122,263.7080078,116.5999985,60.95800018,560,2.003999949,24.80800056,24.71800041,7.763999939,5.495999813
474,9.624797412,76.99366311,Idukki,1342,12.182441,65.04435253,17.08735467,27.68629319,69.82920559,0.8684211,0.165999994,761.6099854,6.920000076,0.086,75.72000122,263.7080078,116.5999985,60.95800018,560,2.003999949,24.80800056,24.71800041,7.763999939,5.495999813
475,10.06324151,76.77678882,Idukki,57,7.0450783,75.06688786,18.90149526,30.23806547,74.30139726,0.71189713,0.165999994,761.6099854,6.920000076,0.086,75.72000122,263.7080078,116.5999985,60.95800018,560,2.003999949,24.80800056,24.71800041,7.763999939,5.495999813
476,9.773156964,76.92756857,Idukki,723,0,65.88764238,17.65754589,28.04717539,74.44535575,-0.16006339,0.165999994,761.6099854,6.920000076,0.086,75.72000122,263.7080078,116.5999985,60.95800018,560,2.003999949,24.80800056,24.71800041,7.763999939,5.495999813
477,9.624603637,76.99661862,Idukki,1304,20.516724,65.04435253,17.08735467,27.68629319,69.82920559,0.40642035,0.165999994,761.6099854,6.920000076,0.086,75.72000122,263.7080078,116.5999985,60.95800018,560,2.003999949,24.80800056,24.71800041,7.763999939,5.495999813
478,9.69215399,76.97072739,Idukki,856,22.098375,49.32995224,16.0067246,26.27754496,70.54951091,0.87516993,0.165999994,761.6099854,6.920000076,0.086,75.72000122,263.7080078,116.5999985,60.95800018,560,2.003999949,24.80800056,24.71800041,7.763999939,5.495999813
479,9.648174031,77.06305059,Idukki,823,10.398033,48.86258483,16.64028452,27.21241702,68.91201049,0.7453835,0.165999994,761.6099854,6.920000076,0.086,75.72000122,263.7080078,116.5999985,60.95800018,560,2.003999949,24.80800056,24.71800041,7.763999939,5.495999813
480,9.610813606,77.01778284,Idukki,974,22.868738,60.93183351,17.08735467,27.68629319,69.82920559,0.615296,0.165999994,761.6099854,6.920000076,0.086,75.72000122,263.7080078,116.5999985,60.95800018,560,2.003999949,24.80800056,24.71800041,7.763999939,5.495999813
481,9.790152106,76.89672162,Idukki,812,11.145221,101.3889947,17.65754589,28.04717539,74.44535575,0.84210527,0.165999994,761.6099854,6.920000076,0.086,75.72000122,263.7080078,116.5999985,60.95800018,560,2.003999949,24.80800056,24.71800041,7.763999939,5.495999813
482,10.20019499,76.73653676,Idukki,71,4.7215214,88.09934378,19.75914101,31.42035012,67.57944208,0.73866254,0.165999994,761.6099854,6.920000076,0.086,75.72000122,263.7080078,116.5999985,60.95800018,560,2.003999949,24.80800056,24.71800041,7.763999939,5.495999813
483,9.886379235,76.88019945,Idukki,83,7.977356,97.29240561,17.99073786,28.75908261,75.22579171,0.860181,0.165999994,761.6099854,6.920000076,0.086,75.72000122,263.7080078,116.5999985,60.95800018,560,2.003999949,24.80800056,24.71800041,7.763999939,5.495999813
484,9.861090873,76.92302249,Idukki,843,25.13091,69.64462948,17.99073786,28.75908261,75.22579171,0.8580513,0.165999994,761.6099854,6.920000076,0.086,75.72000122,263.7080078,116.5999985,60.95800018,560,2.003999949,24.80800056,24.71800041,7.763999939,5.495999813
485,9.416490643,77.02179372,Idukki,303,27.935667,95.01021957,19.24964268,30.60316962,68.74898342,0.8176006,0.165999994,761.6099854,6.920000076,0.086,75.72000122,263.7080078,116.5999985,60.95800018,560,2.003999949,24.80800056,24.71800041,7.763999939,5.495999813
486,9.741069179,76.89602657,Idukki,857,4.1889977,98.35801697,17.62368269,28.03513541,73.23434817,0.8090803,0.165999994,761.6099854,6.920000076,0.086,75.72000122,263.7080078,116.5999985,60.95800018,560,2.003999949,24.80800056,24.71800041,7.763999939,5.495999813
487,9.579253663,77.01653419,Idukki,1064,12.047148,65.82469821,17.08735467,27.68629319,69.82920559,0.8256627,0.165999994,761.6099854,6.920000076,0.086,75.72000122,263.7080078,116.5999985,60.95800018,560,2.003999949,24.80800056,24.71800041,7.763999939,5.495999813
488,9.404970029,77.02823914,Idukki,177,15.542082,95.01021957,19.24964268,30.60316962,68.74898342,0.7977928,0.165999994,761.6099854,6.920000076,0.086,75.72000122,263.7080078,116.5999985,60.95800018,560,2.003999949,24.80800056,24.71800041,7.763999939,5.495999813
489,9.721166032,76.95980713,Idukki,1096,19.080748,57.33931828,16.0067246,26.27754496,70.54951091,0.80702037,0.165999994,761.6099854,6.920000076,0.086,75.72000122,263.7080078,116.5999985,60.95800018,560,2.003999949,24.80800056,24.71800041,7.763999939,5.495999813
490,9.474458729,77.10057904,Idukki,1202,5.9178944,74.55023968,17.40980788,28.24035797,68.82938472,0.6498873,0.165999994,761.6099854,6.920000076,0.086,75.72000122,263.7080078,116.5999985,60.95800018,560,2.003999949,24.80800056,24.71800041,7.763999939,5.495999813
491,9.708089879,76.93165597,Idukki,933,13.06587,57.77385843,17.62368269,28.03513541,73.23434817,0.49066213,0.165999994,761.6099854,6.920000076,0.086,75.72000122,263.7080078,116.5999985,60.95800018,560,2.003999949,24.80800056,24.71800041,7.763999939,5.495999813
492,9.664803823,76.97699544,Idukki,832,23.41318,49.32995224,16.0067246,26.27754496,70.54951091,0.8134064,0.165999994,761.6099854,6.920000076,0.086,75.72000122,263.7080078,116.5999985,60.95800018,560,2.003999949,24.80800056,24.71800041,7.763999939,5.495999813
493,9.674404893,77.05606813,Idukki,987,13.552265,60.63509893,15.86223886,26.44107498,68.26246915,0.85624605,0.165999994,761.6099854,6.920000076,0.086,75.72000122,263.7080078,116.5999985,60.95800018,560,2.003999949,24.80800056,24.71800041,7.763999939,5.495999813
494,9.50125068,77.04278442,Idukki,313,32.586544,92.56303716,18.69524773,29.7377866,69.61497357,0.6252921,0.165999994,761.6099854,6.920000076,0.086,75.72000122,263.7080078,116.5999985,60.95800018,560,2.003999949,24.80800056,24.71800041,7.763999939,5.495999813
495,9.831606909,76.84503453,Idukki,156,20.025105,89.01238966,19.12685336,29.61994297,76.53621934,0.42254335,0.165999994,761.6099854,6.920000076,0.086,75.72000122,263.7080078,116.5999985,60.95800018,560,2.003999949,24.80800056,24.71800041,7.763999939,5.495999813
496,9.833673562,76.67057067,Idukki,192,20.62957,83.53423142,20.10861464,30.37614778,77.51435869,0.74714357,0.170000002,809.7800293,5.820000172,0.096,67.95800018,249.2779999,118.8000031,70.62400055,722.5999756,2.203999996,26.12599945,16.40600014,6.559999943,5.906000137
497,9.877701436,76.62356315,Idukki,105,11.724494,73.37624812,21.08069763,30.74965163,75.66213511,0.753315,0.170000002,809.7800293,5.820000172,0.096,67.95800018,249.2779999,118.8000031,70.62400055,722.5999756,2.203999996,26.12599945,16.40600014,6.559999943,5.906000137
498,9.83771372,76.71445433,Idukki,85,7.5184917,87.8971076,20.10861464,30.37614778,77.51435869,0.7231169,0.170000002,809.7800293,5.820000172,0.096,67.95800018,249.2779999,118.8000031,70.62400055,722.5999756,2.203999996,26.12599945,16.40600014,6.559999943,5.906000137
499,9.429073329,76.9477863,Idukki,144,16.711123,89.51591372,20.19784172,31.74939223,69.4542368,0.62811637,0.173999995,787.0200195,6.265999794,0.1,73.52999878,241.7700043,118.1999969,64.62000275,647,2.20600009,24.01799965,16.05999947,6.843999863,5.639999866
500,9.513923349,76.90878418,Idukki,146,15.1374655,74.04741955,20.17133431,31.22614599,70.30907558,0.76772934,0.173999995,787.0200195,6.265999794,0.1,73.52999878,241.7700043,118.1999969,64.62000275,647,2.20600009,24.01799965,16.05999947,6.843999863,5.639999866
501,9.903838767,76.71720774,Idukki,49,6.216231,59.79022837,20.12754238,30.46925428,77.64925458,0.5257915,0.172000006,788.3699951,6.493999958,0.102,70.28199768,273.1380005,118.5999985,66.16799927,650.7999878,2.085999966,27.09600067,25.06800079,7.389999866,5.665999889
502,9.859736612,76.73507431,Idukki,52,17.290764,64.90172362,20.12754238,30.46925428,77.64925458,0.8422597,0.172000006,788.3699951,6.493999958,0.102,70.28199768,273.1380005,118.5999985,66.16799927,650.7999878,2.085999966,27.09600067,25.06800079,7.389999866,5.665999889
503,9.911397578,76.71156929,Idukki,58,2.822345,59.79022837,20.12754238,30.46925428,77.64925458,0.45855758,0.172000006,788.3699951,6.493999958,0.102,70.28199768,273.1380005,118.5999985,66.16799927,650.7999878,2.085999966,27.09600067,25.06800079,7.389999866,5.665999889
504,9.897116688,76.70742719,Idukki,36,5.9719853,64.90172362,20.12754238,30.46925428,77.64925458,0.17933723,0.172000006,788.3699951,6.493999958,0.102,70.28199768,273.1380005,118.5999985,66.16799927,650.7999878,2.085999966,27.09600067,25.06800079,7.389999866,5.665999889
505,9.872613218,76.73196682,Idukki,41,7.2498183,64.90172362,20.12754238,30.46925428,77.64925458,0.57742965,0.172000006,788.3699951,6.493999958,0.102,70.28199768,273.1380005,118.5999985,66.16799927,650.7999878,2.085999966,27.09600067,25.06800079,7.389999866,5.665999889
506,9.803104166,76.75255593,Idukki,262,21.979055,122.8872786,19.12685336,29.61994297,76.53621934,0.7885032,0.172000006,788.3699951,6.493999958,0.102,70.28199768,273.1380005,118.5999985,66.16799927,650.7999878,2.085999966,27.09600067,25.06800079,7.389999866,5.665999889
507,10.15908794,77.11498033,Idukki,1651,14.797257,86.23359251,12.02653288,21.88396633,69.76667791,0.7693878,0.172000006,703.8300171,5.334000111,0.106,72.91600037,405.5440063,121.5999985,47.8219986,686.5999756,1.830000043,24.64999962,10.76799965,6.584000111,5.510000229
508,10.17951986,77.02215914,Idukki,1983,25.16101,80.12058067,13.54636746,23.51997791,72.14905896,0.8854962,0.172000006,703.8300171,5.334000111,0.106,72.91600037,405.5440063,121.5999985,47.8219986,686.5999756,1.830000043,24.64999962,10.76799965,6.584000111,5.510000229
509,10.2724723,77.17964872,Idukki,833,13.55505,52.46703005,14.65617155,23.76650969,69.73715689,0.68666905,0.172000006,703.8300171,5.334000111,0.106,72.91600037,405.5440063,121.5999985,47.8219986,686.5999756,1.830000043,24.64999962,10.76799965,6.584000111,5.510000229
510,10.23104394,77.09297077,Idukki,2146,18.099054,52.11769092,12.02653288,21.88396633,69.76667791,0.7814361,0.172000006,703.8300171,5.334000111,0.106,72.91600037,405.5440063,121.5999985,47.8219986,686.5999756,1.830000043,24.64999962,10.76799965,6.584000111,5.510000229
511,10.19963534,77.00645905,Idukki,1237,18.09871,80.12058067,13.54636746,23.51997791,72.14905896,0.86121,0.172000006,703.8300171,5.334000111,0.106,72.91600037,405.5440063,121.5999985,47.8219986,686.5999756,1.830000043,24.64999962,10.76799965,6.584000111,5.510000229
512,10.22524983,77.10074566,Idukki,2130,21.300655,86.11728978,12.02653288,21.88396633,69.76667791,0.84689987,0.172000006,703.8300171,5.334000111,0.106,72.91600037,405.5440063,121.5999985,47.8219986,686.5999756,1.830000043,24.64999962,10.76799965,6.584000111,5.510000229
513,10.21610329,77.13315427,Idukki,1069,13.888323,86.11728978,12.02653288,21.88396633,69.76667791,0.49194112,0.172000006,703.8300171,5.334000111,0.106,72.91600037,405.5440063,121.5999985,47.8219986,686.5999756,1.830000043,24.64999962,10.76799965,6.584000111,5.510000229
514,10.15592463,77.09017197,Idukki,1664,18.111002,88.32013917,12.02653288,21.88396633,69.76667791,0.81944907,0.172000006,703.8300171,5.334000111,0.106,72.91600037,405.5440063,121.5999985,47.8219986,686.5999756,1.830000043,24.64999962,10.76799965,6.584000111,5.510000229
515,10.11922954,77.14164291,Idukki,1633,22.887768,51.19684708,12.81881709,23.02410989,69.06948684,0.91675913,0.172000006,703.8300171,5.334000111,0.106,72.91600037,405.5440063,121.5999985,47.8219986,686.5999756,1.830000043,24.64999962,10.76799965,6.584000111,5.510000229
516,10.2979727,77.18113307,Idukki,886,28.796957,52.46703005,14.65617155,23.76650969,69.73715689,0.7655223,0.172000006,703.8300171,5.334000111,0.106,72.91600037,405.5440063,121.5999985,47.8219986,686.5999756,1.830000043,24.64999962,10.76799965,6.584000111,5.510000229
517,10.05106594,77.17277078,Idukki,1689,16.10923,62.42702079,13.36951862,23.46962575,66.87718375,0.6815017,0.172000006,703.8300171,5.334000111,0.106,72.91600037,405.5440063,121.5999985,47.8219986,686.5999756,1.830000043,24.64999962,10.76799965,6.584000111,5.510000229
518,10.18820104,77.0319267,Idukki,1572,14.961495,80.12058067,13.54636746,23.51997791,72.14905896,0.8509725,0.172000006,703.8300171,5.334000111,0.106,72.91600037,405.5440063,121.5999985,47.8219986,686.5999756,1.830000043,24.64999962,10.76799965,6.584000111,5.510000229
519,10.08835571,77.08928175,Idukki,1553,13.648223,54.29280972,12.81881709,23.02410989,69.06948684,0.9245283,0.172000006,703.8300171,5.334000111,0.106,72.91600037,405.5440063,121.5999985,47.8219986,686.5999756,1.830000043,24.64999962,10.76799965,6.584000111,5.510000229
520,10.31228793,77.16393761,Idukki,1566,26.921305,84.02981961,14.65617155,23.76650969,69.73715689,0.50769234,0.172000006,703.8300171,5.334000111,0.106,72.91600037,405.5440063,121.5999985,47.8219986,686.5999756,1.830000043,24.64999962,10.76799965,6.584000111,5.510000229
521,10.17023079,77.09073508,Idukki,1748,17.324148,88.32013917,12.02653288,21.88396633,69.76667791,0.7482108,0.172000006,703.8300171,5.334000111,0.106,72.91600037,405.5440063,121.5999985,47.8219986,686.5999756,1.830000043,24.64999962,10.76799965,6.584000111,5.510000229
522,10.29322359,77.14797719,Idukki,1537,26.920599,90.39717722,12.79932793,22.61876989,68.24017279,0.69451076,0.172000006,703.8300171,5.334000111,0.106,72.91600037,405.5440063,121.5999985,47.8219986,686.5999756,1.830000043,24.64999962,10.76799965,6.584000111,5.510000229
523,10.01667047,77.17715126,Idukki,1443,33.340816,51.61316907,15.05634171,25.82493586,66.66572892,0.86663234,0.172000006,703.8300171,5.334000111,0.106,72.91600037,405.5440063,121.5999985,47.8219986,686.5999756,1.830000043,24.64999962,10.76799965,6.584000111,5.510000229
524,10.29137297,77.10676378,Idukki,2065,5.9310846,90.39717722,12.79932793,22.61876989,68.24017279,0.4689396,0.172000006,703.8300171,5.334000111,0.106,72.91600037,405.5440063,121.5999985,47.8219986,686.5999756,1.830000043,24.64999962,10.76799965,6.584000111,5.510000229
525,12.36236477,75.306879,Kasaragod,184,4.1604156,37.13432932,20.70925951,31.7930763,63.35318227,0.5840542,0.095399998,489,4.869999886,0.04,87.30000305,72.84480286,130,75.52857971,238.3300018,5.238260586,32.82944107,0.0625,4.655848026,4.650000095
526,12.48672962,75.323904,Kasaragod,228,14.219244,33.0605582,20.15259573,32.75204489,60.53343866,0.8140276,0.100000001,215,2.980000019,0.04,15.19999981,345.8900146,113,71.22850037,771.0800171,2.710000038,5.929999828,6.539999962,2.670000076,6.1141174
527,12.75207233,74.935661,Kasaragod,86,0,3.978767918,23.05525886,31.20900747,66.9942883,0.62495875,0.109999999,250,7.409999847,0.04,84.55999756,83.48000336,129,31.56999969,560.8699951,0.75,8.119999886,5.269999981,4.880000114,4.260000229
528,12.75209045,74.93544006,Kasaragod,83,3.7982154,3.978767918,23.05525886,31.20900747,66.9942883,0.7186367,0.109999999,1240,7.510000229,0.04,32.59999847,601.4400024,384,54.86000061,569.7199707,0.819999993,7.239999771,2.809999943,5.840000153,5.46999979
529,12.76845455,74.938596,Kasaragod,59,18.98181,3.978767918,23.05525886,31.20900747,66.9942883,0.28515545,0.119999997,380,6.96999979,0.04,57.81000137,85.79000092,228,49.90000153,535.5999756,0.569999993,15.32999992,5.28000021,5.130000114,5.170000076
530,12.5090189,75.103022,Kasaragod,104,12.4426985,4.674611181,22.31491978,32.16681034,63.33722783,0.7445422,0.119999997,550,2.160000086,0.04,15.19999981,182.7599945,129,65.94999695,585.4400024,0.819999993,15.23999977,2.670000076,3.859999895,6.119999886
531,12.7002449,74.963163,Kasaragod,53,2.9378452,4.691034973,22.54869706,31.94118337,63.48428095,0.79879576,0.119999997,490,1.549999952,0.04,10.30000019,132.0500031,240,35.97000122,585.4500122,0.959999979,7.039999962,4.170000076,3.210000038,6.329999924
532,12.69030952,74.956513,Kasaragod,62,9.900215,3.936818935,22.54869706,31.94118337,63.48428095,0.65352374,0.129999995,340,1.50999999,0.04,31.70000076,129.3600006,228,21.73999977,570.9699707,0.769999981,17.98999977,2.559999943,3.160000086,5.789999962
533,12.71471024,74.914938,Kasaragod,44,2.6546173,2.68382284,23.6300685,30.91303301,66.81634028,0.2679119,0.150000006,520,1.860000014,0.04,7.699999809,155.3800049,132,32.56999969,571.5300293,0.75999999,5.829999924,4.519999981,2.49000001,6.599999905
534,12.41593266,75.266131,Kasaragod,201,10.2664,36.26240587,20.70925951,31.7930763,63.35318227,0.59875095,0.107799999,790,4.71999979,0.05,43.79999924,381.6960144,133,61.25249863,630.7600098,1.476439791,26.41744041,2.525000095,3.75999999,5.309999943
535,12.44500828,75.292932,Kasaragod,84,4.160689,36.26240587,20.70925951,31.7930763,63.35318227,0.7716088,0.104599997,204,2.460000038,0.05,17.29999924,327.1520081,228,55.95949936,745.7299805,2.539999962,6.21600008,6.081250191,2.269999981,6.070000172
536,12.5310154,75.141947,Kasaragod,170,5.547545,4.674611181,22.31491978,32.16681034,63.33722783,0.64007527,0.090000004,120,3.519999981,0.05,25.20000076,150.9799957,204,25.87000084,605.3900146,1.629999995,6.539999962,4.340000153,8.140000343,5.179999828
537,12.62420082,75.112354,Kasaragod,83,2.9957266,6.426622629,21.62294659,32.6490649,62.35124964,0.79358685,0.239999995,230,3.25,0.06,34.70000076,124.0999985,708,25.98999977,585.7700195,1.299999952,9.920000076,2.539999962,5.190000057,6.28000021
538,12.30800056,75.329959,Kasaragod,78,7.990275,23.5716567,21.41198331,31.54112607,66.61067622,0.787475,0.098200001,500,2.829999924,0.06,30.20000076,184.6880035,132,31.58527946,591.9199829,1.620000005,113.7472,5.29562521,2.799999952,5.510000229
539,12.45556068,75.129858,Kasaragod,139,4.160724,6.771365464,22.31491978,32.16681034,63.33722783,0.29484218,0.079999998,515,5.730000019,0.06,83.62000275,85.48000336,128,34.84999847,500.8299866,0.689999998,30.01000023,30.75,8.369999886,5.429999828
540,12.45701027,75.09590912,Kasaragod,111,2.7802885,3.412948281,22.31491978,32.16681034,63.33722783,0.54734814,0.119999997,620,5.380000114,0.06,48.61999893,130.3699951,240,29.85000038,576.8200073,0.779999971,85.41000366,3.25999999,7.920000076,6.210000038
541,12.36785984,75.190502,Kasaragod,271,19.30444,11.35740897,21.77575126,31.36729426,65.12993139,0.73369485,0.829999983,235,2.900000095,0.07,17.5,404.9500122,108,48.95999908,698.8300171,0.939999998,33.86000061,20.04000092,3.559999943,5.349999905
542,12.5527401,75.24947357,Kasaragod,124,7.2777653,9.559358358,21.13666319,33.23584716,59.9927586,0.6644109,0.114600003,120,2.49000001,0.07,21.79999924,209.1040039,144,36.95849991,698.7199707,1.649999976,2.967999935,5.732500076,2.319999933,5.199999809
543,12.291852,75.403154,Kasaragod,61,4.824599,44.15091681,19.48611182,31.52498122,65.7954982,0.6656271,0.375,314,6.111000061,0.07,32.52280045,410.5799866,100.2857971,42.2965889,309.4500122,2.960000038,313.480011,17.39259911,3.940000057,5.559999943
544,12.36009312,75.11100006,Kasaragod,19,2.992966,5.434472998,23.26681303,31.19593858,66.01158518,0.53587216,0.090000004,560,1.919999957,0.07,25.5,127.3700027,130,23.96999931,730.5800171,1.559999943,4.650000095,5.53000021,2.630000114,5.869999886
545,12.36567307,75.140482,Kasaragod,46,5.2942343,5.434472998,23.26681303,31.19593858,66.01158518,0.45401058,0.100000001,400,3.160000086,0.07,6.699999809,290.8399963,97,22.26000023,707.9899902,0.99000001,5.519999981,2.730000019,3.529999971,5.980000019
546,12.24003792,75.21195984,Kasaragod,41,11.147757,4.622214481,23.45392288,30.41379305,69.43064263,0.5787853,0.100000001,730,6.980000019,0.07,70.40000153,298.1000061,131,27.95999908,612.6300049,1.450000048,377.5400085,2.890000105,2.670000076,4.710000038
547,12.30469418,75.178627,Kasaragod,83,4.6969757,9.267488152,22.71173748,30.7236938,67.75429208,0.63698167,0.100000001,515,6.539999962,0.07,97.5,176.8699951,123,68.95999908,950.9199829,4.210000038,30.78000069,25.04000092,7.539999962,5.269999981
548,12.50570011,75.08930969,Kasaragod,97,2.1133897,3.091801628,22.31491978,32.16681034,63.33722783,0.541622,0.109999999,580,1.940000057,0.07,10.80000019,191.6300049,312,25.14999962,570.7199707,0.779999971,14.35000038,2.430000067,3.109999895,6.329999924
549,12.40075588,75.19593048,Kasaragod,85,8.277666,13.42759168,21.77575126,31.36729426,65.12993139,0.715399,0.109999999,285,3.660000086,0.07,13.19999981,266.7399902,103,34.88000107,610.8200073,0.879999995,4.880000114,2.869999886,3.140000105,5.579999924
550,12.52287483,75.101628,Kasaragod,67,5.973992,4.674611181,22.31491978,32.16681034,63.33722783,0.539399,0.109999999,370,2.519999981,0.07,24.10000038,220.6799927,132,42.86000061,630.2299805,0.910000026,44.88000107,6.099999905,3.660000086,5.090000153
551,12.57148743,75.102566,Kasaragod,69,5.6273327,5.014937043,21.62294659,32.6490649,62.35124964,0.7544779,0.109999999,380,2.079999924,0.07,26.29999924,231.9499969,216,31.53000069,585.2399902,1.309999943,1.889999986,2.5,3.940000057,5.809999943
552,12.51217556,75.059368,Kasaragod,85,7.9924307,3.091801628,22.31491978,32.16681034,63.33722783,0.4809046,0.109999999,500,2.569999933,0.07,55.59999847,117.0400009,348,18.95999908,606.2700195,1.529999971,19.22999954,4.260000229,2.880000114,5.440000057
553,12.59324074,75.07997894,Kasaragod,85,8.834871,3.710696191,21.62294659,32.6490649,62.35124964,0.6035242,0.109999999,420,6.989999771,0.07,44.79999924,88.26000214,348,27,800.6199951,1.980000019,2.619999886,1.679999948,3.99000001,6.159999847
554,12.46140003,75.1529007,Kasaragod,215,2.1130989,18.28312898,21.24592375,32.38534041,62.15598578,0.30480266,0.119999997,600,5.820000172,0.07,56.88000107,138.8500061,128,50.22999954,400.5400085,0.519999981,44.22999954,4.019999981,8.350000381,5.989999771
555,12.38010025,75.10122681,Kasaragod,64,0,5.434472998,23.26681303,31.19593858,66.01158518,0.5008594,0.129999995,340,3.079999924,0.07,15.30000019,176.8899994,129,36.18999863,569.9799805,1.210000038,9.720000267,3.160000086,5.070000172,6.849999905
556,12.52043247,75.098736,Kasaragod,36,1.8543341,3.091801628,22.31491978,32.16681034,63.33722783,0.4608724,0.129999995,460,1.940000057,0.07,17,178.8200073,128,40.97000122,730.7600098,1.210000038,15.23999977,4.010000229,3.970000029,5.590000153
557,12.70804024,74.93063354,Kasaragod,47,3.9085155,2.68382284,23.6300685,30.91303301,66.81634028,0.208978,0.150000006,479,1.919999957,0.07,13.80000019,135.7299957,129,31.86000061,620.7700195,1.25,7.260000229,3.839999914,3.289999962,6.179999828
558,12.4606123,75.267552,Kasaragod,76,8.053084,19.26384878,20.15259573,32.75204489,60.53343866,0.7208886,0.074000001,230,2.75,0.08,23.89999962,177.9456024,129,90.52825165,687.9699707,2.230366492,124.9057617,10.02499962,3.970000029,4.989999771
559,12.47776222,75.221965,Kasaragod,225,3.823959,19.41165137,21.24592375,32.38534041,62.15598578,0.74208075,0.124200001,260,2.25999999,0.08,18.29999924,172.5919952,180,58.95985031,700.8300171,2.309999943,5.611199856,4.35812521,3.789999962,5.130000114
560,12.2798996,75.19522858,Kasaragod,17,5.8593354,4.120336488,22.71173748,30.7236938,67.75429208,0.52198786,0.090000004,889,8.920000076,0.08,40.36999893,238.9400024,128,52.52999878,611.8300171,1.74000001,0.469999999,1.269999981,3.960000038,6.010000229
561,12.56418419,75.166138,Kasaragod,177,18.813295,9.870614409,21.13666319,33.23584716,59.9927586,0.6908547,0.090000004,150,2.869999886,0.08,19.10000038,145.7299957,129,24.79999924,687.3699951,2.579999924,5.760000229,3.650000095,7.929999828,5.239999771
562,12.45020008,75.1257019,Kasaragod,125,6.2274137,6.771365464,22.31491978,32.16681034,63.33722783,0.74240774,0.100000001,535,5.829999924,0.08,80.26999664,133.7299957,129,27.87999916,470.8200073,0.670000017,53.29000092,3.279999971,8.130000114,5.53000021
563,12.41471958,75.18995667,Kasaragod,158,5.7537565,13.42759168,21.77575126,31.36729426,65.12993139,0.6785235,0.100000001,305,3.25999999,0.08,10.5,243.7400055,97,22.95999908,640.7199707,0.970000029,5.210000038,2.640000105,3.539999962,5.699999809
564,12.23765278,75.207273,Kasaragod,62,0.92740995,4.622214481,23.45392288,30.41379305,69.43064263,0.640884,0.100000001,805,6.429999828,0.08,45.90000153,245.6199951,129,20,590.4500122,1.320000052,21.36000061,0.25,2.140000105,5.349999905
565,12.37909985,75.10949707,Kasaragod,69,2.993164,5.434472998,23.26681303,31.19593858,66.01158518,0.66485626,0.100000001,470,1.860000014,0.08,41.20000076,183.2299957,128,48.97000122,750.8400269,1.809999943,5.269999981,4.760000229,2.430000067,5.570000172
566,12.54850006,75.22389984,Kasaragod,76,2.9949305,22.12349415,21.24592375,32.38534041,62.15598578,0.3610771,0.100000001,100,2.339999914,0.08,26.89999962,188.6399994,131,38.95849991,800.6199951,1.980000019,2.839999914,5.150000095,2.210000038,5.099999905
567,12.40861797,75.180854,Kasaragod,123,15.506195,13.42759168,21.77575126,31.36729426,65.12993139,0.6430034,0.109999999,255,3.309999943,0.08,15.5,269.7099915,99,31.48999977,633.7199707,0.949999988,5.179999828,2.910000086,2.99000001,5.389999866
568,12.38354397,75.178636,Kasaragod,160,2.99321,11.35740897,21.77575126,31.36729426,65.12993139,0.60586673,0.109999999,335,3.180000067,0.08,9.100000381,263.9200134,98,27.59000015,640.7199707,0.970000029,7.619999886,2.190000057,3.170000076,5.789999962
569,12.58342648,75.079512,Kasaragod,118,2.65392,3.710696191,21.62294659,32.6490649,62.35124964,0.2883895,0.109999999,400,6.829999924,0.08,45.20000076,127.5299988,129,22.59000015,698.7199707,1.649999976,7.960000038,1.789999962,3.440000057,6.150000095
570,12.42016029,75.09893799,Kasaragod,88,7.568815,1.801133871,23.26681303,31.19593858,66.01158518,0.31127313,0.109999999,500,1.710000038,0.08,30.70000076,147.7299957,204,23.54000092,760.3800049,1.899999976,5.110000134,5.090000153,3.25999999,5.699999809
571,12.70713997,74.92053223,Kasaragod,36,2.8499827,2.68382284,23.6300685,30.91303301,66.81634028,0.5450172,0.119999997,455,1.74000001,0.08,19.20000076,128.6399994,129,31,570.9699707,0.769999981,7.75,4.739999771,2.859999895,6.110000134
572,12.41928005,75.158322,Kasaragod,74,20.292233,13.42759168,21.77575126,31.36729426,65.12993139,0.79408073,0.119999997,260,3.710000038,0.08,15.10000038,227.3800049,99,28.95999908,576.6199951,0.779999971,4.820000172,2.940000057,3.359999895,5.400000095
573,12.49781036,75.147118,Kasaragod,76,6.22765,6.771365464,22.31491978,32.16681034,63.33722783,0.6090566,0.119999997,522,2.630000114,0.08,16.10000038,178.9100037,129,38.95999908,588.1199951,0.829999983,15.01000023,2.720000029,3.829999924,5.96999979
574,12.6360657,75.110418,Kasaragod,172,6.8741593,6.426622629,21.62294659,32.6490649,62.35124964,0.7056192,0.119999997,180,3.029999971,0.08,41.29999924,89.48999786,252,27.86000061,569.9799805,1.210000038,9.579999924,4.989999771,5.610000134,5.920000076
575,12.30882168,75.154987,Kasaragod,61,10.096576,9.267488152,22.71173748,30.7236938,67.75429208,0.58652,0.119999997,518,5.829999924,0.08,97.80000305,167.7100067,120,74.52999878,630.9699707,1.320000052,25.79000092,7.829999924,7.260000229,5.260000229
576,12.23356342,75.221364,Kasaragod,71,1.3267587,4.622214481,23.45392288,30.41379305,69.43064263,0.5333092,0.119999997,755,7.360000134,0.08,63.59999847,295.8200073,130,25.95999908,630.5200195,1.559999943,9.409999847,2.839999914,2.420000076,4.980000019
577,12.4094696,75.09571838,Kasaragod,90,7.438382,1.801133871,23.26681303,31.19593858,66.01158518,0.441239,0.119999997,460,2.430000067,0.08,53.40000153,122.9400024,131,18.95999908,747.7199707,1.75999999,4.71999979,4.289999962,3.109999895,5.53000021
578,12.58537292,75.033589,Kasaragod,98,2.995316,3.835700601,22.63438384,31.75866799,64.09750747,0.6474164,0.119999997,160,7,0.08,78.80000305,142.1999969,132,28.95999908,800.6699829,1.980000019,26.93000031,0.389999986,3.00999999,4.489999771
579,12.6298399,75.09539795,Kasaragod,167,4.161308,5.014212191,21.62294659,32.6490649,62.35124964,0.29137087,0.150000006,238,3.75,0.08,30.39999962,199.2299957,131,32.95999908,623.7600098,1.50999999,11.25,3.630000114,5.230000019,6.320000172
580,12.31070995,75.33509827,Kasaragod,68,6.7659726,23.5716567,21.41198331,31.54112607,66.61067622,0.604071,0.050999999,401,2.74000001,0.09,67.98000336,187.3899994,130,25.85820007,578.2600098,1.243523316,4.993500233,1.201300025,3.0448989,5.019999981
581,12.58423138,75.174063,Kasaragod,108,11.400851,9.870614409,21.13666319,33.23584716,59.9927586,0.7372867,0.109399997,240,1.799999952,0.09,16.10000038,189.8399963,312,40.28585052,824.6300049,1.330000043,2.923199892,9.875,3.480000019,5.369999886
582,12.39610195,75.278085,Kasaragod,132,3.8238852,34.32350159,20.70925951,31.7930763,63.35318227,0.5579183,0.130400002,800,8.31000042,0.09,28.39999962,773.9199829,240,42.28279877,740.2800293,1.590000033,3.001600027,65.35624695,1.909999967,5.989999771
583,12.43213463,75.2367468,Kasaragod,196,17.093077,24.37086403,21.77575126,31.36729426,65.12993139,0.7758571,0.178200006,760,4.730000019,0.09,47.70000076,136.281601,132,57.985852,670.5200195,1.727748691,58.73392105,6.8125,4.260000229,5.130000114
584,12.59415531,75.073062,Kasaragod,86,14.5492525,3.710696191,21.62294659,32.6490649,62.35124964,0.76504135,0.219999999,320,7.28000021,0.09,50.90000153,180.5399933,372,25.98999977,730.8200073,1.75,8.970000267,2.74000001,3.25999999,6.019999981
585,12.38153934,75.277937,Kasaragod,98,0.92740995,34.32350159,20.70925951,31.7930763,63.35318227,0.53426105,0.099600002,540,3.920000076,0.09,47.09999847,718.367981,156,58.598952,759.2700195,1.840000033,7.145599842,3.209374905,3.190000057,5.539999962
586,12.35712719,75.244767,Kasaragod,172,8.036378,28.88465345,21.77575126,31.36729426,65.12993139,0.71018183,0.07,958,7.429999828,0.09,50.99000168,245.8300018,128,35.95000076,700.210022,2.74000001,3.519999981,1.230000019,3.849999905,5.409999847
587,12.36676884,75.272161,Kasaragod,140,18.795847,34.32350159,20.70925951,31.7930763,63.35318227,0.63486797,0.079999998,597,3.650000095,0.09,45.79999924,762.2800293,128,47.96900177,700.2000122,1.320000052,1.309999943,0.319999993,3.984740019,5.559999943
588,12.27797985,75.182438,Kasaragod,50,6.7331266,4.120336488,22.71173748,30.7236938,67.75429208,0.47584715,0.079999998,805,8.81000042,0.09,54.63000107,249.7799988,126,51.52999878,599.3800049,1.340000033,2.75,0.340000004,4.130000114,5.239999771
589,12.3702774,75.262499,Kasaragod,205,5.859545,34.32350159,20.70925951,31.7930763,63.35318227,0.6723855,0.090000004,539,3.950000048,0.09,59.70000076,716.2800293,128,52.95289993,716.3800049,1.450000048,1.269999981,0.25999999,3.2141748,5.389999866
590,12.45851994,75.126831,Kasaragod,98,8.831554,6.771365464,22.31491978,32.16681034,63.33722783,0.627482,0.100000001,585,5.340000153,0.09,61.90000153,147.9499969,131,31.53000069,450.6799927,0.610000014,39.29000092,4.920000076,8.409999847,5.880000114
591,12.24666595,75.195599,Kasaragod,25,0.94900215,3.21086172,23.45392288,30.41379305,69.43064263,0.50659305,0.100000001,919,7.78000021,0.09,29.5,269.8699951,128,25.95999908,613.2399902,1.460000038,15.64000034,0.119999997,2.289999962,5.900000095
592,12.54067898,75.160534,Kasaragod,197,8.488772,10.55042303,21.24592375,32.38534041,62.15598578,0.7212328,0.100000001,240,3.480000019,0.09,14.60000038,118.5199966,128,46.99000168,730.8200073,1.75,5.869999886,4.090000153,7.679999828,5.559999943
593,12.51054001,75.206461,Kasaragod,71,3.905681,22.12349415,21.24592375,32.38534041,62.15598578,0.58591217,0.100000001,150,2.150000095,0.09,17.79999924,187.4299927,132,41.95981979,746.8200073,1.840000033,2.869999886,5.619999886,2.140000105,5.360000134
594,12.46014881,75.208468,Kasaragod,240,11.816493,19.41165137,21.24592375,32.38534041,62.15598578,0.5451534,0.100000001,420,2.450000048,0.09,8.699999809,154.6199951,131,55.95584869,721.7299805,2.440000057,4.760000229,4.920000076,3.309999943,5.9884874
595,12.69386864,74.971121,Kasaragod,24,7.6145425,3.936818935,22.54869706,31.94118337,63.48428095,0.6593109,0.109999999,520,9.949999809,0.09,28.60000038,122.5299988,324,40.95999908,300.7200012,0.560000002,4.559999943,1.889999986,2.00999999,5.920000076
596,12.46133995,75.15447235,Kasaragod,218,9.242413,18.28312898,21.24592375,32.38534041,62.15598578,0.75234956,0.109999999,582,6.010000229,0.09,62.65000153,131.3899994,133,22.84000015,540.8200073,0.709999979,46.52999878,3.75999999,7.840000153,5.849999905
597,12.6823597,74.988128,Kasaragod,109,3.908146,3.936818935,22.54869706,31.94118337,63.48428095,0.69008404,0.109999999,825,9.430000305,0.09,22.89999962,139.6399994,129,25.98999977,723.4500122,0.99000001,7.989999771,2.24000001,6.550000191,6.139999866
598,12.27025032,75.181803,Kasaragod,18,5.9716854,4.120336488,22.71173748,30.7236938,67.75429208,0.6984944,0.109999999,925,6.940000057,0.09,28.60000038,245.9400024,131,30.95999908,569.9799805,1.210000038,7.829999924,2.930000067,2.99000001,5.980000019
599,12.37150002,75.16210175,Kasaragod,130,3.3649032,11.35740897,21.77575126,31.36729426,65.12993139,0.18339646,0.109999999,375,3.329999924,0.09,7.699999809,265.7799988,102,21.29000092,795.7199707,1.25,5.71999979,2.829999924,3.089999914,5.929999828
600,12.41250038,75.2406311,Kasaragod,133,8.03786,24.37086403,21.77575126,31.36729426,65.12993139,0.6213152,0.109999999,960,4.659999847,0.09,14.69999981,334.7600098,129,81.59500122,602.7399902,1.269999981,9.06000042,6.869999886,4.25,5.966358185
601,12.26506138,75.171636,Kasaragod,13,8.739408,4.120336488,22.71173748,30.7236938,67.75429208,0.7473171,0.109999999,930,7.53000021,0.09,28.29999924,268.9100037,132,32.84999847,576.7199707,1.279999971,23.95999908,1.629999995,2.549999952,5.989999771
602,12.26720047,75.17668915,Kasaragod,12,7.613779,4.120336488,22.71173748,30.7236938,67.75429208,0.7082008,0.109999999,790,7.110000134,0.09,52.59999847,275.9100037,127,24.25,630.5200195,1.559999943,8.210000038,0.430000007,3.089999914,5.210000038
603,12.50862598,75.103717,Kasaragod,84,13.969371,4.674611181,22.31491978,32.16681034,63.33722783,0.487042,0.119999997,525,2.529999971,0.09,15.89999962,176.7799988,131,58.95999908,548.9199829,0.720000029,14.85999966,4.230000019,3.99000001,5.980000019
604,12.56984425,75.24250031,Kasaragod,97,5.682893,9.559358358,21.13666319,33.23584716,59.9927586,0.20142807,0.119999997,210,2.75999999,0.09,9.5,176.8300018,129,46.852852,700.8099976,1.659999967,2.900000095,4.809999943,2.130000114,5.755199909
605,12.71674824,74.949205,Kasaragod,78,0.9507266,2.68382284,23.6300685,30.91303301,66.81634028,0.7727133,0.129999995,340,1.25,0.09,31.70000076,206.5299988,324,43.90000153,600.4299927,1.120000005,0.150000006,3.660000086,3.49000001,5.789999962
606,12.709589,74.915937,Kasaragod,25,4.999456,2.68382284,23.6300685,30.91303301,66.81634028,0.4637224,0.129999995,430,1.820000052,0.09,23.29999924,154.3699951,130,25.06999969,660.6199951,1.419999957,5.119999886,2.940000057,3.25,6.010000229
607,12.35303593,75.186269,Kasaragod,146,6.68028,11.35740897,21.77575126,31.36729426,65.12993139,0.6024418,0.150000006,560,2.779999971,0.09,8.199999809,275.7099915,107,58.86000061,634.5200195,0.920000017,4.71999979,2.900000095,3.25,6.849999905
608,12.30555153,75.329406,Kasaragod,68,5.677155,23.5716567,21.41198331,31.54112607,66.61067622,0.74898154,0.050000001,489,2.519999981,0.1,26.15999985,200.3800049,127,35.2981987,566.2800293,1.179999948,6.28000021,0.280000001,2.745660067,5.590000153
609,12.27680016,75.19460297,Kasaragod,17,4.666472,4.120336488,22.71173748,30.7236938,67.75429208,0.6385135,0.07,854,7.909999847,0.1,49.99000168,238.5399933,125,55.84999847,685.3499756,2.569999933,1.840000033,0.860000014,4.329999924,5.559999943
610,12.37300014,75.32759857,Kasaragod,166,24.74224,37.13432932,20.70925951,31.7930763,63.35318227,0.7790278,0.109999999,610,2.339999914,0.1,18.60000038,193.8200073,129,29.18000031,725.8599854,1.50999999,5.46999979,4.869999886,2.190000057,6.079999924
611,12.39681911,75.196423,Kasaragod,135,11.813964,11.35740897,21.77575126,31.36729426,65.12993139,0.46068326,0.119999997,400,3.170000076,0.1,6.699999809,294.8999939,108,28.95999908,795.7199707,1.25,13.06000042,3.059999943,19.70000076,5.980000019
612,12.37520981,75.11119843,Kasaragod,80,5.627213,5.434472998,23.26681303,31.19593858,66.01158518,0.35925463,0.119999997,620,1.649999976,0.1,17.89999962,168.7100067,128,30.25,700.2800293,1.269999981,4.480000019,5.21999979,1.820000052,6.110000134
613,12.60101032,75.13868713,Kasaragod,88,7.0550213,6.426622629,21.62294659,32.6490649,62.35124964,0.7281986,0.119999997,355,3.289999962,0.1,58.40000153,296.7399902,129,29.48999977,628.6300049,1.529999971,31.71999931,2.160000086,3.460000038,5.329999924
614,12.75250053,74.948019,Kasaragod,93,8.495718,3.978767918,23.05525886,31.20900747,66.9942883,0.42216837,0.129999995,320,7.71999979,0.1,66.47000122,88.36000061,135,28.95000076,573.4199829,0.839999974,8.229999542,3.640000105,5.489999771,4.96999979
615,12.62451363,75.012587,Kasaragod,28,9.898767,3.929985743,22.63438384,31.75866799,64.09750747,0.65219706,0.140000001,380,3.50999999,0.1,48.90000153,157.1399994,396,21.85000038,569.8499756,0.769999981,7.409999847,5.090000153,12.69999981,6.559999943
616,12.44375324,75.27727509,Kasaragod,93,8.277945,36.26240587,20.70925951,31.7930763,63.35318227,0.48465157,0.209999993,855,4.869999886,0.1,22.89999962,367.980011,129,50.2519989,627.6900024,1.460000038,8.449999809,16.82999992,3.279999971,5.760000229
617,12.43558025,75.278025,Kasaragod,174,24.144003,36.26240587,20.70925951,31.7930763,63.35318227,0.56639045,0.230000004,1050,5.119999886,0.11,12.69999981,298.0700073,128,39.98548126,620.8099976,1.419999957,8.640000343,21.82999992,3.420000076,6.269999981
618,12.37460995,75.26605225,Kasaragod,230,21.85226,34.32350159,20.70925951,31.7930763,63.35318227,0.73120654,0.071999997,628,3.859999895,0.11,60.59999847,678.8300171,133,51.52582169,760.3800049,1.896373057,1.434100032,0.903100014,4.11855793,5.380000114
619,12.36847973,75.24458313,Kasaragod,157,2.993052,28.88465345,21.77575126,31.36729426,65.12993139,0.6389299,0.059999999,824,7.820000172,0.11,48.24000168,264.6400146,130,47.86000061,610.7299805,1.590000033,1.669999957,0.310000002,3.849999905,5.820000172
620,12.28374863,75.17654419,Kasaragod,58,5.082368,4.120336488,22.71173748,30.7236938,67.75429208,0.32621148,0.07,897,7.760000229,0.11,58.88000107,274.3599854,129,39.52999878,610.3200073,1.360000014,0.949999988,0.850000024,4.119999886,5.119999886
621,12.53056622,75.177988,Kasaragod,100,14.484911,10.55042303,21.24592375,32.38534041,62.15598578,0.77380407,0.079999998,180,3.170000076,0.11,18.02000046,143.9400024,130,50.29000092,610.3400269,1.690000057,6.190000057,4.869999886,7.769999981,5.369999886
622,12.59319973,75.08894348,Kasaragod,89,16.03557,3.710696191,21.62294659,32.6490649,62.35124964,0.82434267,0.100000001,540,6.239999771,0.11,78.65000153,107.3700027,131,39.95999908,412.5899963,0.540000021,42.11999893,2.980000019,8.289999962,5.519999981
623,12.25155354,75.221483,Kasaragod,89,3.7908823,5.844177008,22.71173748,30.7236938,67.75429208,0.68726116,0.100000001,835,7.25,0.11,42.70000076,290.3800049,132,21.59000015,568.2299805,1.190000057,8.930000305,1.929999948,3.140000105,5.519999981
624,12.3872246,75.106146,Kasaragod,71,2.0829947,5.434472998,23.26681303,31.19593858,66.01158518,0.5554807,0.100000001,580,1.960000038,0.11,23.70000076,127.8399963,128,36.15999985,700.9299927,1.269999981,5.820000172,5.920000076,2.869999886,5.940000057
625,12.26729965,75.17739868,Kasaragod,15,2.7802885,4.120336488,22.71173748,30.7236938,67.75429208,0.66900045,0.100000001,910,6.349999905,0.11,31.79999924,287.3200073,129,18.95999908,614.3499756,1.440000057,15.38000011,0.270000011,3.25999999,5.869999886
626,12.27199554,75.184453,Kasaragod,16,0.92740995,4.120336488,22.71173748,30.7236938,67.75429208,0.6556715,0.100000001,850,7.849999905,0.11,40.20000076,265.7399902,130,30.15999985,628.6300049,1.529999971,9.369999886,3.279999971,3.140000105,5.579999924
627,12.3596096,75.13945007,Kasaragod,88,14.876651,5.434472998,23.26681303,31.19593858,66.01158518,0.71328574,0.109999999,340,2.970000029,0.11,8.899999619,267.7399902,99,18.59000015,732.210022,1.159999967,5.760000229,2.670000076,3.170000076,5.800000191
628,12.34300613,75.17412567,Kasaragod,184,7.9906416,9.267488152,22.71173748,30.7236938,67.75429208,0.64741457,0.119999997,500,3.089999914,0.11,3.900000095,278.5499878,102,65.95999908,587.4199829,0.819999993,6.980000019,2.710000038,3.690000057,6.550000191
629,12.58640003,75.0791626,Kasaragod,119,2.9377086,3.710696191,21.62294659,32.6490649,62.35124964,0.39765555,0.119999997,380,7.309999943,0.11,47.70000076,174.6199951,131,20.96999931,746.8200073,1.840000033,8.529999733,1.940000057,3.660000086,6.110000134
630,12.57262135,75.245364,Kasaragod,91,2.6538627,9.559358358,21.13666319,33.23584716,59.9927586,0.5447263,0.129999995,240,2.170000076,0.11,6.900000095,189.2100067,129,23.96960068,650.8200073,1.230000019,2.650000095,5.730000019,2.420000076,5.887852192
631,12.51220989,75.05343628,Kasaragod,91,3.7047918,3.091801628,22.31491978,32.16681034,63.33722783,0.19189017,0.140000001,615,2.880000114,0.11,28.39999962,406.3399963,372,19.97999954,600.3200073,1.419999957,12.69999981,3.400000095,2.789999962,6.03000021
632,12.29226971,75.36856079,Kasaragod,53,9.233276,14.72337395,19.48611182,31.52498122,65.7954982,0.74250096,0.068999998,487,2.940000057,0.12,62.18000031,199.3099976,129,27.85285187,426.7200012,0.621761658,0.502300024,0.369899988,2.859600067,5.070000172
633,12.42521954,75.250797,Kasaragod,102,3.9044716,36.26240587,20.70925951,31.7930763,63.35318227,0.63141555,0.112599999,940,4.940000057,0.12,16.29999924,224.1119995,192,34.58499908,600.7299805,1.24000001,6.518400192,6.203750134,4.239999771,5.900000095
634,12.37119961,75.24607086,Kasaragod,135,3.364902,28.88465345,21.77575126,31.36729426,65.12993139,0.6803429,0.039999999,801,7.690000057,0.12,53.97999954,233.6499939,120,58.27999878,600.8200073,1.269999981,0.660000026,0.330000013,4.010000229,5.260000229
635,12.41570663,75.266751,Kasaragod,201,9.455407,36.26240587,20.70925951,31.7930763,63.35318227,0.6696399,0.219999999,1200,4.929999828,0.12,10.80000019,297.4500122,132,42.96900177,628.5499878,1.470000029,9.210000038,21.72999954,2.970000029,7.239999771
636,12.45390129,75.303617,Kasaragod,128,13.673814,33.0605582,20.15259573,32.75204489,60.53343866,0.76755124,0.105400003,135,3.210000038,0.12,65.69999695,394.3295898,110,87.85849762,666.6599731,1.916230366,48.47472,2.162499905,2.430000067,5.150000095
637,12.37506294,75.272576,Kasaragod,114,10.474365,34.32350159,20.70925951,31.7930763,63.35318227,0.75768375,0.079999998,575,4.619999886,0.12,63.90000153,700.2700195,129,45.85219955,742.4899902,1.74000001,1.279999971,1.25,4.114363194,5.329999924
638,12.60120964,75.15110016,Kasaragod,85,1.9000717,13.79916942,21.13666319,33.23584716,59.9927586,0.7881383,0.090000004,385,3.24000001,0.12,24.89999962,308.7200012,129,28.88999939,613.2399902,1.460000038,33.81999969,1.860000014,3.700000048,5.829999924
639,12.51417255,75.12260437,Kasaragod,107,2.653554,4.674611181,22.31491978,32.16681034,63.33722783,0.32859048,0.100000001,570,2.25,0.12,12.69999981,190.8200073,129,61.27999878,635.8099976,0.920000017,13.86999989,4.179999828,3.650000095,6.260000229
640,12.46922684,75.142887,Kasaragod,152,2.653318,6.771365464,22.31491978,32.16681034,63.33722783,0.3291584,0.109999999,593,6.269999981,0.12,57.81999969,118.3899994,129,40.29000092,470.8200073,0.670000017,46.84000015,3.910000086,7.429999828,5.929999828
641,12.26099014,75.18991089,Kasaragod,81,4.722862,4.120336488,22.71173748,30.7236938,67.75429208,0.63657784,0.109999999,820,7.289999962,0.12,44.40000153,269.6900024,128,28.95999908,585.7700195,1.299999952,12.35000038,0.930000007,3.140000105,5.449999809
642,12.45247078,75.312985,Kasaragod,174,4.6676292,33.0605582,20.15259573,32.75204489,60.53343866,0.73851365,0.119999997,130,3.519999981,0.12,68.30000305,312.980011,115,100.5250015,617.9299927,1.419999957,41.75999832,5.53000021,2.339999914,5.123639107
643,12.69218159,74.990298,Kasaragod,109,2.996448,3.936818935,22.54869706,31.94118337,63.48428095,0.210199,0.129999995,855,8.369999886,0.12,10.80000019,126.7399979,129,28.98999977,560.7700195,0.75,7.840000153,2.410000086,6.860000134,6.449999809
644,12.62822342,75.012195,Kasaragod,13,2.9957707,3.929985743,22.63438384,31.75866799,64.09750747,0.7796014,0.159999996,170,3.539999962,0.12,61.79999924,312.8299866,129,24.98999977,576.6199951,0.779999971,6.320000172,3.619999886,8.399999619,6.119999886
645,12.28484058,75.194532,Kasaragod,83,0.94914013,4.120336488,22.71173748,30.7236938,67.75429208,0.72024655,0.219999999,960,8.489999771,0.13,241,274.3999939,564,39.95999908,603.2800293,1.279999971,9.079999924,60.93999863,3.039999962,5.579999924
646,12.4555971,75.307592,Kasaragod,140,7.5695896,33.0605582,20.15259573,32.75204489,60.53343866,0.59456396,0.242599994,110,2.839999914,0.13,73.19999695,195.8208008,114,45.58499908,780.5100098,2.764397906,43.85808182,8.600000381,2.380000114,5
647,12.38660145,75.280428,Kasaragod,113,10.371838,34.32350159,20.70925951,31.7930763,63.35318227,0.5415661,0.842000008,559,5.119999886,0.13,74.40000153,474.4320068,128,90.28527832,344.9599915,5.199197027,48.98767853,20.03750038,4.6328578,5.230000019
648,12.32522964,75.26500702,Kasaragod,143,5.2938166,11.71195738,21.41198331,31.54112607,66.61067622,0.5196695,0.07,789,8.270000458,0.13,50.22999954,277.5400085,126,73.95999908,605.3300171,1.590000033,0.709999979,0.239999995,3.839999914,5.420000076
649,12.6122303,75.15989685,Kasaragod,76,2.9956002,13.79916942,21.13666319,33.23584716,59.9927586,0.7440743,0.109999999,395,3.529999971,0.13,22.70000076,276.4299927,131,28.95999908,585.6199951,1.289999962,25.31999969,1.419999957,3.210000038,5.989999771
650,12.36509991,75.14627838,Kasaragod,36,4.697682,5.434472998,23.26681303,31.19593858,66.01158518,0.6721669,0.119999997,320,2.99000001,0.13,9.399999619,265.8999939,100,19.14999962,750.9899902,1.200000048,5.190000057,2.599999905,3.140000105,5.78000021
651,12.61287975,75.15920258,Kasaragod,77,4.668702,13.79916942,21.13666319,33.23584716,59.9927586,0.7161735,0.119999997,350,2.930000067,0.13,8.199999809,266.6600037,102,27.85857964,770.210022,1.220000029,5.980000019,2.150000095,2.869999886,5.84871006
652,12.23345184,75.215036,Kasaragod,71,4.6961546,4.622214481,23.45392288,30.41379305,69.43064263,0.6284003,0.119999997,900,10.30000019,0.13,34.59999847,291.7600098,168,28.95000076,577.3300171,1.269999981,34.83000183,7.559999943,2.75999999,5.800000191
653,12.58784962,75.063719,Kasaragod,53,6.610121,3.710696191,21.62294659,32.6490649,62.35124964,0.7857808,0.119999997,540,6.829999924,0.13,28.79999924,138.8500061,129,32.25999832,680.5200195,1.470000029,8.069999695,1.639999986,3.650000095,6.989999771
654,12.39342403,75.16044617,Kasaragod,124,4.160519,11.35740897,21.77575126,31.36729426,65.12993139,0.536448,0.119999997,480,2.309999943,0.13,35.70000076,146.8999939,131,42.95999908,745.3699951,1.75999999,5.090000153,4.239999771,1.74000001,5.619999886
655,12.4441452,75.279825,Kasaragod,83,6.464861,36.26240587,20.70925951,31.7930763,63.35318227,0.7184731,0.200000003,690,4.809999943,0.13,54.20000076,298.519989,128,45.58580017,660.8099976,1.649999976,26.87000084,6.03000021,3.670000076,4.963630199
656,12.28882027,75.25682831,Kasaragod,129,0.92740995,9.415300369,21.41198331,31.54112607,66.61067622,0.6106461,0.050000001,954,7.260000229,0.14,55.59999847,298.4299927,126,65.84999847,250.2799988,0.439999998,0.519999981,1.909999967,4.260000229,5.320000172
657,12.29189682,75.237216,Kasaragod,127,5.293475,5.844177008,22.71173748,30.7236938,67.75429208,0.5420784,0.050000001,908,7.590000153,0.14,50.00999832,255.7599945,125,21.59000015,644.3200073,2.109999895,2.670000076,0.99000001,3.119999886,5.579999924
658,12.45096016,75.21012115,Kasaragod,159,10.550839,19.41165137,21.24592375,32.38534041,62.15598578,0.80517733,0.090000004,380,2.170000076,0.14,10.89999962,156.8699951,128,71.282852,690.5200195,2.279999971,5.539999962,5.309999943,3.190000057,5.714250088
659,12.56645298,75.245629,Kasaragod,77,6.770611,9.559358358,21.13666319,33.23584716,59.9927586,0.2148089,0.100000001,270,2.640000105,0.14,5.099999905,175.4199982,129,18.58580017,680.5200195,1.470000029,2.440000057,5.369999886,2.210000038,5.988200188
660,12.4062748,75.271417,Kasaragod,410,23.227108,36.26240587,20.70925951,31.7930763,63.35318227,0.78561133,0.100000001,930,4.710000038,0.14,17.70000076,386.5799866,129,74.58280182,637.7299805,1.529999971,10.65999985,4.960000038,4.429999828,5.871399879
661,12.28219986,75.38130188,Kasaragod,63,11.667779,14.72337395,19.48611182,31.52498122,65.7954982,0.5719726,0.100000001,720,3.874739885,0.14,39.52000046,98.75,286,53.99499893,635,1.590000033,46.31999969,35.22579956,9.039999962,5.139999866
662,12.58962154,75.052483,Kasaragod,84,2.1139474,3.710696191,21.62294659,32.6490649,62.35124964,0.7522936,0.100000001,300,6.929999828,0.14,53.90000153,168.3699951,128,31.53000069,700.8099976,1.659999967,7.909999847,2.039999962,3.109999895,5.989999771
663,12.45561981,75.09458923,Kasaragod,104,5.971653,3.412948281,22.31491978,32.16681034,63.33722783,0.37087563,0.109999999,495,5.429999828,0.14,90.66000366,127.3700027,133,39.95999908,528.710022,0.699999988,53.91999817,3.910000086,7.840000153,5.360000134
664,12.25327301,75.270803,Kasaragod,122,1.3268101,9.415300369,21.41198331,31.54112607,66.61067622,0.6315878,0.109999999,759,7.190000057,0.14,63.90000153,257.1799927,131,14.96000004,573.2600098,1.24000001,21.82999992,2.529999971,2.880000114,4.989999771
665,12.59259987,75.10832214,Kasaragod,74,2.0833385,5.014937043,21.62294659,32.6490649,62.35124964,0.2595026,0.109999999,520,3.190000057,0.14,9.699999809,286.5400085,130,26.37999916,577.3300171,1.269999981,32.72999954,2.339999914,3.700000048,6.989999771
666,12.38079071,75.137384,Kasaragod,100,0.92740995,5.434472998,23.26681303,31.19593858,66.01158518,0.44826442,0.109999999,570,2.279999971,0.14,24.70000076,126.7399979,132,42.58000183,725.8599854,1.50999999,4.739999771,5.869999886,2.519999981,5.900000095
667,12.62923145,75.029678,Kasaragod,43,13.104663,3.929985743,22.63438384,31.75866799,64.09750747,0.6282736,0.119999997,600,9.140000343,0.14,11.69999981,125.6299973,132,30.89999962,664.9699707,0.920000017,7.949999809,2.210000038,6.130000114,6.010000229
668,12.60758972,75.16143799,Kasaragod,88,7.3101645,13.79916942,21.13666319,33.23584716,59.9927586,0.53818184,0.119999997,302,2.880000114,0.14,12.5,263.4299927,103,28.98999977,743.7600098,1.179999948,4.710000038,2.089999914,2.558478117,5.639500141
669,12.59988022,75.135768,Kasaragod,79,10.266641,5.014937043,21.62294659,32.6490649,62.35124964,0.577495,0.119999997,390,2.150000095,0.14,23.5,275.230011,131,22.45999908,590.4500122,1.320000052,22.82999992,2.410000086,3.25999999,5.960000038
670,12.38440037,75.1108017,Kasaragod,67,2.0829902,5.434472998,23.26681303,31.19593858,66.01158518,0.18608809,0.119999997,585,2.180000067,0.14,23.10000038,148.9199982,131,32.06000137,750.4899902,1.669999957,5.170000076,4.460000038,2.089999914,5.980000019
671,12.38010025,75.14749908,Kasaragod,49,5.8595676,5.434472998,23.26681303,31.19593858,66.01158518,0.78796655,0.129999995,430,3.50999999,0.14,6,216.4900055,105,20.54000092,816.8200073,1.299999952,4.820000172,2.799999952,2.980000019,6.110000134
672,12.41154385,75.246653,Kasaragod,122,13.102713,24.37086403,21.77575126,31.36729426,65.12993139,0.6590757,0.129999995,750,4.510000229,0.14,48.5,369.3200073,129,85.96990204,675.9000244,1.75999999,9.340000153,5.989999771,3.859999895,5.11141458
673,12.38010025,75.10122681,Kasaragod,64,0,5.434472998,23.26681303,31.19593858,66.01158518,0.5008594,0.140000001,298,6.528800011,0.14,71.25582123,345.5499878,100.0049973,71.85849762,783,1.019999981,55.90000153,31.28585052,6.409999847,6.099999905
674,12.60299969,75.154751,Kasaragod,105,9.095136,13.79916942,21.13666319,33.23584716,59.9927586,0.67172265,0.140000001,400,3.019999981,0.14,6.699999809,278.4400024,99,31.25200081,713.9199829,1.110000014,7.909999847,2.99000001,3.985477924,5.98210001
675,12.36503029,75.256814,Kasaragod,140,9.195146,34.32350159,20.70925951,31.7930763,63.35318227,0.62301916,0.059999999,547,4.170000076,0.15,47.09999847,750.2700195,128,54.85227966,747.7199707,1.75999999,1.370000005,0.839999974,3.215850115,5.539999962
676,12.28055859,75.17890167,Kasaragod,52,0,4.120336488,22.71173748,30.7236938,67.75429208,0.50116885,0.059999999,789,8.390000343,0.15,60.13999939,245.7299957,129,58.84999847,723.4799805,2.99000001,0.870000005,1.090000033,3.450000048,4.989999771
677,12.40009975,75.2791214,Kasaragod,206,15.082904,34.32350159,20.70925951,31.7930763,63.35318227,0.55109674,0.07,489,3.819999933,0.15,52.09999847,726.3699951,130,80.22857666,729.460022,1.480000019,1.370000005,1.269999981,4.936299801,5.5
678,12.22414017,75.23497009,Kasaragod,67,5.292783,4.622214481,23.45392288,30.41379305,69.43064263,0.42161018,0.079999998,887,7.429999828,0.15,37.90000153,239.8200073,130,28.54999924,585.8300171,1.309999943,2.880000114,0.170000002,2.549999952,5.710000038
679,12.53125191,75.154722,Kasaragod,184,2.0832345,10.55042303,21.24592375,32.38534041,62.15598578,0.61234397,0.090000004,310,2.869999886,0.15,10.80000019,129.7299957,131,48.83000183,603.2800293,1.279999971,6.320000172,3.880000114,8.229999542,5.989999771
680,12.41300011,75.16912079,Kasaragod,68,5.679474,13.42759168,21.77575126,31.36729426,65.12993139,0.6471774,0.100000001,580,3.74000001,0.15,47.09999847,229.4900055,228,21.54999924,569.8499756,0.769999981,4.010000229,2.039999962,3.670000076,6.900000095
681,12.63101578,75.029688,Kasaragod,21,2.114221,3.929985743,22.63438384,31.75866799,64.09750747,0.62488943,0.189999998,150,3.480000019,0.15,76.69999695,187.6399994,130,31.95999908,610.8200073,0.879999995,7.380000114,3.940000057,8.600000381,5.989999771
682,12.63860798,75.09970093,Kasaragod,173,4.7009034,5.014212191,21.62294659,32.6490649,62.35124964,0.61428285,0.129999995,340,3.539999962,0.16,15.30000019,470.8500061,336,22.53000069,630.5200195,1.559999943,40.15999985,3.589999914,5.5,6.849999905
683,12.31548977,75.25437927,Kasaragod,97,12.309797,11.71195738,21.41198331,31.54112607,66.61067622,0.7753533,0.059999999,869,7.679999828,0.17,53.29000092,269.1199951,126,71.62999725,580.3200073,0.99000001,0.439999998,0.360000014,3.960000038,5.340000153
684,12.39640045,75.2789917,Kasaragod,139,7.3066106,34.32350159,20.70925951,31.7930763,63.35318227,0.6638856,0.07,505,4.630000114,0.17,61.20000076,673.9199829,129,75.58580017,745.3699951,1.75999999,1.539999962,0.25999999,3.958199978,5.360000134
685,12.57004833,75.102566,Kasaragod,77,6.6098886,5.014937043,21.62294659,32.6490649,62.35124964,0.55320877,0.090000004,460,2.559999943,0.17,18.89999962,303.2999878,612,29.95999908,585.8300171,1.309999943,47.49000168,1.450000048,3.549999952,6.340000153
686,12.59010029,75.08010101,Kasaragod,85,6.7085385,3.710696191,21.62294659,32.6490649,62.35124964,0.61947846,0.100000001,510,7.090000153,0.17,35.79999924,143.7400055,129,22.54000092,650.8200073,1.230000019,7.75,2.730000019,4.099999905,6.559999943
687,12.38602829,75.125176,Kasaragod,30,12.29121,5.434472998,23.26681303,31.19593858,66.01158518,0.69378144,0.100000001,590,1.789999962,0.17,22.20000076,137.9100037,128,38.95999908,730.5800171,1.559999943,4.210000038,5.420000076,2.160000086,5.960000038
688,12.55350018,75.2440033,Kasaragod,112,14.328006,9.559358358,21.13666319,33.23584716,59.9927586,0.70218354,0.100000001,115,2.650000095,0.17,22.70000076,187.0500031,132,49.69689941,800.6699829,1.979057592,2.710000038,5.230000019,2.430000067,5.1487478
689,12.29731083,75.219387,Kasaragod,57,12.2012825,5.844177008,22.71173748,30.7236938,67.75429208,0.78426623,0.109999999,875,8.090000153,0.17,54.65999985,236.8899994,128,23.95999908,615.289978,1.779999971,1.929999948,0.839999974,4.130000114,5.230000019
690,12.45650959,75.310886,Kasaragod,125,9.456862,33.0605582,20.15259573,32.75204489,60.53343866,0.38988432,0.109999999,175,2.670000076,0.17,49.79999924,315.6400146,110,57.99499893,723.8699951,2.420000076,5.670000076,5.96999979,2.230000019,5.650000095
691,12.37514973,75.33570099,Kasaragod,99,18.432837,37.13432932,20.70925951,31.7930763,63.35318227,0.5915184,0.074000001,578,3.849999905,0.18,57.29999924,679.2000122,131,78.985982,700.2800293,1.274611399,1.175699949,1.8046,3.95124507,5.409999847
692,12.37833023,75.27368927,Kasaragod,120,14.651468,34.32350159,20.70925951,31.7930763,63.35318227,0.7017799,0.050000001,498,5.179999828,0.18,40.20000076,716.6300049,128,41.28585052,700.9299927,1.274611399,1.064499974,0.221599996,3.238957882,5.650000095
693,12.39540958,75.2791214,Kasaragod,125,9.798852,34.32350159,20.70925951,31.7930763,63.35318227,0.8179875,0.079999998,504,5.119999886,0.18,43.29999924,727.3200073,133,74.95850372,730.5800171,1.559999943,1.129999995,0.829999983,3.115479946,5.599999905
694,12.3878727,75.109558,Kasaragod,73,5.4262943,5.434472998,23.26681303,31.19593858,66.01158518,0.46155244,0.109999999,550,1.730000019,0.18,26.89999962,172.4799957,129,32.97000122,700.3099976,1.269999981,4.630000114,5.019999981,1.870000005,5.829999924
695,12.40539932,75.266333,Kasaragod,441,25.300167,36.26240587,20.70925951,31.7930763,63.35318227,0.76489466,0.109999999,970,4.820000172,0.18,15.10000038,329.7000122,131,83.63960266,618.6500244,1.409999967,7.960000038,6.820000172,3.75999999,5.988699913
696,12.37870979,75.18139648,Kasaragod,196,14.110367,11.35740897,21.77575126,31.36729426,65.12993139,0.5088282,0.119999997,480,3.359999895,0.18,4.300000191,265.730011,99,21.85000038,560.7700195,0.75,6.21999979,2.589999914,3.539999962,6.349999905
697,12.23373127,75.288401,Kasaragod,132,2.9916673,8.309372307,21.90739094,31.21134996,69.36719805,0.6037909,0.119999997,757,6.650000095,0.18,64.30000305,267.8999939,127,18.34000015,584.2800293,1.269999981,11.84000015,1.549999952,3.109999895,4.960000038
698,12.54295158,75.081792,Kasaragod,115,2.7802885,3.091801628,22.31491978,32.16681034,63.33722783,0.6456183,0.119999997,610,2.970000029,0.18,30.10000038,289.730011,133,31.52000046,603.2800293,1.279999971,16.81999969,2.99000001,2.400000095,6
699,12.42010021,75.27429962,Kasaragod,179,21.206432,36.26240587,20.70925951,31.7930763,63.35318227,0.6936795,0.119999997,800,4.420000076,0.18,39.90000153,319.6499939,132,72.5652771,612.5800171,1.360000014,13.73999977,4.309999943,3.309999943,5.369599819
700,12.45991993,75.220122,Kasaragod,259,17.752127,19.41165137,21.24592375,32.38534041,62.15598578,0.702364,0.119999997,330,2.650000095,0.18,14.5,165.7299957,129,76.95950317,790.4500122,2.869999886,4.590000153,4.730000019,4.010000229,5.41422987
701,12.61287975,75.15920258,Kasaragod,77,4.668702,13.79916942,21.13666319,33.23584716,59.9927586,0.7161735,0.129999995,420,1.99000001,0.18,6.400000095,260.9200134,99,25.96949959,800.6400146,1.269999981,5.769999981,2.75,3.011440039,6.025849819
702,12.62020016,75.09632111,Kasaragod,121,12.026512,5.014212191,21.62294659,32.6490649,62.35124964,0.62012225,0.140000001,355,3.180000067,0.19,12.60000038,432.8099976,130,30.18000031,592.7600098,1.340000033,9.920000076,3.779999971,5.840000153,6.960000038
703,12.53491116,75.099919,Kasaragod,117,6.005589,3.091801628,22.31491978,32.16681034,63.33722783,0.5819502,0.140000001,530,2.269999981,0.19,43.70000076,276.5100098,132,35.95999908,687.3699951,2.579999924,17.95000076,3.24000001,2.980000019,5.75
704,12.39274979,75.29046631,Kasaragod,139,6.6075926,34.32350159,20.70925951,31.7930763,63.35318227,0.68122274,0.072999999,528,3.670000076,0.2,65.90000153,699.2299805,130,39,700.3099976,1.274611399,3.118099928,0.804499984,4.110410213,5.309999943
705,12.39686966,75.279087,Kasaragod,142,6.2271504,34.32350159,20.70925951,31.7930763,63.35318227,0.7109988,0.050000001,547,4.269999981,0.2,31.89999962,697.25,132,72.96900177,725.8599854,1.50999999,1.429999948,1.519999981,4.257999897,5.889999866
706,12.39451981,75.27326202,Kasaragod,189,7.306583,34.32350159,20.70925951,31.7930763,63.35318227,0.7962963,0.090000004,521,4.920000076,0.2,32.5,714.2399902,128,81.96959686,750.8400269,1.809999943,1.450000048,0.920000017,4.105258465,5.849999905
707,12.6157264,75.003476,Kasaragod,92,6.006755,3.929985743,22.63438384,31.75866799,64.09750747,0.61276287,0.119999997,180,3.210000038,0.2,55.20000076,363.7799988,192,18.97999954,640.7199707,0.970000029,7.010000229,3.50999999,8.930000305,6.260000229
708,12.36715031,75.296301,Kasaragod,130,5.9725647,34.32350159,20.70925951,31.7930763,63.35318227,0.7743363,0.059999999,508,5.090000153,0.21,64.69999695,727.3300171,129,24.52524948,750.4899902,1.669999957,1.289999962,1.639999986,3.852852106,5.320000172
709,12.54250717,75.099426,Kasaragod,148,5.488832,3.091801628,22.31491978,32.16681034,63.33722783,0.50832355,0.100000001,550,2.460000038,0.21,38.59999847,312.8299866,131,37.86000061,610.3400269,1.690000057,19.62000084,4.090000153,2.119999886,5.869999886
710,12.64209461,75.106329,Kasaragod,180,8.541111,6.426622629,21.62294659,32.6490649,62.35124964,0.46491706,0.129999995,195,3.589999914,0.21,39.79999924,156.4299927,129,30.25,614.3499756,1.440000057,10.42000008,3.519999981,5.670000076,6.139999866
711,12.28110981,75.36473846,Kasaragod,53,4.824408,14.72337395,19.48611182,31.52498122,65.7954982,0.7354336,0.054000001,468,2.859999895,0.22,43.72000122,176.5599976,131,28.82819939,595.2600098,1.989637306,7.521900177,0.340900004,3.111114158,5.269999981
712,12.29728031,75.39543915,Kasaragod,72,4.824692,14.72337395,19.48611182,31.52498122,65.7954982,0.7346974,0.07,502,2.660000086,0.22,10.52000046,223.8500061,130,38.9529828,568.2299805,1.539999962,6.159999847,0.25999999,3.011514902,5.960000038
713,12.23007011,75.2019577,Kasaragod,61,3.3643303,4.622214481,23.45392288,30.41379305,69.43064263,0.52807796,0.07,960,7.139999866,0.23,23.70000076,287.3699951,131,27.86000061,585.2399902,1.309999943,5.730000019,0.100000001,2.670000076,6.510000229
714,12.41989994,75.26909637,Kasaragod,201,18.1258,36.26240587,20.70925951,31.7930763,63.35318227,0.70396763,0.100000001,830,4.809999943,0.23,30.79999924,329.7600098,128,71.2519989,637.8900146,1.539999962,15.85999966,5.710000038,4.150000095,5.587470055
715,12.46031094,75.273134,Kasaragod,79,8.917494,19.26384878,20.15259573,32.75204489,60.53343866,0.6170659,0.100000001,225,2.890000105,0.24,24.5,159.7299957,128,84.58580017,744.1500244,2.650000095,4.429999828,8.720000267,4.110000134,4.984700203
716,12.40629864,75.255739,Kasaragod,210,7.306773,36.26240587,20.70925951,31.7930763,63.35318227,0.62144053,0.119999997,1000,4.769999981,0.24,13.10000038,267.6400146,127,74.52884674,688.2800293,1.809999943,11.53999996,6.409999847,4.070000172,6.17441174
717,12.32985973,75.28469849,Kasaragod,66,14.108518,11.71195738,21.41198331,31.54112607,66.61067622,0.756588,0.07,814,8.270000458,0.25,45.25999832,297.1199951,127,45.90000153,606.6599731,1.549999952,5.809999943,1.279999971,3.960000038,5.889999866
718,12.30235004,75.36852264,Kasaragod,78,8.602248,29.4282214,19.48611182,31.52498122,65.7954982,0.5651494,0.061000001,476,2.50999999,0.26,67.97000122,211.7599945,129,36.895282,592.25,0.96373057,5.721000195,0.129600003,2.988470078,5.019999981
719,12.42407036,75.277545,Kasaragod,196,5.85967,36.26240587,20.70925951,31.7930763,63.35318227,0.6561041,0.240600005,1820,7.400000095,0.27,8.899999619,372.1759949,168,40.52819824,683.0100098,1.789999962,9.374400139,19.61624908,2.5,7.400000095
720,12.36439037,75.24317932,Kasaragod,173,11.338273,28.88465345,21.77575126,31.36729426,65.12993139,0.73851204,0.059999999,799,8.609999657,0.27,54.27999878,287.6300049,121,52.84999847,295.4200134,0.620000005,0.5,0.980000019,3.019999981,5.25
721,12.30136013,75.2575531,Kasaragod,131,1.8978779,11.71195738,21.41198331,31.54112607,66.61067622,0.4666155,0.07,870,8.029999733,0.27,61.72000122,264.980011,127,68.98999786,610.7399902,1.769999981,2.809999943,1.019999981,4.130000114,4.949999809
722,12.34607983,75.2525177,Kasaragod,180,5.9723725,11.71195738,21.41198331,31.54112607,66.61067622,0.79393435,0.050000001,853,8.359999657,0.28,64.72000122,249.7599945,123,59.95999908,600.7199707,1.179999948,2.650000095,1.279999971,4.130000114,4.820000172
723,12.77140045,74.943893,Kasaragod,48,1.3281735,3.978767918,23.05525886,31.20900747,66.9942883,0.58370185,0.109999999,800,7.429999828,0.29,38.54000092,155.4600067,480,45.86999893,552.7299805,0.730000019,5.409999847,3.599999905,5.559999943,5.340000153
724,12.29199028,75.226209,Kasaragod,110,0.92740995,5.844177008,22.71173748,30.7236938,67.75429208,0.2551924,0.059999999,742,7.869999886,0.45,80.12000275,634.5,130,31.22999954,750.2800293,4.320000172,122.5999985,0.029999999,3.829999924,4.130000114
725,12.26937771,75.185168,Kasaragod,14,9.891094,4.120336488,22.71173748,30.7236938,67.75429208,0.63892287,0.109999999,280,7.519999981,0.68,83.59999847,96.87999725,156,27.98999977,585.6199951,1.289999962,8.329999924,64.88999939,4.599999905,3.579999924
726,9.46907133,76.54797105,Kottayam,18,5.4118776,60.3788352,22.37335858,31.41245265,73.99809138,0.30942827,0.128000006,840.9799805,5.257999897,0.068,67.2460022,171.8300018,116,82.48400116,769,2.069999933,17.78199959,9.657999992,6.147999763,5.748000145
727,9.606357338,76.42362578,Kottayam,0,0,54.43874073,23.08743465,30.47140577,76.07970509,-0.21761657,0.128000006,840.9799805,5.257999897,0.068,67.2460022,171.8300018,116,82.48400116,769,2.069999933,17.78199959,9.657999992,6.147999763,5.748000145
728,9.616574915,76.49402128,Kottayam,9,1.8543341,52.31279373,22.27297547,31.449994,75.01738505,0.40757406,0.128000006,840.9799805,5.257999897,0.068,67.2460022,171.8300018,116,82.48400116,769,2.069999933,17.78199959,9.657999992,6.147999763,5.748000145
729,9.730323438,76.44122176,Kottayam,1,2.9688797,81.68238735,22.98921356,30.32481931,76.6278953,0.3264516,0.128000006,840.9799805,5.257999897,0.068,67.2460022,171.8300018,116,82.48400116,769,2.069999933,17.78199959,9.657999992,6.147999763,5.748000145
730,9.636789902,76.4816295,Kottayam,6,4.991944,52.31279373,22.27297547,31.449994,75.01738505,0.83942384,0.128000006,840.9799805,5.257999897,0.068,67.2460022,171.8300018,116,82.48400116,769,2.069999933,17.78199959,9.657999992,6.147999763,5.748000145
731,9.63508727,76.4507596,Kottayam,2,0.9406768,52.31279373,22.27297547,31.449994,75.01738505,0.17418459,0.128000006,840.9799805,5.257999897,0.068,67.2460022,171.8300018,116,82.48400116,769,2.069999933,17.78199959,9.657999992,6.147999763,5.748000145
732,9.690982894,76.46767828,Kottayam,10,1.8811603,54.54049969,21.9104719,31.39639251,75.64220171,0.48020655,0.128000006,840.9799805,5.257999897,0.068,67.2460022,171.8300018,116,82.48400116,769,2.069999933,17.78199959,9.657999992,6.147999763,5.748000145
733,9.753865178,76.392669,Kottayam,8,2.969069,85.61293507,22.74851774,30.34200097,76.65057671,0.40670195,0.128000006,840.9799805,5.257999897,0.068,67.2460022,171.8300018,116,82.48400116,769,2.069999933,17.78199959,9.657999992,6.147999763,5.748000145
734,9.781445956,76.39673235,Kottayam,10,2.097507,85.61293507,22.74851774,30.34200097,76.65057671,0.7116394,0.128000006,840.9799805,5.257999897,0.068,67.2460022,171.8300018,116,82.48400116,769,2.069999933,17.78199959,9.657999992,6.147999763,5.748000145
735,9.761150992,76.44294162,Kottayam,0,2.9347515,82.42723465,22.74851774,30.34200097,76.65057671,0.59962696,0.128000006,840.9799805,5.257999897,0.068,67.2460022,171.8300018,116,82.48400116,769,2.069999933,17.78199959,9.657999992,6.147999763,5.748000145
736,9.502928942,76.50474472,Kottayam,5,4.650547,48.46185231,22.37335858,31.41245265,73.99809138,0.67978805,0.128000006,840.9799805,5.257999897,0.068,67.2460022,171.8300018,116,82.48400116,769,2.069999933,17.78199959,9.657999992,6.147999763,5.748000145
737,9.57005527,76.4814224,Kottayam,-1,1.3207246,40.81437922,22.27297547,31.449994,75.01738505,0.82055706,0.128000006,840.9799805,5.257999897,0.068,67.2460022,171.8300018,116,82.48400116,769,2.069999933,17.78199959,9.657999992,6.147999763,5.748000145
738,9.435692819,76.53694932,Kottayam,3,2.0787404,53.93615818,22.62785623,31.39974891,73.205821,0.64823747,0.128000006,840.9799805,5.257999897,0.068,67.2460022,171.8300018,116,82.48400116,769,2.069999933,17.78199959,9.657999992,6.147999763,5.748000145
739,9.746612979,76.45186261,Kottayam,0,2.0973296,74.53657532,21.9104719,31.39639251,75.64220171,0.54763174,0.128000006,840.9799805,5.257999897,0.068,67.2460022,171.8300018,116,82.48400116,769,2.069999933,17.78199959,9.657999992,6.147999763,5.748000145
740,9.622668238,76.41153832,Kottayam,0,0,54.43874073,23.08743465,30.47140577,76.07970509,-0.09311741,0.128000006,840.9799805,5.257999897,0.068,67.2460022,171.8300018,116,82.48400116,769,2.069999933,17.78199959,9.657999992,6.147999763,5.748000145
741,9.679489962,76.43851873,Kottayam,3,4.65143,59.52871895,22.98921356,30.32481931,76.6278953,-0.025270758,0.128000006,840.9799805,5.257999897,0.068,67.2460022,171.8300018,116,82.48400116,769,2.069999933,17.78199959,9.657999992,6.147999763,5.748000145
742,9.671519687,76.54480878,Kottayam,32,8.494105,62.30814028,21.9104719,31.39639251,75.64220171,0.45038706,0.140000001,845.7800293,5.892000198,0.068,63.92599869,189.7700043,111.4000015,79.58200073,724.2000122,2.111999989,20.10199928,16.59799957,7.059999943,5.81799984
743,9.83071249,76.48861689,Kottayam,22,2.9348145,78.738554,21.6559937,31.02912266,75.54932692,0.7162704,0.140000001,845.7800293,5.892000198,0.068,63.92599869,189.7700043,111.4000015,79.58200073,724.2000122,2.111999989,20.10199928,16.59799957,7.059999943,5.81799984
744,9.720011363,76.52162376,Kottayam,17,3.9574647,85.80345869,21.9104719,31.39639251,75.64220171,0.34537727,0.140000001,845.7800293,5.892000198,0.068,63.92599869,189.7700043,111.4000015,79.58200073,724.2000122,2.111999989,20.10199928,16.59799957,7.059999943,5.81799984
745,9.799908627,76.48032494,Kottayam,38,2.9347866,82.11396694,21.6559937,31.02912266,75.54932692,0.56332415,0.140000001,845.7800293,5.892000198,0.068,63.92599869,189.7700043,111.4000015,79.58200073,724.2000122,2.111999989,20.10199928,16.59799957,7.059999943,5.81799984
746,9.662912368,76.51211644,Kottayam,23,2.6404152,62.30814028,21.9104719,31.39639251,75.64220171,0.428874,0.140000001,845.7800293,5.892000198,0.068,63.92599869,189.7700043,111.4000015,79.58200073,724.2000122,2.111999989,20.10199928,16.59799957,7.059999943,5.81799984
747,9.69336352,76.52378416,Kottayam,39,4.6701827,62.30814028,21.9104719,31.39639251,75.64220171,0.6633216,0.140000001,845.7800293,5.892000198,0.068,63.92599869,189.7700043,111.4000015,79.58200073,724.2000122,2.111999989,20.10199928,16.59799957,7.059999943,5.81799984
748,9.806743085,76.50563472,Kottayam,42,6.2158585,82.59449959,21.6559937,31.02912266,75.54932692,0.7538897,0.140000001,845.7800293,5.892000198,0.068,63.92599869,189.7700043,111.4000015,79.58200073,724.2000122,2.111999989,20.10199928,16.59799957,7.059999943,5.81799984
749,9.638109103,76.55067475,Kottayam,19,11.146466,62.35020256,21.39293586,31.43983033,74.52476261,0.4504234,0.140000001,845.7800293,5.892000198,0.068,63.92599869,189.7700043,111.4000015,79.58200073,724.2000122,2.111999989,20.10199928,16.59799957,7.059999943,5.81799984
750,9.706015339,76.55020185,Kottayam,41,3.8217542,82.24756813,21.09549524,30.88553772,76.33559893,0.49519363,0.140000001,845.7800293,5.892000198,0.068,63.92599869,189.7700043,111.4000015,79.58200073,724.2000122,2.111999989,20.10199928,16.59799957,7.059999943,5.81799984
751,9.798796644,76.49720744,Kottayam,43,4.6520376,82.11396694,21.6559937,31.02912266,75.54932692,0.41903275,0.140000001,845.7800293,5.892000198,0.068,63.92599869,189.7700043,111.4000015,79.58200073,724.2000122,2.111999989,20.10199928,16.59799957,7.059999943,5.81799984
752,9.810030355,76.50090627,Kottayam,48,17.288567,82.59449959,21.6559937,31.02912266,75.54932692,0.75483054,0.140000001,845.7800293,5.892000198,0.068,63.92599869,189.7700043,111.4000015,79.58200073,724.2000122,2.111999989,20.10199928,16.59799957,7.059999943,5.81799984
753,9.81016178,76.5268175,Kottayam,60,10.283399,82.59449959,21.6559937,31.02912266,75.54932692,0.74000573,0.140000001,845.7800293,5.892000198,0.068,63.92599869,189.7700043,111.4000015,79.58200073,724.2000122,2.111999989,20.10199928,16.59799957,7.059999943,5.81799984
754,9.698339484,76.54501511,Kottayam,29,7.8885155,62.30814028,21.9104719,31.39639251,75.64220171,0.75404155,0.140000001,845.7800293,5.892000198,0.068,63.92599869,189.7700043,111.4000015,79.58200073,724.2000122,2.111999989,20.10199928,16.59799957,7.059999943,5.81799984
755,9.63771992,76.51798462,Kottayam,1,6.6207504,56.3548789,22.27297547,31.449994,75.01738505,0.7083555,0.140000001,845.7800293,5.892000198,0.068,63.92599869,189.7700043,111.4000015,79.58200073,724.2000122,2.111999989,20.10199928,16.59799957,7.059999943,5.81799984
756,9.468443067,76.5852978,Kottayam,37,2.095944,58.89772892,21.63985306,31.47308713,73.33134852,0.7258248,0.140000001,845.7800293,5.892000198,0.068,63.92599869,189.7700043,111.4000015,79.58200073,724.2000122,2.111999989,20.10199928,16.59799957,7.059999943,5.81799984
757,9.46714001,76.57107991,Kottayam,24,8.537494,58.89772892,21.63985306,31.47308713,73.33134852,0.50420713,0.140000001,845.7800293,5.892000198,0.068,63.92599869,189.7700043,111.4000015,79.58200073,724.2000122,2.111999989,20.10199928,16.59799957,7.059999943,5.81799984
758,9.672776935,76.85566233,Kottayam,112,13.4842825,106.6983619,17.62368269,28.03513541,73.23434817,0.778563,0.165999994,761.6099854,6.920000076,0.086,75.72000122,263.7080078,116.5999985,60.95800018,560,2.003999949,24.80800056,24.71800041,7.763999939,5.495999813
759,9.689672568,76.8473625,Kottayam,252,29.12595,79.16556692,19.50596008,30.16406166,75.34996941,0.7011942,0.165999994,761.6099854,6.920000076,0.086,75.72000122,263.7080078,116.5999985,60.95800018,560,2.003999949,24.80800056,24.71800041,7.763999939,5.495999813
760,9.648895856,76.86844327,Kottayam,394,19.951622,92.2961421,18.70209524,29.54403366,72.06060079,0.7181051,0.165999994,761.6099854,6.920000076,0.086,75.72000122,263.7080078,116.5999985,60.95800018,560,2.003999949,24.80800056,24.71800041,7.763999939,5.495999813
761,9.691947194,76.86272737,Kottayam,337,17.417166,106.6983619,17.62368269,28.03513541,73.23434817,0.822186,0.165999994,761.6099854,6.920000076,0.086,75.72000122,263.7080078,116.5999985,60.95800018,560,2.003999949,24.80800056,24.71800041,7.763999939,5.495999813
762,9.579278034,76.60966495,Kottayam,62,11.965498,67.41743422,21.39293586,31.43983033,74.52476261,0.81174207,0.170000002,809.7800293,5.820000172,0.096,67.95800018,249.2779999,118.8000031,70.62400055,722.5999756,2.203999996,26.12599945,16.40600014,6.559999943,5.906000137
763,9.651214303,76.78678296,Kottayam,184,9.501135,76.04236555,19.50596008,30.16406166,75.34996941,0.7917394,0.170000002,809.7800293,5.820000172,0.096,67.95800018,249.2779999,118.8000031,70.62400055,722.5999756,2.203999996,26.12599945,16.40600014,6.559999943,5.906000137
764,9.611818211,76.6188853,Kottayam,54,4.7211876,65.39594555,21.39293586,31.43983033,74.52476261,0.80580074,0.170000002,809.7800293,5.820000172,0.096,67.95800018,249.2779999,118.8000031,70.62400055,722.5999756,2.203999996,26.12599945,16.40600014,6.559999943,5.906000137
765,9.439344102,76.759658,Kottayam,194,19.769583,75.21986532,20.89418025,32.15404347,70.04952216,0.5808553,0.170000002,809.7800293,5.820000172,0.096,67.95800018,249.2779999,118.8000031,70.62400055,722.5999756,2.203999996,26.12599945,16.40600014,6.559999943,5.906000137
766,9.447285824,76.78729214,Kottayam,89,6.5745854,75.21986532,20.89418025,32.15404347,70.04952216,0.6850849,0.170000002,809.7800293,5.820000172,0.096,67.95800018,249.2779999,118.8000031,70.62400055,722.5999756,2.203999996,26.12599945,16.40600014,6.559999943,5.906000137
767,9.818798684,76.627586,Kottayam,73,8.26278,77.95039177,21.15285987,30.61191501,76.58647956,0.563848,0.170000002,809.7800293,5.820000172,0.096,67.95800018,249.2779999,118.8000031,70.62400055,722.5999756,2.203999996,26.12599945,16.40600014,6.559999943,5.906000137
768,9.768552195,76.61121187,Kottayam,75,3.3554897,84.50067949,21.15285987,30.61191501,76.58647956,0.70677733,0.170000002,809.7800293,5.820000172,0.096,67.95800018,249.2779999,118.8000031,70.62400055,722.5999756,2.203999996,26.12599945,16.40600014,6.559999943,5.906000137
769,9.553412358,76.79459824,Kottayam,67,17.724197,69.48599482,20.80467429,31.44249562,73.54025586,0.34972948,0.170000002,809.7800293,5.820000172,0.096,67.95800018,249.2779999,118.8000031,70.62400055,722.5999756,2.203999996,26.12599945,16.40600014,6.559999943,5.906000137
770,9.793915201,76.63989197,Kottayam,68,6.270366,84.50067949,21.15285987,30.61191501,76.58647956,0.7931856,0.170000002,809.7800293,5.820000172,0.096,67.95800018,249.2779999,118.8000031,70.62400055,722.5999756,2.203999996,26.12599945,16.40600014,6.559999943,5.906000137
771,9.580569769,76.67699162,Kottayam,66,12.572588,74.0672698,21.09974113,31.71795333,74.36174991,0.8005671,0.170000002,809.7800293,5.820000172,0.096,67.95800018,249.2779999,118.8000031,70.62400055,722.5999756,2.203999996,26.12599945,16.40600014,6.559999943,5.906000137
772,9.637187809,76.584469,Kottayam,18,2.8200233,62.35020256,21.39293586,31.43983033,74.52476261,0.63361233,0.170000002,809.7800293,5.820000172,0.096,67.95800018,249.2779999,118.8000031,70.62400055,722.5999756,2.203999996,26.12599945,16.40600014,6.559999943,5.906000137
773,9.619164823,76.74541457,Kottayam,74,2.9346242,72.27075148,21.09974113,31.71795333,74.36174991,0.8133196,0.170000002,809.7800293,5.820000172,0.096,67.95800018,249.2779999,118.8000031,70.62400055,722.5999756,2.203999996,26.12599945,16.40600014,6.559999943,5.906000137
774,9.71177464,76.69104182,Kottayam,20,2.0790854,72.05528355,20.54044679,30.82394799,76.31282697,0.3552465,0.170000002,809.7800293,5.820000172,0.096,67.95800018,249.2779999,118.8000031,70.62400055,722.5999756,2.203999996,26.12599945,16.40600014,6.559999943,5.906000137
775,9.561260481,76.59761146,Kottayam,91,6.728361,64.14358282,21.39293586,31.43983033,74.52476261,0.69443625,0.170000002,809.7800293,5.820000172,0.096,67.95800018,249.2779999,118.8000031,70.62400055,722.5999756,2.203999996,26.12599945,16.40600014,6.559999943,5.906000137
776,9.610484339,76.81361818,Kottayam,288,18.093073,86.65836573,20.80467429,31.44249562,73.54025586,0.7071776,0.170000002,809.7800293,5.820000172,0.096,67.95800018,249.2779999,118.8000031,70.62400055,722.5999756,2.203999996,26.12599945,16.40600014,6.559999943,5.906000137
777,9.470246384,76.84043154,Kottayam,68,6.265571,61.60862696,21.23896232,32.17198834,71.79133566,0.8101596,0.170000002,809.7800293,5.820000172,0.096,67.95800018,249.2779999,118.8000031,70.62400055,722.5999756,2.203999996,26.12599945,16.40600014,6.559999943,5.906000137
778,9.463324444,76.80754813,Kottayam,100,13.079945,61.60862696,21.23896232,32.17198834,71.79133566,0.5785786,0.170000002,809.7800293,5.820000172,0.096,67.95800018,249.2779999,118.8000031,70.62400055,722.5999756,2.203999996,26.12599945,16.40600014,6.559999943,5.906000137
779,9.744559543,76.63383181,Kottayam,72,9.503642,81.19364166,21.09549524,30.88553772,76.33559893,0.731489,0.170000002,809.7800293,5.820000172,0.096,67.95800018,249.2779999,118.8000031,70.62400055,722.5999756,2.203999996,26.12599945,16.40600014,6.559999943,5.906000137
780,9.467605974,76.83793308,Kottayam,125,2.0787795,61.60862696,21.23896232,32.17198834,71.79133566,0.63739944,0.170000002,809.7800293,5.820000172,0.096,67.95800018,249.2779999,118.8000031,70.62400055,722.5999756,2.203999996,26.12599945,16.40600014,6.559999943,5.906000137
781,9.753006071,76.67240662,Kottayam,40,10.138552,78.63525867,20.10861464,30.37614778,77.51435869,0.6610065,0.170000002,809.7800293,5.820000172,0.096,67.95800018,249.2779999,118.8000031,70.62400055,722.5999756,2.203999996,26.12599945,16.40600014,6.559999943,5.906000137
782,9.500449306,76.81018222,Kottayam,63,5.967661,66.66688251,21.23896232,32.17198834,71.79133566,0.82067806,0.170000002,809.7800293,5.820000172,0.096,67.95800018,249.2779999,118.8000031,70.62400055,722.5999756,2.203999996,26.12599945,16.40600014,6.559999943,5.906000137
783,9.687399386,76.59010938,Kottayam,8,2.7802885,80.64677858,21.09549524,30.88553772,76.33559893,0.6780169,0.170000002,809.7800293,5.820000172,0.096,67.95800018,249.2779999,118.8000031,70.62400055,722.5999756,2.203999996,26.12599945,16.40600014,6.559999943,5.906000137
784,9.468352509,76.70950107,Kottayam,24,5.44671,62.00065279,21.55370326,32.13680762,72.1383941,0.79613626,0.170000002,809.7800293,5.820000172,0.096,67.95800018,249.2779999,118.8000031,70.62400055,722.5999756,2.203999996,26.12599945,16.40600014,6.559999943,5.906000137
785,9.555347537,76.66999337,Kottayam,87,3.3548248,74.0672698,21.09974113,31.71795333,74.36174991,0.67005235,0.170000002,809.7800293,5.820000172,0.096,67.95800018,249.2779999,118.8000031,70.62400055,722.5999756,2.203999996,26.12599945,16.40600014,6.559999943,5.906000137
786,9.491386531,76.74360818,Kottayam,35,8.4521,62.00065279,21.55370326,32.13680762,72.1383941,0.6405093,0.170000002,809.7800293,5.820000172,0.096,67.95800018,249.2779999,118.8000031,70.62400055,722.5999756,2.203999996,26.12599945,16.40600014,6.559999943,5.906000137
787,9.629910823,76.61519726,Kottayam,46,8.841359,65.39594555,21.39293586,31.43983033,74.52476261,0.8063183,0.170000002,809.7800293,5.820000172,0.096,67.95800018,249.2779999,118.8000031,70.62400055,722.5999756,2.203999996,26.12599945,16.40600014,6.559999943,5.906000137
788,9.462804332,76.73621262,Kottayam,35,18.176098,62.00065279,21.55370326,32.13680762,72.1383941,0.6486486,0.170000002,809.7800293,5.820000172,0.096,67.95800018,249.2779999,118.8000031,70.62400055,722.5999756,2.203999996,26.12599945,16.40600014,6.559999943,5.906000137
789,9.694919255,76.58358477,Kottayam,22,2.0970678,80.64677858,21.09549524,30.88553772,76.33559893,0.47311828,0.170000002,809.7800293,5.820000172,0.096,67.95800018,249.2779999,118.8000031,70.62400055,722.5999756,2.203999996,26.12599945,16.40600014,6.559999943,5.906000137
790,9.809442629,76.63512095,Kottayam,87,4.992306,77.95039177,21.15285987,30.61191501,76.58647956,0.49705306,0.170000002,809.7800293,5.820000172,0.096,67.95800018,249.2779999,118.8000031,70.62400055,722.5999756,2.203999996,26.12599945,16.40600014,6.559999943,5.906000137
791,9.497009022,76.69666619,Kottayam,87,10.449116,65.93728113,21.55370326,32.13680762,72.1383941,0.8203884,0.170000002,809.7800293,5.820000172,0.096,67.95800018,249.2779999,118.8000031,70.62400055,722.5999756,2.203999996,26.12599945,16.40600014,6.559999943,5.906000137
792,9.521606215,76.70298978,Kottayam,70,4.1522336,60.25514746,21.55370326,32.13680762,72.1383941,0.77228016,0.170000002,809.7800293,5.820000172,0.096,67.95800018,249.2779999,118.8000031,70.62400055,722.5999756,2.203999996,26.12599945,16.40600014,6.559999943,5.906000137
793,9.695734225,76.61857884,Kottayam,35,0.92740995,76.58952951,21.09549524,30.88553772,76.33559893,0.56386733,0.170000002,809.7800293,5.820000172,0.096,67.95800018,249.2779999,118.8000031,70.62400055,722.5999756,2.203999996,26.12599945,16.40600014,6.559999943,5.906000137
794,9.450300081,76.7536366,Kottayam,102,8.767585,64.70439196,21.23896232,32.17198834,71.79133566,0.7995043,0.170000002,809.7800293,5.820000172,0.096,67.95800018,249.2779999,118.8000031,70.62400055,722.5999756,2.203999996,26.12599945,16.40600014,6.559999943,5.906000137
795,9.476978796,76.66083932,Kottayam,38,2.9668794,65.93728113,21.55370326,32.13680762,72.1383941,0.67087156,0.170000002,809.7800293,5.820000172,0.096,67.95800018,249.2779999,118.8000031,70.62400055,722.5999756,2.203999996,26.12599945,16.40600014,6.559999943,5.906000137
796,9.813393909,76.66300874,Kottayam,74,6.6883993,83.53423142,20.10861464,30.37614778,77.51435869,0.7918911,0.170000002,809.7800293,5.820000172,0.096,67.95800018,249.2779999,118.8000031,70.62400055,722.5999756,2.203999996,26.12599945,16.40600014,6.559999943,5.906000137
797,9.758354801,76.73587451,Kottayam,158,26.488468,84.53077674,20.10861464,30.37614778,77.51435869,0.1564958,0.170000002,809.7800293,5.820000172,0.096,67.95800018,249.2779999,118.8000031,70.62400055,722.5999756,2.203999996,26.12599945,16.40600014,6.559999943,5.906000137
798,9.454519229,76.78778438,Kottayam,94,16.094276,64.70439196,21.23896232,32.17198834,71.79133566,0.7720403,0.170000002,809.7800293,5.820000172,0.096,67.95800018,249.2779999,118.8000031,70.62400055,722.5999756,2.203999996,26.12599945,16.40600014,6.559999943,5.906000137
799,9.8061602,76.7064959,Kottayam,282,32.989834,87.8971076,20.10861464,30.37614778,77.51435869,0.47865304,0.170000002,809.7800293,5.820000172,0.096,67.95800018,249.2779999,118.8000031,70.62400055,722.5999756,2.203999996,26.12599945,16.40600014,6.559999943,5.906000137
800,9.680805959,76.76854861,Kottayam,143,16.716145,76.04236555,19.50596008,30.16406166,75.34996941,0.7515244,0.170000002,809.7800293,5.820000172,0.096,67.95800018,249.2779999,118.8000031,70.62400055,722.5999756,2.203999996,26.12599945,16.40600014,6.559999943,5.906000137
801,9.704117055,76.78908397,Kottayam,44,28.721056,79.59270442,19.50596008,30.16406166,75.34996941,0.45610493,0.170000002,809.7800293,5.820000172,0.096,67.95800018,249.2779999,118.8000031,70.62400055,722.5999756,2.203999996,26.12599945,16.40600014,6.559999943,5.906000137
802,9.808616684,76.56316444,Kottayam,50,11.200001,77.21146584,21.15285987,30.61191501,76.58647956,0.47808766,0.170000002,809.7800293,5.820000172,0.096,67.95800018,249.2779999,118.8000031,70.62400055,722.5999756,2.203999996,26.12599945,16.40600014,6.559999943,5.906000137
803,9.754614958,76.75984047,Kottayam,70,4.7848687,124.4988837,19.12685336,29.61994297,76.53621934,0.70416903,0.170000002,809.7800293,5.820000172,0.096,67.95800018,249.2779999,118.8000031,70.62400055,722.5999756,2.203999996,26.12599945,16.40600014,6.559999943,5.906000137
804,9.454813737,76.87853045,Kottayam,142,9.973105,67.09438252,20.17133431,31.22614599,70.30907558,0.86001,0.170000002,809.7800293,5.820000172,0.096,67.95800018,249.2779999,118.8000031,70.62400055,722.5999756,2.203999996,26.12599945,16.40600014,6.559999943,5.906000137
805,9.536019584,76.8284987,Kottayam,97,3.372725,66.66688251,21.23896232,32.17198834,71.79133566,0.8214178,0.170000002,809.7800293,5.820000172,0.096,67.95800018,249.2779999,118.8000031,70.62400055,722.5999756,2.203999996,26.12599945,16.40600014,6.559999943,5.906000137
806,9.596548128,76.62878564,Kottayam,39,10.287275,67.41743422,21.39293586,31.43983033,74.52476261,0.776485,0.170000002,809.7800293,5.820000172,0.096,67.95800018,249.2779999,118.8000031,70.62400055,722.5999756,2.203999996,26.12599945,16.40600014,6.559999943,5.906000137
807,9.645115946,76.74673868,Kottayam,50,13.197316,72.27075148,21.09974113,31.71795333,74.36174991,0.6536601,0.170000002,809.7800293,5.820000172,0.096,67.95800018,249.2779999,118.8000031,70.62400055,722.5999756,2.203999996,26.12599945,16.40600014,6.559999943,5.906000137
808,9.762412655,76.72905643,Kottayam,51,3.821793,84.53077674,20.10861464,30.37614778,77.51435869,0.7961528,0.170000002,809.7800293,5.820000172,0.096,67.95800018,249.2779999,118.8000031,70.62400055,722.5999756,2.203999996,26.12599945,16.40600014,6.559999943,5.906000137
809,9.62457481,76.71914808,Kottayam,92,14.678397,72.27075148,21.09974113,31.71795333,74.36174991,0.6723468,0.170000002,809.7800293,5.820000172,0.096,67.95800018,249.2779999,118.8000031,70.62400055,722.5999756,2.203999996,26.12599945,16.40600014,6.559999943,5.906000137
810,9.482673453,76.60730878,Kottayam,36,8.837969,67.61618805,21.63985306,31.47308713,73.33134852,0.6245897,0.170000002,809.7800293,5.820000172,0.096,67.95800018,249.2779999,118.8000031,70.62400055,722.5999756,2.203999996,26.12599945,16.40600014,6.559999943,5.906000137
811,9.654508146,76.58814631,Kottayam,4,2.934656,80.64677858,21.09549524,30.88553772,76.33559893,0.68037975,0.170000002,809.7800293,5.820000172,0.096,67.95800018,249.2779999,118.8000031,70.62400055,722.5999756,2.203999996,26.12599945,16.40600014,6.559999943,5.906000137
812,9.610675476,76.72344788,Kottayam,114,7.247472,72.27075148,21.09974113,31.71795333,74.36174991,0.8447837,0.170000002,809.7800293,5.820000172,0.096,67.95800018,249.2779999,118.8000031,70.62400055,722.5999756,2.203999996,26.12599945,16.40600014,6.559999943,5.906000137
813,9.682493734,76.62549782,Kottayam,19,3.3552191,76.58952951,21.09549524,30.88553772,76.33559893,0.667319,0.170000002,809.7800293,5.820000172,0.096,67.95800018,249.2779999,118.8000031,70.62400055,722.5999756,2.203999996,26.12599945,16.40600014,6.559999943,5.906000137
814,9.477047639,76.80608847,Kottayam,132,4.1863775,61.60862696,21.23896232,32.17198834,71.79133566,0.8922704,0.170000002,809.7800293,5.820000172,0.096,67.95800018,249.2779999,118.8000031,70.62400055,722.5999756,2.203999996,26.12599945,16.40600014,6.559999943,5.906000137
815,9.512802145,76.65599288,Kottayam,78,4.1867285,63.34078026,21.55370326,32.13680762,72.1383941,0.68979025,0.170000002,809.7800293,5.820000172,0.096,67.95800018,249.2779999,118.8000031,70.62400055,722.5999756,2.203999996,26.12599945,16.40600014,6.559999943,5.906000137
816,9.670392654,76.75585328,Kottayam,73,18.469542,76.04236555,19.50596008,30.16406166,75.34996941,0.6920652,0.170000002,809.7800293,5.820000172,0.096,67.95800018,249.2779999,118.8000031,70.62400055,722.5999756,2.203999996,26.12599945,16.40600014,6.559999943,5.906000137
817,9.529417413,76.70791843,Kottayam,117,10.467309,60.25514746,21.55370326,32.13680762,72.1383941,0.6168399,0.170000002,809.7800293,5.820000172,0.096,67.95800018,249.2779999,118.8000031,70.62400055,722.5999756,2.203999996,26.12599945,16.40600014,6.559999943,5.906000137
818,9.487483149,76.68710924,Kottayam,83,10.729029,65.93728113,21.55370326,32.13680762,72.1383941,0.80032825,0.170000002,809.7800293,5.820000172,0.096,67.95800018,249.2779999,118.8000031,70.62400055,722.5999756,2.203999996,26.12599945,16.40600014,6.559999943,5.906000137
819,9.707572838,76.73872777,Kottayam,32,10.011455,69.05263269,20.54044679,30.82394799,76.31282697,0.695941,0.170000002,809.7800293,5.820000172,0.096,67.95800018,249.2779999,118.8000031,70.62400055,722.5999756,2.203999996,26.12599945,16.40600014,6.559999943,5.906000137
820,9.624827724,76.58271623,Kottayam,19,9.500433,62.35020256,21.39293586,31.43983033,74.52476261,0.59255534,0.170000002,809.7800293,5.820000172,0.096,67.95800018,249.2779999,118.8000031,70.62400055,722.5999756,2.203999996,26.12599945,16.40600014,6.559999943,5.906000137
821,9.50595982,76.89478627,Kottayam,114,9.162144,65.66944838,20.17133431,31.22614599,70.30907558,0.8545632,0.170000002,809.7800293,5.820000172,0.096,67.95800018,249.2779999,118.8000031,70.62400055,722.5999756,2.203999996,26.12599945,16.40600014,6.559999943,5.906000137
822,9.830756481,76.60126576,Kottayam,54,10.032285,77.95039177,21.15285987,30.61191501,76.58647956,0.7622334,0.170000002,809.7800293,5.820000172,0.096,67.95800018,249.2779999,118.8000031,70.62400055,722.5999756,2.203999996,26.12599945,16.40600014,6.559999943,5.906000137
823,9.807806425,76.69857483,Kottayam,83,7.5179853,83.53423142,20.10861464,30.37614778,77.51435869,0.79003876,0.170000002,809.7800293,5.820000172,0.096,67.95800018,249.2779999,118.8000031,70.62400055,722.5999756,2.203999996,26.12599945,16.40600014,6.559999943,5.906000137
824,9.822019275,76.67922048,Kottayam,121,20.308586,83.53423142,20.10861464,30.37614778,77.51435869,0.66495436,0.170000002,809.7800293,5.820000172,0.096,67.95800018,249.2779999,118.8000031,70.62400055,722.5999756,2.203999996,26.12599945,16.40600014,6.559999943,5.906000137
825,9.711891657,76.58745329,Kottayam,62,7.1136413,82.24756813,21.09549524,30.88553772,76.33559893,0.8079719,0.170000002,809.7800293,5.820000172,0.096,67.95800018,249.2779999,118.8000031,70.62400055,722.5999756,2.203999996,26.12599945,16.40600014,6.559999943,5.906000137
826,9.601080664,76.75985589,Kottayam,120,13.276224,75.05289555,20.80467429,31.44249562,73.54025586,0.8309052,0.170000002,809.7800293,5.820000172,0.096,67.95800018,249.2779999,118.8000031,70.62400055,722.5999756,2.203999996,26.12599945,16.40600014,6.559999943,5.906000137
827,9.499876553,76.69815291,Kottayam,65,11.14496,65.93728113,21.55370326,32.13680762,72.1383941,0.7726141,0.170000002,809.7800293,5.820000172,0.096,67.95800018,249.2779999,118.8000031,70.62400055,722.5999756,2.203999996,26.12599945,16.40600014,6.559999943,5.906000137
828,9.45650461,76.94480046,Kottayam,481,19.489697,83.59469795,20.17133431,31.22614599,70.30907558,0.76401496,0.173999995,787.0200195,6.265999794,0.1,73.52999878,241.7700043,118.1999969,64.62000275,647,2.20600009,24.01799965,16.05999947,6.843999863,5.639999866
829,9.454101249,76.91923071,Kottayam,173,19.494026,83.59469795,20.17133431,31.22614599,70.30907558,0.7854077,0.173999995,787.0200195,6.265999794,0.1,73.52999878,241.7700043,118.1999969,64.62000275,647,2.20600009,24.01799965,16.05999947,6.843999863,5.639999866
830,9.714801337,76.81510863,Kottayam,238,27.417374,112.1998949,19.50596008,30.16406166,75.34996941,0.7224158,0.172000006,788.3699951,6.493999958,0.102,70.28199768,273.1380005,118.5999985,66.16799927,650.7999878,2.085999966,27.09600067,25.06800079,7.389999866,5.665999889
831,9.744774343,76.7755336,Kottayam,53,11.295518,79.59270442,19.50596008,30.16406166,75.34996941,0.8290782,0.172000006,788.3699951,6.493999958,0.102,70.28199768,273.1380005,118.5999985,66.16799927,650.7999878,2.085999966,27.09600067,25.06800079,7.389999866,5.665999889
832,9.798815197,76.75188854,Kottayam,87,17.954565,124.4988837,19.12685336,29.61994297,76.53621934,0.7813805,0.172000006,788.3699951,6.493999958,0.102,70.28199768,273.1380005,118.5999985,66.16799927,650.7999878,2.085999966,27.09600067,25.06800079,7.389999866,5.665999889
833,9.781316371,76.76066843,Kottayam,82,7.248992,124.4988837,19.12685336,29.61994297,76.53621934,0.8185484,0.172000006,788.3699951,6.493999958,0.102,70.28199768,273.1380005,118.5999985,66.16799927,650.7999878,2.085999966,27.09600067,25.06800079,7.389999866,5.665999889
834,9.715657651,76.80418235,Kottayam,228,2.0971727,112.1998949,19.50596008,30.16406166,75.34996941,0.3580097,0.172000006,788.3699951,6.493999958,0.102,70.28199768,273.1380005,118.5999985,66.16799927,650.7999878,2.085999966,27.09600067,25.06800079,7.389999866,5.665999889
835,9.785822056,76.77914548,Kottayam,656,24.297781,124.4988837,19.12685336,29.61994297,76.53621934,0.7277311,0.172000006,788.3699951,6.493999958,0.102,70.28199768,273.1380005,118.5999985,66.16799927,650.7999878,2.085999966,27.09600067,25.06800079,7.389999866,5.665999889
836,11.41670322,76.003374,Kozhikode,32,5.964271,61.95179939,19.25847489,30.37844633,66.77596221,0.6655253,0.159999996,800,8.960000038,0.03,16.29999924,182.6000061,108,18.95582771,534,1.909999967,24.10000038,6.199999809,6.389999866,5.75
837,11.6618974,75.791111,Kozhikode,39,3.7047918,53.65906334,18.52249403,29.53325622,71.40275799,0.763835,0.5,500,3.130000114,0.04,29.89999962,114.1999969,104,30.97999954,658,1.75999999,4.699999809,7.590000153,5.210000038,5.690000057
838,11.58425236,75.766646,Kozhikode,22,4.209413,36.0433383,19.8506927,30.70466345,72.34626672,0.6997366,0.219999999,480,5.440000057,0.04,51.09999847,207.1000061,138,50.27999878,887,2.99000001,17.29999924,3.960000038,2.49000001,6.289999962
839,11.40089321,75.957042,Kozhikode,40,4.1573863,38.45127416,19.25847489,30.37844633,66.77596221,0.56762296,0.100000001,820,8.550000191,0.04,71.69999695,140,136,75.66999817,714,2.299999952,8.899999619,8.819999695,11.19999981,6.099999905
840,11.44338417,75.993447,Kozhikode,56,8.58658,38.45127416,19.25847489,30.37844633,66.77596221,0.45031214,0.150000006,850,8.680000305,0.04,23.5,176.8000031,118,25.22850037,517,1.870000005,22.39999962,5.320000172,5.940000057,5.860000134
841,11.71278286,75.668775,Kozhikode,31,2.9864683,21.09219098,20.32547492,30.57198644,73.94889599,0.64522415,0.230000004,580,6.769999981,0.05,31.20000076,281.5,130,30.85000038,718,1.679999948,7.980000019,5.78000021,1.320000052,5.880000114
842,11.67559624,75.611722,Kozhikode,24,2.108108,17.4837693,21.93108494,30.75358208,73.1514314,0.57320285,0.100000001,540,9.510000229,0.05,30.60000038,163.3999939,128,39.50999832,925,1.039999962,59.59999847,1.99000001,2.109999895,5.010000229
843,11.5928669,75.693807,Kozhikode,6,8.748811,20.12812698,21.5335777,31.14533623,74.52414767,0.75041395,0.100000001,500,7.340000153,0.05,74.33999634,174.8600006,119,75.69000244,687,1.350000024,20.47999954,3.24000001,3.650000095,5.119999886
844,11.66623402,75.614878,Kozhikode,11,7.532735,17.4837693,21.93108494,30.75358208,73.1514314,0.6852358,0.109999999,545,9.520000458,0.05,30.79999924,163.6999969,129,35.68999863,599,1.049999952,59.79999924,1.970000029,2.130000114,4.989999771
845,11.6327993,75.817452,Kozhikode,49,2.9856913,56.74106145,19.8506927,30.70466345,72.34626672,0.61157686,0.109999999,200,3.279999971,0.05,92.90000153,105.6299973,131,98.99819946,578,1.100000024,37.95000076,9.130000114,4.260000229,4.599999905
846,11.66903305,75.636472,Kozhikode,21,6.8512435,17.4837693,21.93108494,30.75358208,73.1514314,0.63905215,0.109999999,450,7.090000153,0.05,110,180.1999969,129,98.97000122,824,1.820000052,28.79999924,3.75,5.659999847,5.340000153
847,11.62571526,75.832552,Kozhikode,49,8.272799,56.74106145,19.8506927,30.70466345,72.34626672,0.7764888,0.109999999,230,2.890000105,0.05,82.5,253.4700012,132,85.9658952,524,2.119999886,7.949999809,9.670000076,4.320000172,5.010000229
848,11.70105267,75.68327332,Kozhikode,38,2.9366932,21.09219098,20.32547492,30.57198644,73.94889599,0.40565535,0.189999998,600,7.409999847,0.05,27.5,181.8999939,129,26.63999939,739,2.299999952,10.69999981,7.849999905,1.690000057,5.960000038
849,11.58014774,75.768363,Kozhikode,19,5.2864184,36.0433383,19.8506927,30.70466345,72.34626672,0.7865188,0.189999998,500,5.670000076,0.05,48.72000122,208.1999969,112,45.97000122,748,2.559999943,13.19999981,2.710000038,2.75999999,6.329999924
850,11.37418747,75.95855713,Kozhikode,43,2.9363391,37.42606425,19.25847489,30.37844633,66.77596221,0.5186704,0.639999986,440,6.119999886,0.06,83.19999695,218.2599945,120,85.97000122,424,1.070000052,70.77999878,0.730000019,8.720000267,4.880000114
851,11.68343353,75.758054,Kozhikode,36,3.3621793,53.65906334,18.52249403,29.53325622,71.40275799,0.54895383,0.289999992,360,5.940000057,0.06,61.11000061,441.3999939,48,65.96250153,513,1.370000005,65.80000305,11.27999973,5.860000134,5.630000114
852,11.60747623,75.796062,Kozhikode,39,5.547545,35.21831441,19.8506927,30.70466345,72.34626672,0.76207614,0.409999996,480,3.170000076,0.06,32.90000153,146.8999939,127,39.65000153,694,1.50999999,4.260000229,6.559999943,3.75999999,5.659999847
853,11.49077892,75.809582,Kozhikode,30,0.92740995,61.7276969,21.48835433,31.42848779,71.41610781,0.64790666,0.100000001,620,13.42000008,0.06,40.20000076,270.2999878,120,41.22999954,642,2.180000067,8.899999619,5.260000229,4.800000191,5.53000021
854,11.66689777,75.614394,Kozhikode,17,1.8543341,17.4837693,21.93108494,30.75358208,73.1514314,0.56206757,0.109999999,560,9.359999657,0.06,26.60000038,170.1999969,156,35.52000046,986,1.070000052,51.59999847,2.029999971,2.190000057,5.269999981
855,11.63494301,75.807981,Kozhikode,38,5.071861,56.74106145,19.8506927,30.70466345,72.34626672,0.8468858,0.109999999,370,3.839999914,0.06,45.09999847,67.90000153,123,45.69800186,521,2.160000086,4.900000095,4.230000019,3.450000048,6.260000229
856,11.66418552,75.646135,Kozhikode,25,0.92740995,17.4837693,21.93108494,30.75358208,73.1514314,0.6141009,0.109999999,480,6.099999905,0.06,113,182.3000031,136,100.5299988,628,2.210000038,35.29999924,4.199999809,7,5.550000191
857,11.37277031,75.958872,Kozhikode,37,1.3246346,37.42606425,19.25847489,30.37844633,66.77596221,0.5975147,0.109999999,780,8.770000458,0.06,83.5,129.3000031,125,85.91999817,739,2.210000038,7.199999809,8.81000042,10.90999985,5.869999886
858,11.59883881,75.827374,Kozhikode,43,17.963118,41.78491688,19.8506927,30.70466345,72.34626672,0.8309347,0.109999999,420,3.839999914,0.06,35.20000076,60.79999924,127,35.69585037,524,2.25,3.900000095,4.28000021,4.309999943,5.889999866
859,11.6651659,75.613418,Kozhikode,23,2.8388274,17.4837693,21.93108494,30.75358208,73.1514314,0.54824233,0.119999997,568,9.430000305,0.06,27.10000038,168.3000031,127,29.63999939,642,1.480000019,40.29999924,2.269999981,2.519999981,5.119999886
860,11.31985378,75.886303,Kozhikode,51,8.55906,29.57589436,21.8193614,31.4852889,67.06737686,0.42621475,0.119999997,840,4.710000038,0.06,46.59999847,150.1000061,126,41.65000153,924,1.789999962,20.89999962,3.289999962,8.210000038,5.849999905
861,11.56398678,75.6891098,Kozhikode,5,6.2996264,20.12812698,21.5335777,31.14533623,74.52414767,0.6606246,0.119999997,870,6.340000153,0.06,18.5,97.90000153,127,21.95999908,589,1.909999967,81.90000153,3.279999971,5.230000019,6.21999979
862,11.31362247,75.923579,Kozhikode,52,2.0813015,32.82452559,21.8193614,31.4852889,67.06737686,0.47726026,0.119999997,820,5.730000019,0.06,45.20000076,125.9000015,126,45.95999908,943,2.339999914,32.31000137,3.230000019,7.010000229,5.880000114
863,11.58954239,75.692931,Kozhikode,10,5.626754,20.12812698,21.5335777,31.14533623,74.52414767,0.6174738,0.119999997,560,5.019999981,0.06,48,216.1999969,126,47.59999847,742,2.359999895,52.59999847,0.899999976,4.670000076,5.849999905
864,11.36018944,75.876295,Kozhikode,24,6.2959967,32.73017669,21.21751635,31.62530407,68.12570657,0.5746516,0.119999997,500,5.239999771,0.06,25.29000092,120.4300003,121,28.53000069,528,2.529999971,14.82999992,14.81999969,3.200000048,5.909999847
865,11.71103191,75.670538,Kozhikode,28,2.0819087,21.09219098,20.32547492,30.57198644,73.94889599,0.6408863,0.119999997,470,7.389999866,0.06,59.24000168,228.7299957,100,50.65000153,815,5.369999886,29.92000008,8.170000076,3.819999933,5.349999905
866,11.73801708,75.644593,Kozhikode,31,4.1584177,10.48857546,21.93108494,30.75358208,73.1514314,0.46308133,0.119999997,380,7.920000076,0.06,75.72000122,210.7299957,98,79.58999634,728,5.619999886,27.84000015,8.369999886,3.920000076,5.119999886
867,11.73803043,75.665796,Kozhikode,39,2.1084921,21.09219098,20.32547492,30.57198644,73.94889599,0.59896123,0.129999995,430,7.360000134,0.06,68.33999634,248.2400055,100,70.56999969,778,4.920000076,27.23999977,8.819999695,3.140000105,5.210000038
868,11.4445858,75.9978712,Kozhikode,85,14.028102,38.45127416,19.25847489,30.37844633,66.77596221,0.7372421,0.150000006,730,8.289999962,0.06,28.10000038,186.8999939,118,35.33969116,648,1.779999971,33.33000183,5.659999847,6.010000229,5.300000191
869,11.72535896,75.666514,Kozhikode,29,2.9367201,21.09219098,20.32547492,30.57198644,73.94889599,0.68551034,0.159999996,615,6.909999847,0.06,37.20000076,186,132,39.84999847,987,2.150000095,13.19999981,3.390000105,5.880000114,5.820000172
870,11.67811966,75.78829193,Kozhikode,43,2.936668,53.65906334,18.52249403,29.53325622,71.40275799,0.7504388,0.180000007,400,5.78000021,0.06,77.80000305,465.8999939,53,75.63282013,467,0.99000001,56.70000076,0.239999995,5.110000134,4.869999886
871,11.7209034,75.678785,Kozhikode,29,0,21.09219098,20.32547492,30.57198644,73.94889599,0.5555556,0.180000007,620,6.96999979,0.06,36.59999847,180.1000061,136,35.95999908,718,2.119999886,13.60000038,3.50999999,5.900000095,5.880000114
872,11.68758011,75.78326416,Kozhikode,81,17.630882,53.65906334,18.52249403,29.53325622,71.40275799,0.6315694,0.189999998,360,5.869999886,0.06,81.19999695,405.3500061,61,80.52828217,578,0.920000017,10.25,0.379999995,5.760000229,4.730000019
873,11.39885426,75.959746,Kozhikode,40,4.20719,37.42606425,19.25847489,30.37844633,66.77596221,0.59755,0.560000002,520,5.670000076,0.07,70.90000153,213.4499969,121,65.90000153,415,1.110000014,75.83000183,0.980000019,8.119999886,5.230000019
874,11.35384274,75.892828,Kozhikode,77,16.03133,32.73017669,21.21751635,31.62530407,68.12570657,0.7545161,0.310000002,670,9.340000153,0.07,42.79999924,483.2999878,128,45.63999939,578,2.420000076,6.900000095,5.210000038,3.869999886,4.900000095
875,11.43117237,75.833543,Kozhikode,35,1.3247732,30.24228716,22.83462046,30.84197572,69.53967271,0.54905003,0.079999998,630,6.179999828,0.07,99.19999695,238.8000031,116,98.62999725,849,2.170000076,12.60000038,3.950000048,8.760000229,6.300000191
876,11.25514603,75.88832092,Kozhikode,27,4.8071895,33.59423253,21.8193614,31.4852889,67.06737686,0.65981376,0.079999998,380,8.359999657,0.07,33.40000153,225.1000061,129,32.90000153,736,3.160000086,4.599999905,0.660000026,1.75,5.21999979
877,11.44762802,75.831341,Kozhikode,36,3.8230686,30.24228716,22.83462046,30.84197572,69.53967271,0.30083135,0.090000004,600,11.26000023,0.07,94,227.3999939,131,100.5599976,778,2.180000067,15.39999962,50.75999832,6.710000038,5.300000191
878,11.60976219,75.655658,Kozhikode,15,2.107706,19.64189768,21.5335777,31.14533623,74.52414767,0.7075415,0.100000001,380,7.340000153,0.07,39.70000076,99.72000122,127,40.95999908,259,0.150000006,17.18000031,0.349999994,4.119999886,5.199999809
879,11.41422844,75.834988,Kozhikode,31,2.8362951,30.24228716,22.83462046,30.84197572,69.53967271,0.64110255,0.100000001,620,6.110000134,0.07,99.5,246.3999939,126,85.26000214,852,1.75999999,13.60000038,4.010000229,8.659999847,6.199999809
880,11.34494019,75.797204,Kozhikode,15,1.8543341,16.96880031,22.32563461,30.29457297,68.58606012,0.6493896,0.109999999,550,10.31999969,0.07,92,185.7799988,127,98.52999878,587,1.919999957,52.63999939,9.539999962,9.319999695,5.869999886
881,11.36760139,75.81378937,Kozhikode,19,2.1062474,27.25987363,22.83462046,30.84197572,69.53967271,0.6061826,0.109999999,420,10.22000027,0.07,112,187.8999939,121,96.52999878,772,2.00999999,50.59999847,8.56000042,9.979999542,5.679999828
882,11.56398678,75.749425,Kozhikode,20,2.1074274,26.86136818,21.5335777,31.14533623,74.52414767,0.6730863,0.109999999,800,8.239999771,0.07,46.5,382.7000122,121,49.65999985,604,2.089999914,61,2.880000114,2.930000067,5.860000134
883,11.34461117,75.800392,Kozhikode,17,0.945888,22.27556515,22.32563461,30.29457297,68.58606012,0.63495344,0.109999999,600,10.18000031,0.07,81,200.6399994,129,85.27999878,596,2.150000095,71.33999634,12.43000031,9.149999619,5.960000038
884,11.30608273,75.91026306,Kozhikode,28,2.8352222,32.82452559,21.8193614,31.4852889,67.06737686,0.6315702,0.109999999,880,5.269999981,0.07,43.20000076,125.4000015,125,45.59000015,546,2.309999943,29.20000076,3.210000038,6.820000172,5.929999828
885,11.33230782,75.942967,Kozhikode,30,4.1571803,32.82452559,21.8193614,31.4852889,67.06737686,0.48793185,0.109999999,1000,5.320000172,0.07,39.79999924,126.8000031,127,40.58000183,814,2.670000076,28.89999962,3.559999943,6.340000153,6.019999981
886,11.55228424,75.775331,Kozhikode,41,2.6487112,36.0433383,19.8506927,30.70466345,72.34626672,0.69110763,0.109999999,760,8.220000267,0.07,53.59999847,377.7999878,130,52.95999908,529,2.890000105,67.69999695,2.970000029,2.980000019,5.989999771
887,11.63844872,75.633204,Kozhikode,22,5.4751296,20.152704,21.93201441,30.25711133,75.41821664,0.69562614,0.109999999,640,5.909999847,0.07,57.70000076,173.8999939,131,58.97000122,825,3.99000001,18.26000023,8.029999733,5.550000191,5.71999979
888,11.63375664,75.633453,Kozhikode,29,1.8932004,20.152704,21.93201441,30.25711133,75.41821664,0.62668467,0.109999999,595,6.119999886,0.07,69.19999695,172.1999969,127,70.36000061,589,4.25,18.23999977,7.980000019,5.380000114,5.650000095
889,11.32157707,75.815549,Kozhikode,25,6.222112,22.27556515,22.32563461,30.29457297,68.58606012,0.59876645,0.119999997,280,6.420000076,0.07,68.80000305,423.7999878,127,69.95999908,621,1.720000029,29.79999924,4.269999981,3.279999971,5.309999943
890,11.32797241,75.898325,Kozhikode,35,6.532529,29.57589436,21.8193614,31.4852889,67.06737686,0.4954511,0.119999997,600,4.820000172,0.07,52.29999924,146.8000031,123,52.95000076,705,1.769999981,21.70000076,3.309999943,7.239999771,5.78000021
891,11.60227299,75.807251,Kozhikode,33,0.92740995,56.74106145,19.8506927,30.70466345,72.34626672,0.78268635,0.119999997,360,3.74000001,0.07,47.5,57.09999847,129,45.68000031,608,2.059999943,3.5,4.590000153,3.299999952,6.210000038
892,11.29167366,75.942558,Kozhikode,19,8.747861,40.99651149,21.8193614,31.4852889,67.06737686,0.5663908,0.119999997,888,5.21999979,0.07,42.09999847,127.6999969,124,45.52999878,987,2.289999962,33.43000031,3.25,7.710000038,5.949999809
893,11.49990845,75.791853,Kozhikode,39,4.208399,39.93812561,21.48835433,31.42848779,71.41610781,0.5524022,0.119999997,730,11.52000046,0.07,29.78000069,210.5200043,121,54.52999878,487,2.430000067,6.800000191,5.679999828,8.119999886,5.760000229
894,11.31389332,75.917981,Kozhikode,43,5.7313285,32.82452559,21.8193614,31.4852889,67.06737686,0.5572702,0.119999997,1000,5.849999905,0.07,37.09999847,105.5,128,39.18999863,846,2.809999943,23.20000076,3.799999952,10.19999981,6.010000229
895,11.24603176,75.903184,Kozhikode,8,8.029367,37.65808347,21.8690014,31.56481218,65.77315902,0.6053363,0.119999997,500,3.150000095,0.07,47.90000153,280.5,117,45.99000168,821,2.819999933,27.70000076,7.119999886,5.460000038,6.110000134
896,11.64132595,75.639848,Kozhikode,14,2.9857748,20.152704,21.93201441,30.25711133,75.41821664,0.32747188,0.119999997,590,5.949999809,0.07,66.80000305,172.1999969,125,67.62999725,566,4.210000038,18.12000084,8.909999847,5.210000038,5.610000134
897,11.64489746,75.777783,Kozhikode,42,9.774204,35.21831441,19.8506927,30.70466345,72.34626672,0.7516646,0.129999995,550,7.75,0.07,79.05999756,81.44000244,122,79.40000153,495,1.070000052,7.949999809,1.450000048,3.269999981,4.860000134
898,11.41793156,75.945528,Kozhikode,36,12.084835,48.04281092,21.21751635,31.62530407,68.12570657,0.6549509,0.129999995,730,8.449999809,0.07,10.31999969,437.3500061,126,20.98999977,713,2.190000057,70.23999786,4.03000021,3.529999971,5.159999847
899,11.44272614,75.994667,Kozhikode,54,1.8543341,38.45127416,19.25847489,30.37844633,66.77596221,0.5163985,0.140000001,700,8.109999657,0.07,33.90000153,191.9199982,129,35.63262177,657,1.320000052,120.2799988,3.660000086,6.230000019,5.010000229
900,11.55320835,75.820146,Kozhikode,36,12.088887,41.78491688,19.8506927,30.70466345,72.34626672,0.7216048,0.140000001,290,7.119999886,0.07,54.70000076,139.9104004,126,58.58528137,624,1.409999967,127.2099991,26.81999969,3.079999924,4.570000172
901,11.62868023,75.802416,Kozhikode,36,1.8931645,56.74106145,19.8506927,30.70466345,72.34626672,0.7193151,0.140000001,230,5.510000229,0.07,69.09999847,227.8999939,127,68.93000031,718,2.890000105,24.29999924,7.989999771,3.920000076,6.119999886
902,11.69612789,75.686787,Kozhikode,40,7.753337,25.89249635,20.32547492,30.57198644,73.94889599,0.70287704,0.150000006,615,4.230000019,0.07,10.80000019,198.3000031,125,84.936203,616,1.99000001,7.699999809,2.539999962,4.670000076,5.110000134
903,11.67554665,75.780125,Kozhikode,27,3.3892286,53.65906334,18.52249403,29.53325622,71.40275799,0.7441066,0.159999996,475,6.320000172,0.07,56.79999924,463.2000122,78,55.558852,587,1.25999999,43,7.989999771,5.239999771,5.78000021
904,11.53574467,75.875065,Kozhikode,67,5.626724,119.4093542,19.96194874,31.10194839,68.50564202,0.50178874,0.159999996,350,7.159999847,0.07,40.79999924,210.8000031,123,60.82852173,687,2.339999914,27.79999924,4.139999866,3.980000019,5.150000095
905,11.68991661,75.743056,Kozhikode,26,4.2107005,35.94090796,20.32547492,30.57198644,73.94889599,0.71862113,0.170000002,820,3.430000067,0.07,23.5,248,132,29.63850021,539,1.070000052,17.20000076,3.960000038,3.710000038,5.5
906,11.70711899,75.744765,Kozhikode,43,5.547545,63.79971552,20.32547492,30.57198644,73.94889599,0.5770511,0.170000002,900,3.50999999,0.07,16.39999962,248,133,17.62851906,539,1.070000052,20.89999962,3.960000038,3.710000038,5.71999979
907,11.48053932,75.77231598,Kozhikode,19,2.9842286,39.93812561,21.48835433,31.42848779,71.41610781,0.50748473,0.170000002,210,5.110000134,0.07,101,220,101,56.95999908,654,1.320000052,17.20000076,4.650000095,5.309999943,4.849999905
908,11.58716393,75.687439,Kozhikode,26,4.2094502,20.12812698,21.5335777,31.14533623,74.52414767,0.71036696,0.180000007,600,5.889999866,0.07,59,204.3999939,136,60.50999832,854,1.75999999,8,3.450000048,3.190000057,6.03000021
909,11.68326092,75.790022,Kozhikode,38,2.081865,53.65906334,18.52249403,29.53325622,71.40275799,0.6211031,0.209999993,440,4.309999943,0.07,69.5,431.2000122,48,69.96949768,524,1.120000005,63.70000076,0.889999986,5.309999943,5.230000019
910,11.37527466,76.0184021,Kozhikode,27,7.9809237,38.15333164,19.25847489,30.37844633,66.77596221,0.68673927,0.209999993,645,5.670000076,0.07,44.70000076,687.3200073,127,45.35200119,598,2.670000076,145.6799927,0.025,3.75,5.079999924
911,11.53069878,75.887304,Kozhikode,135,13.769243,119.4093542,19.96194874,31.10194839,68.50564202,0.80988485,0.219999999,340,7.519999981,0.08,45,254.1999969,134,46.639528,438,2.640000105,30.20000076,4.579999924,2.950000048,5.110000134
912,11.53331661,75.865392,Kozhikode,69,5.285969,119.4093542,19.96194874,31.10194839,68.50564202,0.58319974,0.219999999,450,7.820000172,0.08,32.70000076,231.6000061,130,38.28527832,615,2.869999886,29.70000076,4.559999943,5.010000229,5.670000076
913,11.44653034,75.802292,Kozhikode,79,4.1575236,30.24228716,22.83462046,30.84197572,69.53967271,0.7015933,0.07,570,10.01000023,0.08,95.30000305,183.6000061,118,90.95999908,857,2.069999933,13.19999981,40.11999893,5.710000038,5.260000229
914,11.26242256,75.90233612,Kozhikode,21,1.3243746,40.99651149,21.8193614,31.4852889,67.06737686,0.57421947,0.100000001,470,3.670000076,0.08,52.70000076,269.6000061,112,55.99000168,785,2.75999999,26.79999924,7.769999981,6.019999981,5.920000076
915,11.61063385,75.650658,Kozhikode,11,2.081753,19.64189768,21.5335777,31.14533623,74.52414767,0.6765831,0.109999999,430,7.980000019,0.08,33.29999924,97.66999817,123,35.93000031,278,0.159999996,17.12000084,0.289999992,4.03000021,5.400000095
916,11.56752682,75.688633,Kozhikode,18,5.9655385,20.12812698,21.5335777,31.14533623,74.52414767,0.7113548,0.109999999,800,6.21999979,0.08,19.70000076,86.80000305,135,21.84000015,592,1.49000001,103.5,3.150000095,5.139999866,5.900000095
917,11.30548382,75.885322,Kozhikode,38,2.9825726,29.57589436,21.8193614,31.4852889,67.06737686,0.6421494,0.109999999,580,4.929999828,0.08,49.22999954,169.4199982,131,48.59000015,559,1.669999957,32.29999924,3.75,7.389999866,5.630000114
918,11.50447559,75.800405,Kozhikode,44,8.034192,79.58370256,21.48835433,31.42848779,71.41610781,0.65123403,0.109999999,700,10.09000015,0.08,33.59999847,200.8000031,128,35.95999908,618,2.150000095,6.900000095,5.190000057,4.539999962,5.710000038
919,11.65574741,75.733951,Kozhikode,18,2.985912,35.94090796,20.32547492,30.57198644,73.94889599,0.6977747,0.119999997,350,9.090000153,0.08,90.30000305,204.5500031,129,90.52999878,321,0.829999983,41.29000092,22.87999916,4.760000229,4.579999924
920,11.51489735,75.760693,Kozhikode,62,17.66493,42.66623306,21.48835433,31.42848779,71.41610781,0.7098832,0.119999997,490,8.170000076,0.08,89.52999878,90.62000275,119,85.66000366,486,1.230000019,10.31999969,1.610000014,3.839999914,4.320000172
921,11.45600796,75.770991,Kozhikode,16,8.888094,39.93812561,21.48835433,31.42848779,71.41610781,0.5448776,0.119999997,440,5.610000134,0.08,14.01000023,98.69999695,121,20.89999962,598,1.519999981,11.89999962,11.72000027,6.619999886,5.789999962
922,11.63175392,75.818409,Kozhikode,52,9.198591,56.74106145,19.8506927,30.70466345,72.34626672,0.74652135,0.119999997,320,3.859999895,0.08,55.29999924,96.44999695,129,55.89279938,517,1.649999976,6.889999866,7.849999905,4.179999828,5.909999847
923,11.32978725,75.814585,Kozhikode,25,3.386319,22.27556515,22.32563461,30.29457297,68.58606012,0.5495938,0.119999997,220,6.590000153,0.08,73.5,405.3999939,128,72.98999786,589,1.75999999,32.5,4.349999905,3.309999943,5.239999771
924,11.35404778,76.045774,Kozhikode,38,4.995862,38.15333164,19.25847489,30.37844633,66.77596221,0.6396396,0.119999997,260,5.230000019,0.08,123.5,204.8200073,131,104.6958466,501,2,62.54999924,1.610000014,7.949999809,4.5
925,11.56773186,75.7678833,Kozhikode,23,2.6487863,36.0433383,19.8506927,30.70466345,72.34626672,0.6476684,0.119999997,830,8.380000114,0.08,35.20000076,410.2999878,131,36.95999908,485,2.75999999,67.31999969,3.210000038,2.99000001,6.090000153
926,11.35189629,75.758564,Kozhikode,20,3.8900137,24.29780793,22.83462046,30.84197572,69.53967271,0.52367187,0.119999997,500,5.130000114,0.08,46.97000122,421.8399963,119,45.65999985,554,2.849999905,59.41999817,26.97999954,8.350000381,5.260000229
927,11.71557522,75.64956665,Kozhikode,42,11.333516,10.48857546,21.93108494,30.75358208,73.1514314,0.667713,0.119999997,615,7.010000229,0.08,44.5,143,213,49.38999939,839,3.00999999,7.659999847,9.010000229,4.480000019,5.590000153
928,11.71177483,75.652128,Kozhikode,32,5.4761996,21.09219098,20.32547492,30.57198644,73.94889599,0.44287547,0.119999997,620,7.039999962,0.08,42.5,140,216,48.38999939,945,3.039999962,7.5,9.279999733,4.570000172,5.650000095
929,11.6360321,75.670215,Kozhikode,24,1.8932136,19.64189768,21.5335777,31.14533623,74.52414767,0.72302985,0.119999997,645,5.889999866,0.08,52.70000076,176.6000061,131,54.97000122,578,4.119999886,19.01000023,8.109999657,5.210000038,5.739999771
930,11.63397694,75.826312,Kozhikode,69,2.985705,56.74106145,19.8506927,30.70466345,72.34626672,0.76509255,0.129999995,290,3.039999962,0.08,69.80000305,101.5,121,69.96900177,659,1.620000005,7.010000229,6.869999886,3.99000001,5.539999962
931,11.46078205,75.978394,Kozhikode,39,11.250857,57.15627098,17.93006102,29.24338868,65.56911816,0.76086956,0.129999995,300,8.760000229,0.08,112.6999969,227.5299988,129,99.55799866,715,1.690000057,93.34999847,3.230000019,5.550000191,4.329999924
932,11.3408308,75.825527,Kozhikode,24,1.324559,22.27556515,22.32563461,30.29457297,68.58606012,0.6,0.129999995,360,9.470000267,0.08,117,207.8800049,131,46.36999893,548,2.24000001,62.88999939,9.050000191,9.340000153,5.489999771
933,11.54432201,75.701249,Kozhikode,20,3.3616502,22.57499194,22.22622465,30.39927063,73.72070066,0.64052564,0.140000001,800,9.239999771,0.08,132,450.230011,111,85.62999725,845,1.24000001,75.33999634,10.43000031,3.950000048,5.53000021
934,11.66666412,75.790973,Kozhikode,27,3.7827206,53.65906334,18.52249403,29.53325622,71.40275799,0.78487396,0.140000001,180,5.360000134,0.08,74.40000153,217.3000031,144,75.94999695,921,2.210000038,23.20000076,9.479999542,4.210000038,6.019999981
935,11.44877625,75.867491,Kozhikode,51,0.9462337,28.78613377,21.21751635,31.62530407,68.12570657,0.66803956,0.150000006,560,10.89999962,0.08,140,480.8999939,121,70.29000092,689,1.539999962,77.69999695,11.98999977,3.109999895,5.619999886
936,11.54603386,75.832193,Kozhikode,29,4.722366,79.58370256,21.48835433,31.42848779,71.41610781,0.57991046,0.150000006,380,7.269999981,0.08,37.59999847,125.9800034,129,35.27999878,579,1.889999986,129.6499939,9.079999924,4.090000153,5.230000019
937,11.71278286,75.668775,Kozhikode,31,2.9864683,21.09219098,20.32547492,30.57198644,73.94889599,0.64522415,0.150000006,580,3.799999952,0.08,16.5,213.1999969,120,21.52828026,524,1.940000057,8.600000381,2.170000076,4.800000191,4.920000076
938,11.68347168,75.758055,Kozhikode,36,3.3621793,53.65906334,18.52249403,29.53325622,71.40275799,0.54895383,0.159999996,860,4.320000172,0.08,21.29999924,259.7999878,127,25.5956959,490,1.559999943,15.80000019,3.369999886,4.760000229,5.610000134
939,11.49170876,75.770161,Kozhikode,16,1.8922398,39.93812561,21.48835433,31.42848779,71.41610781,0.5921158,0.159999996,180,4.980000019,0.08,109,227,120,89.95999908,701,1.610000014,16.29999924,4.860000134,5.119999886,4.789999962
940,11.43822479,76.008118,Kozhikode,80,6.658472,61.95179939,19.25847489,30.37844633,66.77596221,0.5292501,0.159999996,680,8.430000305,0.08,36.70000076,177.8999939,131,40.25680161,638,2.319999933,29.89999962,5.210000038,5.989999771,4.980000019
941,11.54408073,75.844322,Kozhikode,29,2.7802885,79.58370256,21.48835433,31.42848779,71.41610781,0.7298422,0.170000002,270,7.670000076,0.08,58.79999924,133.4499969,131,55.62385178,601,0.920000017,305.7200012,8.960000038,4.550000191,4.550000191
942,11.67597485,75.781312,Kozhikode,31,1.893486,53.65906334,18.52249403,29.53325622,71.40275799,0.6758123,0.209999993,480,5.96999979,0.08,58.90000153,453.7999878,54,58.556959,396,1.440000057,56.90000153,10.92000008,5.639999866,5.71999979
943,11.33376217,75.787062,Kozhikode,18,1.8543341,16.96880031,22.32563461,30.29457297,68.58606012,0.6018034,0.629999995,650,7.980000019,0.09,66.69999695,100.3899994,122,65.36000061,413,0.670000017,114.3899994,20.75,5.21999979,5.320000172
944,11.33515453,75.778758,Kozhikode,20,4.722226,16.96880031,22.32563461,30.29457297,68.58606012,0.67907304,0.779999971,600,8.670000076,0.09,75.80000305,151.9900055,121,76.95999908,427,0.889999986,121.3399963,31.82999992,4.670000076,4.989999771
945,11.35944462,75.905125,Kozhikode,33,0,40.89652061,21.21751635,31.62530407,68.12570657,0.58728814,0.289999992,760,8.220000267,0.09,37.40000153,472,128,35.58000183,824,2.210000038,6.300000191,5.150000095,3.109999895,5.199999809
946,11.37259483,75.865916,Kozhikode,54,6.2962174,32.73017669,21.21751635,31.62530407,68.12570657,0.6964722,0.819999993,800,6.809999943,0.09,22.5,387,128,28.95999908,914,2.579999924,9.899999619,17.89999962,7.21999979,4.699999809
947,11.42832184,75.870909,Kozhikode,57,5.9643683,28.78613377,21.21751635,31.62530407,68.12570657,0.7120177,0.25,640,9.869999886,0.09,118,489.8999939,130,65.94999695,624,2.75999999,69.90000153,9.06000042,3.190000057,5.769999981
948,11.46755791,75.834598,Kozhikode,37,3.387467,61.7276969,21.48835433,31.42848779,71.41610781,0.62006027,0.100000001,400,4.880000114,0.09,29.39999962,462.6000061,127,35.93000031,420,0.959999979,58.09999847,3.029999971,3.690000057,5.639999866
949,11.30764198,75.893642,Kozhikode,37,1.324481,29.57589436,21.8193614,31.4852889,67.06737686,0.6765889,0.100000001,520,5.389999866,0.09,39.47000122,159.3200073,130,38.59000015,498,1.379999995,27.43000031,3.180000067,6.929999828,5.340000153
950,11.64619637,75.724919,Kozhikode,27,2.107928,34.65905905,21.5335777,31.14533623,74.52414767,0.654908,0.109999999,380,11.01000023,0.09,85.59999847,159.5299988,131,86.97000122,301,0.800000012,36.93000031,106.5,4.230000019,4.75
951,11.71957207,75.695382,Kozhikode,42,3.8948061,21.09219098,20.32547492,30.57198644,73.94889599,0.68626153,0.109999999,176,5.460000038,0.09,100,165.8999939,110,100.0028,658,1.25999999,23.70000076,6.429999828,2.75999999,4.989999771
952,11.64479733,75.777693,Kozhikode,36,12.15974,35.21831441,19.8506927,30.70466345,72.34626672,0.5094923,0.109999999,550,5.760000229,0.09,78.23999786,746.5300293,122,75.52999878,436,1.419999957,152.4299927,15.92000008,4.920000076,5.119999886
953,11.71252728,75.696404,Kozhikode,31,3.9706993,21.09219098,20.32547492,30.57198644,73.94889599,0.4753398,0.109999999,193,5.239999771,0.09,111.0999985,176.4299927,128,100.2799988,779,1.960000038,32.5,2.670000076,3.75999999,4.78000021
954,11.5271103,75.701003,Kozhikode,25,2.984675,22.57499194,22.22622465,30.39927063,73.72070066,0.63895756,0.109999999,680,9.890000343,0.09,132,309.8999939,129,99.62999725,744,2.170000076,21.10000038,7.670000076,4.5,4.949999809
955,11.45386887,75.957239,Kozhikode,33,3.9688313,57.15627098,17.93006102,29.24338868,65.56911816,0.59956205,0.109999999,420,10.19999981,0.09,82.30000305,204.3999939,132,83.38279724,508,2.24000001,67.69999695,3.50999999,4.21999979,5.150000095
956,11.31012821,75.90065765,Kozhikode,20,0.92740995,32.82452559,21.8193614,31.4852889,67.06737686,0.5169713,0.119999997,450,5.360000134,0.09,30.46999931,290.4299927,129,30.32999992,521,1.200000048,96.72000122,3.950000048,7.940000057,4.78000021
957,11.34466171,76.028207,Kozhikode,58,11.335745,37.14860082,20.31298718,31.1116514,66.14666049,0.57745045,0.119999997,310,5.869999886,0.09,106.8000031,260.7600098,126,96.39579773,504,1.230000019,64.76000214,2.029999971,8.140000343,5.239999771
958,11.70707035,75.681088,Kozhikode,50,9.509057,21.09219098,20.32547492,30.57198644,73.94889599,0.6068537,0.119999997,198,5.230000019,0.09,114,188.6000061,120,98.89279938,817,1.370000005,29.79999924,6.369999886,3.109999895,4.559999943
959,11.71272945,75.636211,Kozhikode,27,5.2876973,10.48857546,21.93108494,30.75358208,73.1514314,0.42880356,0.119999997,840,11.80000019,0.09,92.40000153,188,134,86.62999725,854,1.580000043,18.29999924,9.43999958,8.380000114,4.940000057
960,11.349123,75.808007,Kozhikode,24,5.8572817,22.27556515,22.32563461,30.29457297,68.58606012,0.686251,0.119999997,540,11.10000038,0.09,95,201.6000061,134,90.26000214,814,1.909999967,76.5,10.31000042,11.5,5.849999905
961,11.59833813,75.827075,Kozhikode,35,0,41.78491688,19.8506927,30.70466345,72.34626672,0.5769829,0.119999997,360,3.720000029,0.09,47.5,84.97000122,133,48.36384964,612,2.170000076,6.78000021,8.779999733,3.940000057,6.210000038
962,11.36415958,75.760644,Kozhikode,18,0,24.29780793,22.83462046,30.84197572,69.53967271,0.48257807,0.119999997,530,9.989999771,0.09,97,200.8000031,127,95.66000366,885,2.50999999,71.5,8.449999809,9.890000343,5.829999924
963,11.37460232,75.78540802,Kozhikode,13,2.6478624,24.29780793,22.83462046,30.84197572,69.53967271,0.5101208,0.119999997,450,5.820000172,0.09,54.31999969,400.2200012,119,55.95999908,588,2.539999962,56.38000107,26.43000031,8.239999771,4.860000134
964,11.53511715,75.808039,Kozhikode,67,11.250281,79.58370256,21.48835433,31.42848779,71.41610781,0.79128546,0.119999997,580,10.11999989,0.09,66.59999847,234.8899994,118,66.95999908,712,2.75999999,20.97999954,5.760000229,4.989999771,5.210000038
965,11.53360081,75.795424,Kozhikode,31,4.2088027,42.66623306,21.48835433,31.42848779,71.41610781,0.8099829,0.119999997,580,10.11999989,0.09,66.59999847,234.8899994,118,65.62999725,527,2.75999999,20.97999954,5.760000229,4.989999771,5.210000038
966,11.50434303,75.740774,Kozhikode,16,9.088871,22.57499194,22.22622465,30.39927063,73.72070066,0.5255742,0.119999997,720,6.929999828,0.09,40.24000168,432.5299988,117,40.68999863,476,3.24000001,40.33000183,12.93000031,8.340000153,4.920000076
967,11.42973804,75.947133,Kozhikode,42,2.648125,48.04281092,21.21751635,31.62530407,68.12570657,0.49160755,0.129999995,280,6.949999809,0.09,80.09999847,235.8999939,72,79.62999725,684,2.930000067,36.59999847,6.920000076,6.21999979,4.449999809
968,11.61953545,75.636409,Kozhikode,38,5.422091,20.152704,21.93201441,30.25711133,75.41821664,0.7351084,0.129999995,180,3.809999943,0.09,25,803.4000244,132,31.22999954,843,3.160000086,30,5.170000076,6.239999771,5.489999771
969,11.49325371,75.777767,Kozhikode,37,5.6267,39.93812561,21.48835433,31.42848779,71.41610781,0.64861614,0.129999995,650,6.429999828,0.09,54.36999893,424.8299866,118,55.63000107,501,3.859999895,42.41999817,12.42000008,8.420000076,4.230000019
970,11.53594875,75.69313049,Kozhikode,16,3.7047918,21.04727292,22.22622465,30.39927063,73.72070066,0.709276,0.140000001,660,16.29999924,0.09,128,330.3999939,136,87.62999725,728,2.059999943,21.79999924,7.409999847,4.309999943,4.920000076
971,11.72151661,75.724046,Kozhikode,63,1.8543341,63.79971552,20.32547492,30.57198644,73.94889599,0.66314256,0.140000001,550,3.809999943,0.09,20.20000076,165.6000061,129,31.62524986,659,2.660000086,18.90999985,2.869999886,4.670000076,4.869999886
972,11.53682232,75.859851,Kozhikode,59,1.3250262,119.4093542,19.96194874,31.10194839,68.50564202,0.65319985,0.189999998,320,7.929999828,0.09,49.40000153,132.6499939,127,52.25279999,615,2.430000067,150.8699951,8.979999542,5.340000153,4.960000038
973,11.36409569,75.87115479,Kozhikode,36,4.722245,32.73017669,21.21751635,31.62530407,68.12570657,0.6959047,2.210000038,950,6.659999847,0.1,15.81999969,149.3099976,130,15.35000038,587,1.75,72.31999969,11.10000038,7.929999828,5.519999981
974,11.36138535,75.867564,Kozhikode,45,5.6577144,32.73017669,21.21751635,31.62530407,68.12570657,0.68397444,1.899999976,900,5.099999905,0.1,18.39999962,414.3999939,135,24.26000023,859,2.75,10.89999962,22.65999985,8.109999657,4.900000095
975,11.62669373,75.636697,Kozhikode,33,2.8384364,20.152704,21.93201441,30.25711133,75.41821664,0.66636145,0.100000001,500,3.24000001,0.1,32.43000031,200.3399963,120,35.65999985,596,1.24000001,20.72999954,2.180000067,7.460000038,4.809999943
976,11.24343586,75.890717,Kozhikode,16,2.1055124,34.5121378,21.8690014,31.56481218,65.77315902,0.5845313,0.100000001,180,4.170000076,0.1,48.09999847,293.3999939,134,47.65000153,826,1.460000038,9.100000381,8.699999809,4.409999847,4.800000191
977,11.46349812,75.832798,Kozhikode,44,3.3613455,61.7276969,21.48835433,31.42848779,71.41610781,0.7819107,0.100000001,740,5.440000057,0.1,50.20000076,274.3999939,128,75.62999725,719,1.879999995,33.40000153,14.44999981,2.309999943,6.199999809
978,11.34141827,76.032267,Kozhikode,34,2.936304,37.14860082,20.31298718,31.1116514,66.14666049,0.4508591,0.109999999,250,5.760000229,0.1,126.5999985,256.4299927,119,87.69580078,597,1.039999962,69.23999786,1.100000024,8.119999886,4.480000019
979,11.70869541,75.691411,Kozhikode,42,0,21.09219098,20.32547492,30.57198644,73.94889599,0.69129723,0.109999999,189,4.650000095,0.1,110,227.9400024,112,94.22799683,758,1.230000019,74.37000275,26.81999969,3.539999962,4.829999924
980,11.26334858,75.950147,Kozhikode,24,1.8543341,39.50723283,20.31298718,31.1116514,66.14666049,0.41381186,0.109999999,560,9.470000267,0.1,72.5,517.5999756,136,75.37000275,728,2.390000105,21.29999924,11.22000027,2.319999933,5.75
981,11.64580631,75.778199,Kozhikode,47,4.8135552,35.21831441,19.8506927,30.70466345,72.34626672,0.6027271,0.119999997,480,5.230000019,0.1,86.33999634,750.2399902,121,87.52999878,489,1.320000052,150.3500061,15.34000015,4.650000095,5.010000229
982,11.31180477,75.994469,Kozhikode,27,13.281719,32.94158244,20.31298718,31.1116514,66.14666049,0.5,0.119999997,290,4.960000038,0.1,58.79999924,150.1000061,133,55.95999908,865,1.460000038,33,6.840000153,3.859999895,5.5
983,11.71815872,75.701851,Kozhikode,63,10.9259405,63.79971552,20.32547492,30.57198644,73.94889599,0.61484647,0.119999997,800,4.670000076,0.1,72,157.1000061,96,75.96199799,631,1.519999981,28.20000076,6.760000229,2.5,5.619999886
984,11.44732094,75.742281,Kozhikode,10,2.6482081,16.73105645,22.55626542,29.71539433,72.88090343,0.6191509,0.119999997,500,5.320000172,0.1,11.90999985,116.6999969,130,15.94999981,513,1.559999943,11.77000046,13.76000023,6.119999886,5.909999847
985,11.49481201,75.72041321,Kozhikode,16,1.8543341,25.48809314,22.22622465,30.39927063,73.72070066,0.645556,0.119999997,350,5.619999886,0.1,48.79999924,349.7000122,130,43.95999908,501,1.850000024,32.86999893,19.22999954,2.480000019,6.210000038
986,11.70409679,75.7268219,Kozhikode,59,10.301612,63.79971552,20.32547492,30.57198644,73.94889599,0.5800922,0.129999995,620,3.779999971,0.1,12.30000019,184.3200073,126,22.28280067,587,1.309999943,15.31000042,3.670000076,4.630000114,5.190000057
987,11.50850773,75.722679,Kozhikode,20,2.107093,22.57499194,22.22622465,30.39927063,73.72070066,0.56993735,0.129999995,710,9.56000042,0.1,142,335.7000122,126,85.95999908,712,2.089999914,19.10000038,7.989999771,4.010000229,5.010000229
988,11.54216862,75.833813,Kozhikode,46,19.721329,79.58370256,21.48835433,31.42848779,71.41610781,0.74849427,0.129999995,600,3.130000114,0.1,17.43000031,178.4299927,124,20.25279999,758,2.130000114,17.35000038,3.24000001,4.820000172,5.190000057
989,11.38049793,75.82862854,Kozhikode,27,3.3867407,27.25987363,22.83462046,30.84197572,69.53967271,0.6225393,0.150000006,630,10.22000027,0.1,10.81999969,311.230011,129,17.29000092,612,1.559999943,19.37000084,5.630000114,4.230000019,5.409999847
990,11.67405319,75.749971,Kozhikode,21,1.8543341,53.65906334,18.52249403,29.53325622,71.40275799,0.6773424,0.159999996,860,3.25999999,0.1,21.29999924,274.7999878,128,22,558,1.779999971,33.33000183,4.980000019,3.170000076,5.610000134
991,11.43638134,75.874205,Kozhikode,53,3.3612435,28.78613377,21.21751635,31.62530407,68.12570657,0.4748407,0.180000007,600,14.60000038,0.1,127,532,132,78.93000031,664,1.460000038,85.80000305,10.35000038,3.299999952,5.71999979
992,11.31961441,75.84455872,Kozhikode,31,3.967878,22.27556515,22.32563461,30.29457297,68.58606012,0.6980769,0.079999998,520,7.420000076,0.11,76.90000153,304.6000061,128,75.98000336,578,2.960000038,9.800000191,7.239999771,5.28000021,5.309999943
993,11.37765789,75.911339,Kozhikode,33,3.96829,40.89652061,21.21751635,31.62530407,68.12570657,0.53529125,0.100000001,760,9.210000038,0.11,60.40000153,180.1999969,121,60.86000061,783,2.279999971,32.59999847,3.210000038,6.28000021,5.869999886
994,11.54099655,75.790452,Kozhikode,32,4.996331,42.66623306,21.48835433,31.42848779,71.41610781,0.50273514,0.100000001,630,9.56000042,0.11,59.20000076,243.8200073,117,55.97999954,689,2.529999971,22.34000015,5.650000095,3.99000001,5.349999905
995,11.60502815,75.73607635,Kozhikode,23,2.9854228,34.65905905,21.5335777,31.14533623,74.52414767,0.7617848,0.109999999,800,4.75,0.11,14.60000038,197.8000031,144,25.95999908,587,1.220000029,23.60000038,0.790000021,1.919999957,4.920000076
996,11.63950539,75.716054,Kozhikode,25,2.0817976,34.65905905,21.5335777,31.14533623,74.52414767,0.52121437,0.109999999,900,4.71999979,0.11,12.31999969,199.3399963,99,15.96000004,485,1.340000033,26.35000038,1.279999971,2.00999999,5.110000134
997,11.48270893,75.733992,Kozhikode,14,6.5326023,25.48809314,22.22622465,30.39927063,73.72070066,0.7016449,0.109999999,300,5.920000076,0.11,52.5,321.3999939,127,70.26000214,698,1.75999999,34.90000153,18.10000038,2.450000048,6.139999866
998,11.2806673,75.94975281,Kozhikode,33,8.80427,40.99651149,21.8193614,31.4852889,67.06737686,0.6109752,0.109999999,560,7.920000076,0.11,79.90000153,498.7999878,132,80.97000122,742,2.660000086,18.89999962,10.19999981,2.539999962,5.269999981
999,11.26332474,75.93647003,Kozhikode,11,9.845716,40.99651149,21.8193614,31.4852889,67.06737686,0.7219731,0.119999997,580,9.510000229,0.11,70.80000305,499.7000122,120,72.95999908,764,2.410000086,22.79999924,11.52000046,2.450000048,5.78000021
1000,11.44732571,75.772947,Kozhikode,18,1.3248117,29.79679036,22.83462046,30.84197572,69.53967271,0.60444033,0.129999995,400,5.260000229,0.11,18.60000038,89.80000305,131,18.22999954,515,1.340000033,12.19999981,9.640000343,5.269999981,5.690000057
1001,11.44878292,75.861177,Kozhikode,40,8.341451,28.78613377,21.21751635,31.62530407,68.12570657,0.6594074,0.129999995,650,8.25,0.11,17.31999969,429.9200134,121,18.96999931,569,2.130000114,69.37999725,3.279999971,3.819999933,4.820000172
1002,11.70704746,75.699167,Kozhikode,24,9.318453,21.09219098,20.32547492,30.57198644,73.94889599,0.5090909,0.140000001,630,3.74000001,0.11,9.100000381,218.8999939,126,10.62520027,728,2.430000067,9.899999619,2.430000067,4.260000229,5.230000019
1003,11.38367558,75.849891,Kozhikode,32,3.3867662,27.25987363,22.83462046,30.84197572,69.53967271,0.67905074,0.150000006,589,9.979999542,0.11,16.5,300.8999939,135,21.26000023,902,1.480000019,26.5,4.840000153,3.910000086,5.070000172
1004,11.30409908,75.839083,Kozhikode,20,3.3607514,22.27556515,22.32563461,30.29457297,68.58606012,0.41009662,0.07,580,7.809999943,0.12,57.90000153,250.1000061,121,60.84999847,528,2.160000086,10.19999981,7.119999886,5.840000153,5.519999981
1005,11.45401955,75.948255,Kozhikode,57,3.387355,128.5130892,19.96194874,31.10194839,68.50564202,0.50805545,0.090000004,440,9.130000114,0.12,79.90000153,246.3999939,96,75.235628,468,3.190000057,31.10000038,3.029999971,5.159999847,5.210000038
1006,11.3737793,75.957688,Kozhikode,46,2.6478586,37.42606425,19.25847489,30.37844633,66.77596221,0.6706813,0.100000001,830,9.239999771,0.12,47.34999847,184.2400055,126,45.68999863,528,2.529999971,34.63999939,3.670000076,6.230000019,6.010000229
1007,11.33969021,76.036226,Kozhikode,73,9.310682,37.14860082,20.31298718,31.1116514,66.14666049,0.66064984,0.109999999,380,5.78000021,0.12,88.90000153,199.7799988,126,89.85852051,502,1.889999986,11.97999954,2.950000048,7.860000134,5.760000229
1008,11.38677025,75.915622,Kozhikode,34,2.6479204,40.89652061,21.21751635,31.62530407,68.12570657,0.54208755,0.109999999,800,8.409999847,0.12,58.5,193.8000031,132,55.95000076,791,2.210000038,35.20000076,3.980000019,6.809999943,5.900000095
1009,11.47661114,75.965971,Kozhikode,39,4.157615,57.15627098,17.93006102,29.24338868,65.56911816,0.6419919,0.109999999,280,9.119999886,0.12,129.5,225.9100037,128,105.3628464,701,2.539999962,58.79999924,2.75,5.230000019,4.199999809
1010,11.46064568,75.966718,Kozhikode,42,7.472741,57.15627098,17.93006102,29.24338868,65.56911816,0.50314265,0.109999999,285,9.229999542,0.12,138.1999969,237.6100006,96,120.3252792,618,3.039999962,45.59999847,3.230000019,5.269999981,4.110000134
1011,11.65002728,75.743311,Kozhikode,23,3.823237,34.65905905,21.5335777,31.14533623,74.52414767,0.66241807,0.119999997,420,15.19999981,0.12,81.80000305,222.1999969,132,81.98999786,347,0.870000005,71.40000153,2.089999914,4.150000095,5.800000191
1012,11.35462284,76.0354623,Kozhikode,75,10.7534685,38.15333164,19.25847489,30.37844633,66.77596221,0.5820088,0.119999997,320,5.760000229,0.12,103.4000015,180.6499939,124,98.52279663,597,1.860000014,12.31999969,2.789999962,7.449999809,5.320000172
1013,11.48139191,75.728988,Kozhikode,5,4.1576295,25.48809314,22.22622465,30.39927063,73.72070066,0.44081962,0.119999997,250,5.889999866,0.12,62.09999847,326.7999878,123,65.98999786,645,1.870000005,33.29999924,18.29999924,2.559999943,5.909999847
1014,11.2694371,75.953981,Kozhikode,17,6.6982813,39.50723283,20.31298718,31.1116514,66.14666049,0.5443464,0.119999997,586,8.210000038,0.12,84.30000305,508.3999939,129,85.97000122,739,2.220000029,22.60000038,12.69999981,2.390000105,5.889999866
1015,11.72984409,75.72245026,Kozhikode,44,2.936725,63.79971552,20.32547492,30.57198644,73.94889599,0.75345457,0.129999995,645,3.160000086,0.12,7.900000095,193.3000031,128,25.96257973,824,1.950000048,16.80999947,2.75999999,4.320000172,5.320000172
1016,11.38193798,75.82554626,Kozhikode,22,5.857351,27.25987363,22.83462046,30.84197572,69.53967271,0.70088863,0.159999996,580,13.10999966,0.12,18.60000038,291.2000122,136,24.59000015,799,1.460000038,7.300000191,4.769999981,4.28000021,5.019999981
1017,11.7097708,75.734641,Kozhikode,58,1.8543341,63.79971552,20.32547492,30.57198644,73.94889599,0.5183777,0.159999996,770,3.480000019,0.12,32.5,200.7899933,127,31.985852,521,1.559999943,313.6700134,26.45999908,4.119999886,5.239999771
1018,11.33881474,76.02075195,Kozhikode,24,14.074935,37.14860082,20.31298718,31.1116514,66.14666049,0.49118105,0.109999999,330,5.389999866,0.13,99.90000153,209.3200073,132,85.5696528,489,1.679999948,59.99000168,2.680000067,7.519999981,5.389999866
1019,11.63826561,75.733328,Kozhikode,12,2.0817957,34.65905905,21.5335777,31.14533623,74.52414767,0.5542818,0.119999997,415,9.899999619,0.13,79.90000153,219.8999939,130,75.69999695,304,0.779999971,77.19999695,2.220000029,4.909999847,5.909999847
1020,11.29996109,75.909117,Kozhikode,12,2.835162,40.99651149,21.8193614,31.4852889,67.06737686,0.605503,0.119999997,500,5.340000153,0.13,66.44000244,619.9799805,126,69.55000305,428,0.980000019,150.2200012,7.880000114,7.349999905,5.019999981
1021,11.35342693,76.046039,Kozhikode,36,2.647764,38.15333164,19.25847489,30.37844633,66.77596221,0.6241901,0.100000001,400,5.880000114,0.14,82.5,183.6999969,126,84.99500275,487,1.75999999,11.80000019,2.849999905,8.109999657,6.099999905
1022,11.65868855,75.640424,Kozhikode,28,2.1080043,17.4837693,21.93108494,30.75358208,73.1514314,0.6529061,0.109999999,420,7.309999943,0.14,113,713.9299927,124,80.62000275,482,0.949999988,148.8999939,17.53000069,3.710000038,5.429999828
1023,11.4688921,75.838039,Kozhikode,31,4.157592,61.7276969,21.48835433,31.42848779,71.41610781,0.5865036,0.119999997,900,7.110000134,0.14,138,565.5,109,68.94999695,723,2.630000114,33.20000076,4.489999771,0.74000001,5.840000153
1024,11.5541153,75.714555,Kozhikode,22,1.8543341,26.86136818,21.5335777,31.14533623,74.52414767,0.7157895,0.129999995,700,6.429999828,0.14,15.34000015,326.8599854,126,25.55999947,467,1.960000038,60.00999832,2.670000076,5.320000172,4.960000038
1025,11.67181015,75.634717,Kozhikode,11,3.9704034,17.4837693,21.93108494,30.75358208,73.1514314,0.47418502,0.109999999,450,7.28000021,0.15,112,710.2000122,125,99.84999847,779,1.230000019,149.1000061,16.89999962,3.819999933,5.510000229
1026,11.28659153,75.925792,Kozhikode,14,7.4378967,40.99651149,21.8193614,31.4852889,67.06737686,0.4655842,0.119999997,1000,5.269999981,0.15,48.70000076,597.7000122,123,48.95999908,897,1.779999971,112.6999969,3.710000038,7.340000153,5.78000021
1027,11.36806297,76.01397705,Kozhikode,29,5.8573213,38.15333164,19.25847489,30.37844633,66.77596221,0.46806884,0.200000003,635,5.820000172,0.15,40.02000046,127.8000031,129,40.326522,548,3.230000019,60.22999954,7.010000229,3.99000001,4.980000019
1028,11.35964394,76.04167938,Kozhikode,45,5.9895625,38.15333164,19.25847489,30.37844633,66.77596221,0.64933807,0.219999999,580,6.130000114,0.16,33.90000153,125.6999969,127,35.97999954,528,2.690000057,61.20000076,6.940000057,4.28000021,4.75
1029,11.35007381,76.016197,Kozhikode,36,9.08804,38.15333164,19.25847489,30.37844633,66.77596221,0.6398298,0.219999999,640,6.869999886,0.16,42.61000061,119.9000015,126,45.27999878,628,2.890000105,58.90000153,7.110000134,4.119999886,5.039999962
1030,11.72733784,75.668849,Kozhikode,39,2.6495607,21.09219098,20.32547492,30.57198644,73.94889599,0.51462287,0.109999999,480,4.71999979,0.16,32.29999924,339.6199951,121,35.99000168,804,1.289999962,21.79999924,8.960000038,8.229999542,5.309999943
1031,11.43988514,75.834861,Kozhikode,26,10.059515,30.24228716,22.83462046,30.84197572,69.53967271,0.45678002,0.109999999,570,6.320000172,0.16,103.5999985,535.039978,126,98.95999908,528,1.379999995,18.21999931,3.599999905,8.869999886,5.730000019
1032,11.71321297,75.63561249,Kozhikode,31,5.626824,10.48857546,21.93108494,30.75358208,73.1514314,0.49705306,0.119999997,950,8.760000229,0.16,89.40000153,680.3300171,131,84.56999969,689,1.529999971,25.89999962,37.52999878,6.889999866,5.849999905
1033,11.28602982,75.91864014,Kozhikode,11,1.8908739,40.99651149,21.8193614,31.4852889,67.06737686,0.6782388,0.119999997,1000,5.210000038,0.16,45.20000076,558.7999878,122,44.95999908,854,1.820000052,110.6999969,3.539999962,7.869999886,5.71999979
1034,11.31865788,75.876523,Kozhikode,24,2.7802885,29.57589436,21.8193614,31.4852889,67.06737686,0.6188467,0.119999997,570,5.039999962,0.16,88.80000305,354.8999939,122,80.36000061,548,2.220000029,61.40000153,28.5,7.28000021,4.449999809
1035,11.66478443,75.753775,Kozhikode,20,8.461396,53.65906334,18.52249403,29.53325622,71.40275799,0.7275,0.180000007,790,3.440000057,0.16,27.20000076,258.4500122,130,27.85820007,631,1.200000048,93.61000061,16.10000038,3.99000001,5.309999943
1036,11.33624458,75.850425,Kozhikode,28,3.9679976,29.57589436,21.8193614,31.4852889,67.06737686,0.63054097,0.109999999,665,3.970000029,0.17,67.80000305,298.5,124,65.52999878,517,1.559999943,54.79999924,32.59999847,7.53000021,5.230000019
1037,11.70648098,75.63764191,Kozhikode,19,3.3894951,10.48857546,21.93108494,30.75358208,73.1514314,0.6165595,0.109999999,860,9.119999886,0.17,74.19999695,578.9899902,122,65.95999908,661,1.629999995,19.89999962,25.69000053,6.449999809,5.269999981
1038,11.33537769,75.857783,Kozhikode,22,4.660573,29.57589436,21.8193614,31.4852889,67.06737686,0.6188846,0.109999999,640,3.170000076,0.17,78.90000153,315.7000122,126,78.33000183,534,1.809999943,49.75,27.89999962,8.539999962,4.989999771
1039,11.29041958,75.909955,Kozhikode,12,9.763146,40.99651149,21.8193614,31.4852889,67.06737686,0.5580488,0.109999999,980,5.110000134,0.17,46.20000076,586.5200195,126,45.68000031,571,1.870000005,115.5999985,3.609999895,7.119999886,5.710000038
1040,11.72469902,75.700791,Kozhikode,41,2.9367192,63.79971552,20.32547492,30.57198644,73.94889599,0.47907162,0.129999995,184,3.420000076,0.17,108,261.9400024,127,95.69698334,817,1.350000024,60.77999878,3.910000086,4.670000076,4.889999866
1041,11.35452271,76.012557,Kozhikode,30,5.857293,38.15333164,19.25847489,30.37844633,66.77596221,0.38919926,0.219999999,620,6.25,0.18,37.40000153,114.1999969,132,35.95851898,604,3.430000067,47.5,6.380000114,4.75,4.849999905
1042,11.41791534,75.767616,Kozhikode,14,6.6580153,29.79679036,22.83462046,30.84197572,69.53967271,0.660711,0.090000004,680,8.520000458,0.18,22.20000076,361.2999878,128,25.95999908,528,1.460000038,10.39999962,20.09000015,4.119999886,5.550000191
1043,11.67372036,75.704601,Kozhikode,27,5.4223776,35.94090796,20.32547492,30.57198644,73.94889599,0.7720732,0.150000006,650,5.909999847,0.18,72.80000305,468.1000061,129,69.90000153,971,1.340000033,43.40000153,5.420000076,4.25,5.510000229
1044,11.28510761,75.990127,Kozhikode,18,6.5940485,39.50723283,20.31298718,31.1116514,66.14666049,0.5905434,0.209999993,300,8.979999542,0.18,71.19999695,221.1000061,125,74.23999786,782,2.619999886,267.7999878,6.190000057,3.24000001,5.460000038
1045,11.29203987,75.982774,Kozhikode,22,5.9488196,39.50723283,20.31298718,31.1116514,66.14666049,0.59515804,0.219999999,320,10.25,0.19,69.5,202.6999969,132,64.52999878,712,2.809999943,349.8999939,6.590000153,3.019999981,5.480000019
1046,11.66970158,75.706591,Kozhikode,31,6.223689,35.94090796,20.32547492,30.57198644,73.94889599,0.69943863,0.150000006,620,6.400000095,0.19,75.5,482.5,124,79,984,1.279999971,41.59999847,5.309999943,3.25,5.480000019
1047,11.61620712,75.64579773,Kozhikode,23,2.1077466,20.152704,21.93201441,30.25711133,75.41821664,0.7132944,0.119999997,145,4.510000229,0.2,30.10000038,713.9000244,108,31.95999908,917,3.730000019,23.29999924,4.519999981,5.230000019,5.190000057
1048,11.2478857,75.988016,Kozhikode,36,9.601431,29.7016118,20.92111069,31.81562011,64.39037262,0.65462005,0.079999998,890.2399902,8.960000038,0.21,36.95999908,453,124,87.25,598,2.170000076,29.89999962,0.99000001,5.920000076,6
1049,11.42918205,75.770043,Kozhikode,26,3.8910072,29.79679036,22.83462046,30.84197572,69.53967271,0.6437841,0.109999999,760,8.260000229,0.21,19.70000076,341.7999878,127,24.95999908,475,1.120000005,9.899999619,22.20000076,4.010000229,5.610000134
1050,11.33152008,75.986893,Kozhikode,21,10.065987,32.94158244,20.31298718,31.1116514,66.14666049,0.7106247,0.109999999,340,8.170000076,0.21,97.19999695,243.3000031,129,90.52999878,728,2.720000029,79.30000305,5.980000019,1.320000052,5.010000229
1051,11.70586777,75.684562,Kozhikode,27,0,21.09219098,20.32547492,30.57198644,73.94889599,0.49602637,0.109999999,780,5.360000134,0.22,65.30000305,936.3599854,124,64.29820251,815,1.690000057,34.61999893,3.950000048,3.559999943,5.510000229
1052,11.5510664,75.745877,Kozhikode,26,2.984904,26.86136818,21.5335777,31.14533623,74.52414767,0.71588993,0.109999999,600,8.18999958,0.22,42.54000092,137.4299927,130,42.70000076,501,2.640000105,16.70000076,6.010000229,2.99000001,5.769999981
1053,11.33144474,75.986837,Kozhikode,24,2.647659,32.94158244,20.31298718,31.1116514,66.14666049,0.650641,0.109999999,380,8.289999962,0.22,93.19999695,243.8000031,128,80.59999847,598,2.869999886,80.5,6.010000229,1.429999948,5.059999943
1054,11.32562828,75.9821167,Kozhikode,29,3.8229687,32.94158244,20.31298718,31.1116514,66.14666049,0.48286393,0.119999997,360,8.409999847,0.22,95.5,247.5,130,88.23000336,964,3.670000076,77.90000153,5.860000134,1.659999967,5.039999962
1055,11.53637409,75.770833,Kozhikode,33,0.92740995,42.66623306,21.48835433,31.42848779,71.41610781,0.543482,0.119999997,440,7.980000019,0.25,63.59999847,130.8000031,127,78.95999908,798,3.089999914,15.19999981,5.559999943,3.230000019,5.309999943
1056,11.5327692,75.732176,Kozhikode,40,5.2859635,22.57499194,22.22622465,30.39927063,73.72070066,0.52105457,0.119999997,490,7.46999979,0.28,58.31999969,145.6999969,126,35.95999908,413,3.140000105,15.30000019,5.78000021,3.420000076,5.519999981
1057,11.57794762,75.765658,Kozhikode,28,6.7317743,36.0433383,19.8506927,30.70466345,72.34626672,0.62865895,0.109999999,800,7.769999981,0.31,33.34000015,881.1199951,123,35.22999954,412,1.230000019,153.6699982,24.31999969,3.859999895,5.730000019
1058,11.53495789,75.763503,Kozhikode,33,5.547545,42.66623306,21.48835433,31.42848779,71.41610781,0.7372289,0.109999999,500,8.140000343,0.37,58.40000153,153.3999939,112,75.63999939,589,2.75,14.89999962,5.400000095,3.00999999,5.599999905
1059,11.57403946,75.766486,Kozhikode,25,3.3617618,36.0433383,19.8506927,30.70466345,72.34626672,0.76120573,0.100000001,680,8.210000038,0.4,47.84000015,893.1699829,127,45.97000122,471,1.320000052,147.6300049,21.87000084,3.789999962,5.230000019
1060,11.32510662,76.021929,Kozhikode,22,0.94582367,37.14860082,20.31298718,31.1116514,66.14666049,0.6518283,0.109999999,180,5.110000134,0.5,69.5,155.5,127,67.58000183,652,1.49000001,21.29999924,5.940000057,6.869999886,5.099999905
1061,11.33477306,76.028957,Kozhikode,26,1.3245445,37.14860082,20.31298718,31.1116514,66.14666049,0.40708262,0.119999997,220,4.889999866,0.6,62.40000153,148.6000061,123,64.22000122,697,1.559999943,23.60000038,5.78000021,3.670000076,5.300000191
1062,11.04862118,76.150596,Malappuram,43,6.730809,84.22524416,21.31703339,32.94772597,58.44235,0.29208964,0.129999995,792,6.53000021,0.02,71.26000214,297,109,100.5599976,621,1.769999981,51,44.20000076,5.980000019,5.840000153
1063,11.31499958,76.26000214,Malappuram,32,2.1059356,8.68856138,19.21407865,32.37733744,70.74781643,0.52043784,0.129999995,740,9.017000198,0.02,54.86999893,307.7999878,121,65.99590302,508,2.079999924,21.5,2.059999943,4.962800026,6.699999809
1064,11.0654974,76.020635,Malappuram,30,1.323917,58.85293412,21.52055748,32.50349026,62.57060635,0.6573327,0.140000001,590,5,0.02,56.56000137,284,118,76.95999908,852,1.799999952,7.119999886,5.900000095,3.960000038,5.800000191
1065,11.35999966,76.30000305,Malappuram,47,8.501641,18.84529656,18.47117189,31.26121121,71.99997451,0.4951906,0.095399998,500,5.93599987,0.03,29.15600014,42.11199951,108,61.89989853,538,0.375,14.38080025,0.528750002,4.952360153,5.900000095
1066,11.39599991,76.25,Malappuram,60,4.6868777,14.79252812,18.47117189,31.26121121,71.99997451,0.7060502,1.120000005,750,9.354100227,0.03,21.95512009,298,128,28.45499992,607,1.179999948,8.800000191,14.30000019,2.845590115,6.099999905
1067,11.39000034,76.33999634,Malappuram,58,2.936356,18.84529656,18.47117189,31.26121121,71.99997451,0.55312556,0.117600001,180,5.962999821,0.03,30.24448586,50.40000153,129,87.44450378,648,2.276785714,27.22719955,7.506875038,7.126527786,5.699999809
1068,10.86495686,75.969832,Malappuram,15,2.7802885,38.39550734,22.33909339,32.97182775,59.22660054,0.46735457,0.090000004,560,3.210000038,0.03,74.25,159.6000061,88,45.5,765,2.089999914,50.5,6.429999828,4.960000038,5.590000153
1069,11.13599682,76.01532745,Malappuram,34,2.081038,44.37731403,21.52055748,32.50349026,62.57060635,0.66341,0.109999999,820,4.670000076,0.03,26.07999992,127.6800003,100,29.54999924,888,1.929999948,10.32999992,2.220000029,3.99000001,5.099999905
1070,10.94035625,75.971781,Malappuram,65,10.056711,37.7530241,22.33909339,32.97182775,59.22660054,0.21695681,0.100000001,898,8.989999771,0.04,38.95999908,321,98,89.51999664,604,2.099999905,75.09999847,19.95999908,8.590000153,5.78000021
1071,10.77479362,76.017055,Malappuram,18,4.721868,35.01434135,23.26966195,33.38489185,57.02066135,0.44214877,0.100000001,820,6.03000021,0.04,57.83000183,148.2899933,108,75.98000336,876,2.380000114,16.18000031,3.880000114,4.900000095,6.380000114
1072,11.18401718,76.00508118,Malappuram,33,3.3851202,37.3133142,20.92111069,31.81562011,64.39037262,0.62663794,0.109999999,620,3.900000095,0.04,75.83999634,194.8800049,128,55.84999847,694,1.129999995,25.10000038,0.50999999,6.389999866,6.099999905
1073,11.03396606,76.1081118,Malappuram,22,4.2029233,47.04466343,21.39621072,32.25817761,60.45225321,0.5003748,0.119999997,960,9.699999809,0.04,65.65000153,209.8899994,120,24.95999908,725,1.820000052,31.81999969,0.330000013,5.96999979,5.420000076
1074,11.09589195,76.069837,Malappuram,31,8.341323,40.98257387,20.86158353,32.07942615,62.71355334,0.38266316,0.119999997,380,4,0.04,41.79999924,207.1999969,96,29.88999939,905,2.039999962,14.82999992,0.74000001,4.230000019,5.039999962
1075,11.0124464,76.004589,Malappuram,42,5.8565817,42.33558226,22.07057921,32.83322849,60.55580447,0.46509707,0.140000001,942,5.329999924,0.04,98.62999725,587.4000244,99,54.84999847,607,1.799999952,25.79999924,0.449999988,6.110000134,5.619999886
1076,11.33600044,76.26000214,Malappuram,37,2.835519,8.68856138,19.21407865,32.37733744,70.74781643,0.6996607,0.140000001,687,9.449999809,0.04,56.74457932,395,114,65.4595871,905,2.980000019,19.88999939,1.870000005,4.748561859,5.989999771
1077,11.13196564,75.99077606,Malappuram,36,3.966569,42.31177306,21.52055748,32.50349026,62.57060635,0.6744694,0.150000006,730,5.210000038,0.04,84.19999695,253.5,135,45.95999908,752,1.200000048,69.40000153,0.680000007,1.99000001,5.900000095
1078,11.07863426,75.995798,Malappuram,116,2.7802885,48.5261662,21.52055748,32.50349026,62.57060635,0.2267683,0.150000006,640,5.199999809,0.04,43.86999893,200,80,86.80000305,768,1.5,55,3.799999952,5.929999828,6.099999905
1079,11.04835606,76.065184,Malappuram,24,2.7802885,44.0678612,21.39621072,32.25817761,60.45225321,0.55530053,0.180000007,650,10,0.04,78.5,598,118,21.59000015,704,1.590000033,35.59000015,0.959999979,4.050000191,5.099999905
1080,11.02161598,76.252934,Malappuram,82,2.6462193,42.57699484,21.05760056,33.09457813,59.15809289,0.45514375,0.180000007,964.2000122,6.329999924,0.04,46.27999878,220.8899994,126,98.95999908,502,2.380000114,12.80000019,42.09999847,2.339999914,5.139999866
1081,11.12680435,76.125261,Malappuram,66,6.651465,45.29665154,20.86158353,32.07942615,62.71355334,0.48011166,0.189999998,520,4.320000172,0.04,88.69000244,247.9700012,128,56.95999908,653,1.580000043,14.36999989,7.03000021,7.489999771,6.579999924
1082,11.05316925,76.083111,Malappuram,44,17.949057,40.98257387,20.86158353,32.07942615,62.71355334,0.34343433,0.189999998,760,9.659999847,0.04,56.90000153,251.8899994,113,95,804,2.789999962,19.20000076,0.670000017,6.119999886,6.110000134
1083,11.36800003,76.26999664,Malappuram,85,8.011068,14.79252812,18.47117189,31.26121121,71.99997451,0.40673187,0.097199999,840,10.02000046,0.05,35.94150925,548.4639893,126,39.64500046,824,2.571428571,9.22879982,7.962500095,3.11025528,5.739999771
1084,11.17519474,76.121979,Malappuram,34,10.446406,37.91269371,19.79656688,31.30004641,65.1433478,0.56517446,0.430000007,400,5.5,0.05,77.90000153,450.2399902,130,65.94999695,872,2.869999886,7.309999943,0.540000021,9.010000229,5.869999886
1085,10.93286228,75.98203278,Malappuram,67,5.4185843,37.7530241,22.33909339,32.97182775,59.22660054,0.63821286,0.059999999,981,10.06000042,0.05,40.25,305.5,86,53.47000122,586,2.450000048,34.09000015,31.97999954,6.949999809,5.889999866
1086,11.02126026,76.173988,Malappuram,47,4.658717,84.22524416,21.31703339,32.94772597,58.44235,0.37695816,0.090000004,900,6.360000134,0.05,43.99000168,589.2299805,118,36.56000137,836,1.419999957,9.989999771,3.390000105,8.960000038,6.010000229
1087,11.0204916,76.226343,Malappuram,58,5.466403,50.69275391,21.31703339,32.94772597,58.44235,0.57276267,0.100000001,784,9.329999924,0.05,98.36000061,285.8999939,128,85.94999695,567,1.899999976,22.39999962,40.20000076,4.329999924,5.800000191
1088,11.13076019,75.989169,Malappuram,32,6.2919846,42.31177306,21.52055748,32.50349026,62.57060635,0.5626697,0.109999999,560,5.449999809,0.05,85.90000153,248,127,45.04999924,798,1.129999995,63.83000183,0.569999993,2.039999962,5.510000229
1089,11.07614994,75.9937973,Malappuram,116,2.9360259,48.5261662,21.52055748,32.50349026,62.57060635,0.4222952,0.129999995,941,9.659999847,0.05,64.20999908,479.2000122,120,54.90000153,589,1.980000019,22.5,24.47999954,10.01000023,5.849999905
1090,10.92703915,76.028844,Malappuram,147,2.9790826,44.62547445,22.33909339,32.97182775,59.22660054,0.39829117,0.140000001,840,9.010000229,0.05,28.5,577.0200195,112,100.0500031,615,1.820000052,11.57999992,0.50999999,2.960000038,5.900000095
1091,11.07133293,76.134491,Malappuram,37,2.6464486,42.37575006,20.86158353,32.07942615,62.71355334,0.49841797,0.140000001,871.7999878,5.369999886,0.05,72.04000092,384,125,96.15000153,642,1.980000019,58,49.90000153,5.010000229,5.800000191
1092,10.90207291,76.198526,Malappuram,26,0.92740995,46.78054404,22.04072171,33.63890623,53.8394788,0.647384,0.140000001,380,5.130000114,0.05,89.98000336,218.0599976,136,57.13000107,702,2.710000038,32.83000183,7.889999866,6.960000038,6.119999886
1093,11.0752697,76.112319,Malappuram,41,7.5410476,42.37575006,20.86158353,32.07942615,62.71355334,0.47594613,0.150000006,840,5.889999866,0.05,78.5,220,110,75.84999847,824,1.049999952,20.07999992,0.889999986,9.649999619,6.099999905
1094,11.00049496,76.095921,Malappuram,107,3.9656658,44.0678612,21.39621072,32.25817761,60.45225321,0.52295876,0.150000006,460,4.25,0.05,58.90000153,350,120,85.45999908,658,1.899999976,19.5,4.980000019,5.210000038,5.199999809
1095,11.13576603,76.114634,Malappuram,50,7.2620854,45.29665154,20.86158353,32.07942615,62.71355334,0.46158475,0.170000002,730,4.860000134,0.05,85.05000305,258.1000061,84,55.25,687,1.649999976,14.98999977,8,7.989999771,5
1096,11.20296383,76.051524,Malappuram,21,2.6470566,38.96968019,19.79656688,31.30004641,65.1433478,0.47980735,0.189999998,840,9.010000229,0.05,65.80999756,298.6000061,79,96.34999847,852,1.350000024,53.79999924,3.579999924,4.579999924,6.199999809
1097,11.12436962,75.880593,Malappuram,15,2.104817,28.49274844,21.87990512,32.10568916,64.75797027,0.7580214,0.100000001,340,5.559999943,0.06,48.29999924,124.3199997,129,42.58000183,195,0.319999993,24.12000084,0.550000012,4.659999847,5.300000191
1098,10.93694496,75.993313,Malappuram,88,8.577921,37.7530241,22.33909339,32.97182775,59.22660054,0.61426544,0.100000001,720,5.96999979,0.06,58.90000153,401.519989,114,96,756,1.610000014,21.04000092,1.340000033,5.820000172,6.610000134
1099,10.86166573,76.017492,Malappuram,10,2.1033077,44.02892065,22.33909339,32.97182775,59.22660054,0.41070354,0.109999999,620,5.860000134,0.06,84.30000305,118.1600037,96,69.30000305,653,1.419999957,11.07999992,4.829999924,4.989999771,5.420000076
1100,11.0852747,76.122801,Malappuram,39,3.7047918,42.37575006,20.86158353,32.07942615,62.71355334,0.5146697,0.119999997,580,6.21999979,0.06,77.44999695,215.0399933,100,73.65000153,713,1.450000048,20.43000031,0.560000002,9.649999619,5.820000172
1101,11.11590195,75.921713,Malappuram,18,12.072206,33.75389469,21.87990512,32.10568916,64.75797027,0.59220487,0.119999997,800,8.970000267,0.06,75.80000305,174.7200012,116,37.13999939,805,1.470000029,19.04999924,1.75999999,2.950000048,6.400000095
1102,11.17440319,76.093569,Malappuram,49,3.7047918,31.38728243,19.79656688,31.30004641,65.1433478,0.55429983,0.180000007,560,8.25,0.06,26.55999947,487.1000061,124,44.84999847,842,1.980000019,7.800000191,7.150000095,6.559999943,5.590000153
1103,11.38399982,76.33999634,Malappuram,53,2.106345,18.84529656,18.47117189,31.26121121,71.99997451,0.6027767,0.101279996,580,5.962999821,0.07,55.018595,120.4000015,130,39.95999908,824,1.285714286,22.54560089,0.451249987,8.214168549,6.110000134
1104,11.28499985,76.26999664,Malappuram,27,9.991104,8.797031617,19.21407865,32.37733744,70.74781643,0.5474869,0.093419999,440,9.651399612,0.07,34.89630127,94.7519989,98,86.96659851,896,1.767857143,23.9008007,2.400000095,6.948629856,6.099999905
1105,11.41340637,76.314776,Malappuram,70,14.800965,58.07052195,18.47117189,31.26121121,71.99997451,0.7250838,0.110399999,664.8499756,4.399799824,0.07,76.08999634,79.69920349,101,70.95330048,599,1.787234043,913.83824,0.340000004,3.858999968,4.96999979
1106,11.1239996,76.36000061,Malappuram,90,3.3846319,135.2991973,17.44729004,28.9316945,64.49987974,0.7520506,0.110399999,820,9.215410233,0.07,29.88999939,364,116,15.96333027,503,2.625,21.76160049,0.65625,4.324188232,5.550000191
1107,11.1466732,75.904271,Malappuram,40,1.3241044,33.75389469,21.87990512,32.10568916,64.75797027,0.78047866,0.090000004,620,7.860000134,0.07,69.19999695,347.4200134,128,96.23000336,810,1.659999967,3.900000095,0.50999999,5.150000095,6.599999905
1108,11.22369576,75.967934,Malappuram,57,2.9361796,29.7016118,20.92111069,31.81562011,64.39037262,0.6967969,0.100000001,480,10.03999996,0.07,27.88999939,355.0400085,88,36.95999908,725,1.309999943,17.48999977,7.230000019,6.989999771,5.300000191
1109,11.16894531,75.911948,Malappuram,19,4.659582,47.05325621,21.8690014,31.56481218,65.77315902,0.57244813,0.109999999,420,9.640000343,0.07,42.68999863,196,152,19.95999908,789,1.419999957,10.90999985,3.819999933,6.989999771,5.400000095
1110,10.93259907,76.306073,Malappuram,45,2.0807412,42.44089353,21.38949396,33.42504036,55.56397824,0.36103985,0.109999999,712.9500122,9.399999619,0.07,69.44999695,267.5899963,107,53.70000076,517,1.789999962,21.03000069,47.18999863,9.050000191,5.179999828
1111,11.00505257,76.102573,Malappuram,34,5.2810483,47.04466343,21.39621072,32.25817761,60.45225321,0.6499456,0.129999995,440,4.75,0.07,60.20000076,338.6900024,124,84.62999725,529,1.769999981,19.44000053,5.760000229,5.960000038,5.480000019
1112,11.13373089,76.011025,Malappuram,42,6.6516128,44.37731403,21.52055748,32.50349026,62.57060635,0.48755535,0.129999995,590,4.260000229,0.07,24.92000008,130.8999939,120,28.97999954,870,1.779999971,12.80000019,2.5,3.849999905,5.900000095
1113,11.36999989,76.33999634,Malappuram,70,10.4716425,18.84529656,18.47117189,31.26121121,71.99997451,0.6879411,0.150000006,640,6.004169941,0.07,31.89859962,85.5,127,86.45549774,708,2.130000114,25.89999962,5.599999905,5.369209766,5.820000172
1114,10.93326473,76.233564,Malappuram,38,4.721967,39.25628674,22.04072171,33.63890623,53.8394788,0.6575053,0.159999996,620,5.329999924,0.07,85.90000153,572.539978,102,46.84999847,785,1.610000014,35.95999908,0.479999989,3.890000105,5.460000038
1115,10.90582466,76.133725,Malappuram,36,14.382229,43.9039371,22.01934704,32.98381826,57.55340806,0.7184513,0.170000002,798.4000244,3.960000038,0.07,87,321,127,48.97000122,513,1.590000033,34.79999924,38.09999847,9.949999809,6.010000229
1116,11.15613937,75.947553,Malappuram,20,6.2213836,47.05325621,21.8690014,31.56481218,65.77315902,0.6318272,0.170000002,630,6.119999886,0.07,63.18000031,259,130,88.65000153,812,1.600000024,68.09999847,0.689999998,5.400000095,5.139999866
1117,11.28600025,76.26999664,Malappuram,36,7.5783653,8.797031617,19.21407865,32.37733744,70.74781643,0.5819518,0.170000002,578,8.5,0.07,35.99000168,304.7999878,123,87.96299744,438,1.799999952,19.79999924,1.870000005,6.31251812,6.179999828
1118,11.0323,76.054144,Malappuram,10,3.7047918,44.0678612,21.39621072,32.25817761,60.45225321,0.5412844,0.319999993,360,5.269999981,0.08,45.59999847,500.6400146,96,28.45999908,814,1.710000038,12.92000008,5.25,6.630000114,5.880000114
1119,10.98698902,75.976754,Malappuram,21,5.9848356,36.63423181,22.07057921,32.83322849,60.55580447,0.4821085,0.059999999,580,9,0.08,34.54999924,246.3999939,92,96.84999847,657,1.450000048,60.93999863,2.640000105,5.210000038,6.449999809
1120,11.00871468,75.99323273,Malappuram,66,5.8565745,39.75322056,22.07057921,32.83322849,60.55580447,0.5511288,0.090000004,887,8.970000267,0.08,96.26000214,421.2000122,125,87.41999817,601,1.700000048,15.80000019,21.5,5.699999809,4.96999979
1121,10.94298267,75.963829,Malappuram,68,2.0807562,37.7530241,22.33909339,32.97182775,59.22660054,0.3591062,0.100000001,840,5.150000095,0.08,34.84999847,198.0200043,80,87.51999664,636,1.450000048,28.10000038,3.329999924,5.46999979,5.449999809
1122,11.40821362,76.332308,Malappuram,67,4.7222743,58.07052195,18.47117189,31.26121121,71.99997451,0.6062665,0.100000001,748,4.119999886,0.08,76.01799774,81.90000153,120,69.58519745,439,1.629999995,47.90000153,0.899999976,4.025529861,5.900000095
1123,11.00680161,76.014382,Malappuram,18,2.7802885,42.33558226,22.07057921,32.83322849,60.55580447,0.54215217,0.100000001,380,5.369999886,0.08,39.24000168,341.6000061,108,78.80000305,634,1.659999967,9.739999771,6.96999979,3.970000029,6.659999847
1124,10.95047188,75.976352,Malappuram,76,5.9425635,36.63423181,22.07057921,32.83322849,60.55580447,0.4709056,0.100000001,961.2000122,8.800000191,0.08,37.54999924,307.5100098,115,87.93000031,758,2.109999895,90.27999878,17.54000092,9.010000229,5.550000191
1125,10.8808918,76.082645,Malappuram,33,3.8841083,44.08307409,22.01934704,32.98381826,57.55340806,0.5910977,0.100000001,580,7.260000229,0.08,48.56999969,501.3099976,108,85.65000153,740,2.519999981,11.02000046,0.430000007,3.980000019,6.519999981
1126,11.02961063,75.994032,Malappuram,14,2.935978,39.75322056,22.07057921,32.83322849,60.55580447,0.81569964,0.109999999,820,5.860000134,0.08,96.98999786,501.5400085,128,21.5,712,1.710000038,11.53999996,6.300000191,9.140000343,6.239999771
1127,11.01377201,76.200471,Malappuram,93,11.102135,50.69275391,21.31703339,32.94772597,58.44235,0.599619,0.109999999,704,9.569999695,0.08,70.95999908,263.7000122,118,85.95999908,584,2.869999886,39.40000153,38.20000076,9.329999924,6.010000229
1128,10.98338985,76.018856,Malappuram,28,4.7133293,40.52739012,22.07057921,32.83322849,60.55580447,0.5734187,0.129999995,640,8.960000038,0.08,46.25,165,125,97.84999847,756,1.899999976,25.01000023,5.800000191,4.349999905,5.699999809
1129,11.16894531,75.911948,Malappuram,19,4.659582,47.05325621,21.8690014,31.56481218,65.77315902,0.57244813,0.150000006,380,5.699999809,0.08,39.86999893,295.6799927,124,25.55999947,815,1.529999971,8.529999733,2.599999905,6.75,5.53000021
1130,11.06443787,76.0344848,Malappuram,22,5.9858046,58.85293412,21.52055748,32.50349026,62.57060635,0.5541748,0.150000006,560,4.21999979,0.08,55.38999939,250.9900055,130,75.62999725,715,1.899999976,6.920000076,6.519999981,4.170000076,5.699999809
1131,11.19831753,76.020813,Malappuram,31,5.0651345,37.3133142,20.92111069,31.81562011,64.39037262,0.55775815,0.159999996,360,8.970000267,0.08,66.98000336,303.519989,130,98.55000305,842,1.980000019,51.81999969,3.380000114,4.079999924,5.900000095
1132,10.97880554,76.251612,Malappuram,56,8.269001,85.43828368,21.05760056,33.09457813,59.15809289,0.43303874,0.159999996,884,10.02000046,0.08,35.95999908,238,121,78.95999908,615,3.00999999,22.79999924,36.70000076,3.700000048,5.170000076
1133,11.11258984,76.147369,Malappuram,43,3.3600492,45.29665154,20.86158353,32.07942615,62.71355334,0.63351583,0.180000007,560,3.960000038,0.08,90.05000305,284.5,98,58.95999908,621,1.210000038,15.5,8.039999962,7.349999905,4.480000019
1134,11.14486885,75.975693,Malappuram,73,3.8228233,42.31177306,21.52055748,32.50349026,62.57060635,0.30954358,0.180000007,560,7.599999905,0.08,65.20999908,267.1000061,128,87.90000153,775,1.289999962,73.80000305,0.970000029,5.320000172,5.039999962
1135,11.23273277,76.096177,Malappuram,38,1.3243049,38.96968019,19.79656688,31.30004641,65.1433478,0.5379257,0.209999993,856,5.044400215,0.08,39.15449905,299.7999878,128,63.15584183,229,0.109999999,69.5,1.25,4.859669209,5.800000191
1136,10.77196251,75.97442581,Malappuram,10,0.92740995,32.40255451,23.26966195,33.38489185,57.02066135,0.65632635,0.112000003,730,4.826000214,0.09,69.84400177,157.9179993,112.1999969,61.97600174,821,2.253999949,31.19199944,5.361999989,4.769999981,5.671999931
1137,11.18973923,76.328456,Malappuram,61,2.6469958,42.7659747,18.40825727,31.2181025,68.13392169,0.57894737,0.182400003,770.3499756,3.579999924,0.09,59.93099976,139.6416016,117,39.251515,698,5.968085106,22.31376076,22.53750038,5.122900009,5.400000095
1138,11.0447607,76.103759,Malappuram,56,2.9359932,47.04466343,21.39621072,32.25817761,60.45225321,0.42846414,0.090000004,800,10.02000046,0.09,66.95999908,255.1399994,112,24.57999992,632,2.650000095,20.87999916,0.540000021,6.130000114,5.440000057
1139,10.9118824,76.209458,Malappuram,29,3.8226392,39.25628674,22.04072171,33.63890623,53.8394788,0.59373206,0.100000001,815.0999756,5.929999828,0.09,88.86000061,316.6499939,128,99.84999847,552,2.390000105,159.0200043,3.950000048,9.020000458,5.840000153
1140,11.22599983,76.26999664,Malappuram,50,3.8884103,15.54499229,18.40825727,31.2181025,68.13392169,0.50592214,0.109999999,770,6.325099945,0.09,28.88999939,278,101,59.95524979,598,2.150000095,15.80000019,1.980000019,8.936218262,6.019999981
1141,10.97859287,76.317463,Malappuram,93,7.4696183,53.82769191,21.05760056,33.09457813,59.15809289,0.5916811,0.119999997,600,3.529999971,0.09,84,911.5700073,124,31.25,825,1.529999971,9.680000305,0.519999981,5.960000038,6.170000076
1142,11.08831596,76.113693,Malappuram,31,0.94504917,42.37575006,20.86158353,32.07942615,62.71355334,0.5462929,0.119999997,640,4.130000114,0.09,89.75,298.1000061,93,54.54999924,741,1.649999976,14.89999962,7.789999962,7.150000095,5.070000172
1143,10.98732471,75.915292,Malappuram,30,6.5906425,31.17961144,22.56374091,32.4232685,62.99477755,0.62605596,0.119999997,440,7.900000095,0.09,48.52000046,471.519989,128,45.52000046,652,1.769999981,31.51000023,1.129999995,6.329999924,5.769999981
1144,10.83988285,76.033561,Malappuram,17,6.532305,36.27919245,23.26966195,33.38489185,57.02066135,0.5780195,0.119999997,790,5.420000076,0.09,85.55999756,154.8999939,120,68.58999634,756,1.799999952,17.89999962,5.099999905,4.400000095,4.989999771
1145,11.0833292,75.943751,Malappuram,71,2.833045,31.85481977,21.87990512,32.10568916,64.75797027,0.6544243,0.119999997,320,4.940000057,0.09,48.38999939,219.7400055,128,59.90000153,524,2.00999999,30.35000038,6.96999979,4.21999979,5.670000076
1146,11.06145382,76.261384,Malappuram,32,5.626464,34.25387293,19.03377002,31.53769337,65.33986763,0.6319871,0.119999997,440,5.519999981,0.09,58.90000153,247.5200043,100,21.89999962,735,4.710000038,12.85999966,1.120000005,5.980000019,6.210000038
1147,11.23847294,76.083858,Malappuram,25,0.92740995,38.96968019,19.79656688,31.30004641,65.1433478,0.5135576,0.129999995,789,5.843999863,0.09,38.21652603,358.8999939,130,64.71199799,285,0.889999986,59.90000153,0.689999998,6.00253656,4.980000019
1148,10.88660336,75.991779,Malappuram,40,5.9599586,38.39550734,22.33909339,32.97182775,59.22660054,0.32538736,0.129999995,852,8.039999962,0.09,45.99000168,298.8999939,118,83.66000366,513,2.25999999,55.08000183,24.07999992,4.949999809,5.809999943
1149,10.93313599,76.109298,Malappuram,37,2.080742,43.9039371,22.01934704,32.98381826,57.55340806,0.66697735,0.150000006,640,5.630000114,0.09,35.90000153,698,98,72.16000366,569,1.799999952,25,1.5,5.960000038,5.579999924
1150,11.1182726,76.065585,Malappuram,38,7.0489154,34.85698241,20.86158353,32.07942615,62.71355334,0.4745647,0.170000002,810,10,0.09,27.39999962,304.7999878,98,45.95000076,756,1.899999976,58.20000076,3.400000095,3.130000114,6.699999809
1151,10.90844917,76.264926,Malappuram,28,2.645705,42.46829557,21.38949396,33.42504036,55.56397824,0.6059061,0.180000007,814,8.590000153,0.09,68.95999908,244.6000061,97,54.08000183,532,2.00999999,29.5,39.79999924,8.960000038,5.340000153
1152,11.14666462,75.90415192,Malappuram,40,1.3241044,33.75389469,21.87990512,32.10568916,64.75797027,0.78047866,0.189999998,540,5.940000057,0.09,47.15000153,159.3999939,124,45.86999893,286,0.560000002,23.07999992,0.709999979,4.960000038,5.590000153
1153,10.96016216,76.017499,Malappuram,18,6.6477895,40.52739012,22.07057921,32.83322849,60.55580447,0.6020048,0.090000004,760,5.260000229,0.1,35.79999924,120.7399979,98,63.5,589,1.129999995,8.949999809,2.940000057,5.960000038,5.130000114
1154,11.0657711,76.020114,Malappuram,25,6.586271,58.85293412,21.52055748,32.50349026,62.57060635,0.5836644,0.090000004,909.9000244,5.96999979,0.1,87.93000031,517.9799805,119,36.95000076,604,2.589999914,164.9199982,42.25999832,8.119999886,5.460000038
1155,10.99713612,75.967715,Malappuram,68,6.464861,36.63423181,22.07057921,32.83322849,60.55580447,0.6079767,0.100000001,440,4.25,0.1,39.27999878,35.16999817,135,75.44999695,752,1.580000043,75.19999695,1.570000052,9.859999657,5.579999924
1156,11.07383156,76.00111389,Malappuram,112,4.1564174,58.85293412,21.52055748,32.50349026,62.57060635,0.5553618,0.119999997,580,5.039999962,0.1,44.45000076,210.1100006,98,88.98000336,746,1.389999986,57.38999939,3.559999943,5.960000038,5.400000095
1157,10.98120403,76.189983,Malappuram,34,6.532368,46.40579963,21.31703339,32.94772597,58.44235,0.6767927,0.119999997,980,7.570000172,0.1,58,225,85,39.5,702,1.840000033,16.29999924,3.5,6.260000229,5.900000095
1158,10.69128193,76.01459669,Malappuram,-6,1.3230717,34.85697532,23.83029275,32.97698627,57.6895027,0.73852193,0.119999997,836.2399902,5.526000023,0.1,75.59799957,153.404007,120.8000031,52.20399857,733.4000244,2.461999893,30.44199944,9.515999794,4.176000118,5.731999874
1159,10.76830129,76.02853331,Malappuram,7,5.856089,35.01434135,23.26966195,33.38489185,57.02066135,0.2938564,0.119999997,836.2399902,5.526000023,0.1,75.59799957,153.404007,120.8000031,52.20399857,733.4000244,2.461999893,30.44199944,9.515999794,4.176000118,5.731999874
1160,11.24237442,76.063486,Malappuram,24,10.992985,38.96968019,19.79656688,31.30004641,65.1433478,0.42072937,0.120399997,777.9000244,5.473999977,0.11,38.5195663,370.8096008,114,64.85520172,328,0.478723404,40.26736069,0.675000012,4.985960007,5.900000095
1161,11.21000004,76.33999634,Malappuram,45,3.3604047,28.3640668,18.40825727,31.2181025,68.13392169,0.7166744,0.128800005,640,7.584000111,0.11,47.95999908,287.8399963,120,21.8265965,523,2.142857143,10.87520027,1.320624948,5.958526134,6.070000172
1162,10.85935497,76.020047,Malappuram,14,3.382511,44.02892065,22.33909339,32.97182775,59.22660054,0.52419806,0.090000004,888.5999756,5.690000057,0.11,87.54000092,147.0299988,134,22.95999908,527,2.900000095,48.47000122,6.800000191,4.03000021,5.820000172
1163,11.14966679,75.870375,Malappuram,14,3.7047918,28.49274844,21.87990512,32.10568916,64.75797027,0.58609086,0.100000001,480,5.559999943,0.11,58.40000153,246.3999939,128,85.05000305,625,1.100000024,22.51000023,0.419999987,5.449999809,5.099999905
1164,11.01724339,76.147899,Malappuram,41,5.419003,47.04466343,21.39621072,32.25817761,60.45225321,0.6024487,0.100000001,620,8.520000458,0.11,39.99000168,357.5,128,45.84999847,598,1.659999967,26.67000008,8.81000042,7.860000134,5.880000114
1165,11.047328,75.944604,Malappuram,10,6.837542,33.15423286,22.56374091,32.4232685,62.99477755,0.29752582,0.109999999,620,4,0.11,64.98000336,288.7399902,116,46.65000153,601,1.899999976,10.35000038,0.529999971,6.960000038,5.179999828
1166,11.24477196,76.023295,Malappuram,27,0.92740995,33.85313198,20.92111069,31.81562011,64.39037262,0.5223277,0.109999999,820,5.010000229,0.11,54.08000183,167.4400024,132,78.98999786,921,2.410000086,24.97999954,2.170000076,5.559999943,5.409999847
1167,11.07952309,75.887087,Malappuram,8,7.0487666,26.37864494,21.87990512,32.10568916,64.75797027,0.6522958,0.109999999,540,4.75,0.11,51.25999832,258.7200012,84,55,538,2.460000038,13.89999962,4.639999866,5.110000134,5.489999771
1168,10.93021488,76.103863,Malappuram,47,2.103698,43.9039371,22.01934704,32.98381826,57.55340806,0.7001698,0.119999997,800,5.199999809,0.11,36.95999908,701.460022,126,73.19000244,598,1.549999952,26.54000092,1.419999957,6.320000172,5.960000038
1169,11.05332184,76.250994,Malappuram,64,1.8543341,34.25387293,19.03377002,31.53769337,65.33986763,0.36287686,0.150000006,560,6.550000191,0.11,77.69000244,176.3999939,72,53.95000076,718,3.079999924,8.270000458,1.590000033,5.989999771,5.670000076
1170,11.02122116,76.043164,Malappuram,34,3.359719,42.33558226,22.07057921,32.83322849,60.55580447,0.64696085,0.209999993,740,5.119999886,0.11,41.58000183,736.1799927,118,69.80000305,886,2.789999962,9.090000153,1.519999981,3.049999952,5.789999962
1171,11.10243702,76.318372,Malappuram,68,6.838722,33.12837785,19.03377002,31.53769337,65.33986763,0.63853276,0.135199994,799.9500122,5.987999916,0.12,84.98999786,153.3504028,128,55.93600082,596,0.893617021,50.78303909,11.46249962,5.958462238,5.590000153
1172,11.29168987,76.220835,Malappuram,37,14.445283,19.55962089,18.44280001,31.12908352,70.32478861,0.6084963,0.113399997,835.0499878,6.114699841,0.12,64.20999908,178.8863983,100,56.58110046,587,1.117021277,44.88399887,6.449999809,6.184589863,5.309999943
1173,11.24161053,76.303512,Malappuram,45,2.7802885,28.3640668,18.40825727,31.2181025,68.13392169,0.5936255,0.096799999,744.0499878,2.880000114,0.12,56.04000092,46.0992012,123,57.18799973,529,2.106382979,71.55792236,0.462500006,4.126900196,5.679999828
1174,11.14366245,76.129574,Malappuram,45,2.081049,45.29665154,20.86158353,32.07942615,62.71355334,0.5501845,0.409999996,650,5.960000038,0.12,76.01000214,424.8999939,135,66.5,832,2.900000095,8.010000229,0.610000014,8.930000305,5.489999771
1175,11.21720982,76.331243,Malappuram,47,2.6471238,28.3640668,18.40825727,31.2181025,68.13392169,0.50432676,0.120999999,850.0499878,3.039999962,0.12,61.54999924,221.7599945,119,40.85549927,648,3.670212766,12.82400036,7.525000095,5.9866396,5.760000229
1176,11.3684721,76.296937,Malappuram,57,3.7787209,14.79252812,18.47117189,31.26121121,71.99997451,0.35097277,0.172399998,740.7999878,6.3215417,0.12,61.25251007,137.0879974,120,39.66262054,589,3.893617021,82.07360077,0.600000024,5.314789772,5.119999886
1177,10.99565506,75.990237,Malappuram,42,3.3835967,36.63423181,22.07057921,32.83322849,60.55580447,0.6256572,0.059999999,890,10.02999973,0.12,33.11999893,255,98,95.5,743,1.860000014,65.09999847,2.400000095,5.889999866,5.699999809
1178,11.05309963,75.954291,Malappuram,22,6.744671,48.5261662,21.52055748,32.50349026,62.57060635,0.37141174,0.079999998,420,5.25,0.12,77.58000183,325.1400146,108,36.68999863,687,2.410000086,15.93999958,2.00999999,8.109999657,5.559999943
1179,11.27603054,76.309724,Malappuram,71,4.1570125,15.56247315,19.21407865,32.37733744,70.74781643,0.71395814,0.100000001,747.0800171,4.559000015,0.12,34.02000046,313.5400085,119,87.14150238,634,0.980000019,14.57999992,0.449999988,5.12638998,4.619999886
1180,11.06846523,76.02082825,Malappuram,34,9.305116,58.85293412,21.52055748,32.50349026,62.57060635,0.57859635,0.109999999,1087,6.230000019,0.12,86.20999908,451.7999878,94,39.47999954,557,1.080000043,48.59999847,28.70000076,8.010000229,5.489999771
1181,10.96843624,76.272184,Malappuram,66,2.1039157,85.43828368,21.05760056,33.09457813,59.15809289,0.30342102,0.129999995,714,8.229999542,0.12,42.58000183,243,98,85.94999695,599,2.400000095,28.29999924,35.24000168,8.649999619,5.050000191
1182,11.23853493,75.925673,Malappuram,17,3.7047918,37.65808347,21.8690014,31.56481218,65.77315902,0.5822385,0.140000001,460,9.25,0.12,45.77000046,344.7999878,95,30.87999916,714,1.799999952,18.5,8.399999619,6.510000229,4.980000019
1183,10.85178089,76.040427,Malappuram,33,6.287231,44.02892065,22.33909339,32.97182775,59.22660054,0.64294165,0.140000001,842.5999756,4.360000134,0.12,88.55999756,158.8999939,127,21.47999954,556,2.430000067,52.58000183,27.89999962,3.099999905,5.570000172
1184,11.11756992,76.049413,Malappuram,37,4.156545,44.37731403,21.52055748,32.50349026,62.57060635,0.4875226,0.150000006,760,3.670000076,0.12,39.40000153,208.8999939,118,31.25,950,2.539999962,13.80000019,0.879999995,4.480000019,5.099999905
1185,11.17000008,76.30999756,Malappuram,59,8.729538,42.7659747,18.40825727,31.2181025,68.13392169,0.69349664,0.159999996,847,6.325099945,0.12,55.90000153,368,127,14.38549995,604,2.799999952,19.79999924,1.5,5.014188766,6.070000172
1186,11.29300022,76.33000183,Malappuram,48,0,15.56247315,19.21407865,32.37733744,70.74781643,0.6004247,0.170000002,650,8.56000042,0.12,36.93999863,287,128,87.85154724,712,1.980000019,18.97999954,1.480000019,6.95963296,5.900000095
1187,11.41620445,76.301342,Malappuram,81,9.421621,58.07052195,18.47117189,31.26121121,71.99997451,0.43114588,0.180000007,872.9000244,4.550000191,0.12,75.96630096,79.40000153,114,71.362515,608,1.600000024,29.79999924,5.539999962,3.418590069,5.800000191
1188,11.02989006,76.124168,Malappuram,52,7.2609963,47.04466343,21.39621072,32.25817761,60.45225321,0.5036657,0.090000004,820,6.760000229,0.13,45.95000076,590,95,35.99000168,578,1.5,10.01000023,3.450000048,8.5,5.590000153
1189,11.16168594,75.99048615,Malappuram,68,7.8958826,34.46525967,20.92111069,31.81562011,64.39037262,0.5500731,0.140000001,966.2000122,2.960000038,0.13,34.56000137,406.5599976,97,35.25,824,2.460000038,133.3699951,0.49000001,6.329999924,6.110000134
1190,11.09603596,76.070112,Malappuram,26,8.495958,40.98257387,20.86158353,32.07942615,62.71355334,0.5905512,0.079999998,964.5999756,8.659999847,0.14,36.97999954,471.0700073,129,33.59000015,612,1.559999943,28.72999954,25.38999939,9.109999657,5.739999771
1191,11.01226616,76.312562,Malappuram,86,5.418978,36.50344545,21.05760056,33.09457813,59.15809289,0.5218499,0.100000001,600,8.899999619,0.14,88,483.8399963,130,32.84999847,745,2.839999914,15.76000023,1.539999962,6.110000134,6.090000153
1192,10.87087059,75.983167,Malappuram,7,0.92740995,38.39550734,22.33909339,32.97182775,59.22660054,0.3689406,0.119999997,782,8.960000038,0.14,45.95999908,225.3999939,128,84.59999847,531,2.099999905,65.5,25.01000023,4,5.889999866
1193,10.973629,76.022723,Malappuram,37,6.7306767,40.52739012,22.07057921,32.83322849,60.55580447,0.5149617,0.140000001,500,9.25,0.14,45.86999893,159.6000061,116,98.90000153,643,1.820000052,23,4.710000038,4.96999979,5.800000191
1194,10.87877369,76.044526,Malappuram,91,9.186544,44.02892065,22.33909339,32.97182775,59.22660054,0.41862002,0.140000001,728,8.550000191,0.14,41.25,254.3000031,128,35.22000122,591,2.039999962,58.90000153,35.97000122,5.639999866,5.139999866
1195,11.08071899,75.888028,Malappuram,6,8.495936,26.37864494,21.87990512,32.10568916,64.75797027,0.78303343,0.140000001,620,3.960000038,0.14,66.36000061,400,125,45.5,559,2.5,18.10000038,1.5,6.329999924,5.099999905
1196,11.00415993,75.958101,Malappuram,65,2.9797843,39.75322056,22.07057921,32.83322849,60.55580447,0.59887993,0.150000006,500,8.020000458,0.14,52.08000183,398.7999878,128,58.95999908,810,1.799999952,55.59999847,1.899999976,8.56000042,6.5
1197,10.77515411,76.0249979,Malappuram,21,2.645107,35.01434135,23.26966195,33.38489185,57.02066135,0.55482936,0.150000006,840,6.130000114,0.14,58.5,157.8999939,115,72.01000214,952,2.799999952,17.07999992,3.900000095,4.449999809,5.900000095
1198,10.8839922,75.934851,Malappuram,11,0.92740995,31.55880034,23.41789819,32.96127656,60.05798891,0.2990571,0.180000007,890,5.599999905,0.14,28.5,168.1999969,128,65.30000305,672,1.799999952,25.89999962,8.399999619,5.21999979,6.03000021
1199,10.96798515,76.218868,Malappuram,62,4.6273675,45.666008,21.31703339,32.94772597,58.44235,0.52290505,0.200000003,840,4.960000038,0.14,88.80000305,568,78,46.04999924,701,1.539999962,39.08000183,0.389999986,3.890000105,5.889999866
1200,11.16348171,76.344053,Malappuram,85,9.413552,42.7659747,18.40825727,31.2181025,68.13392169,0.64711446,0.082400002,612.7000122,4.210999966,0.15,86.54100037,453.8688049,114,46.55500031,503,0.829787234,119.7761612,71.84999847,4.966579914,4.079999924
1201,11.39225864,76.30963135,Malappuram,53,10.06746,18.84529656,18.47117189,31.26121121,71.99997451,0.3738925,0.1118,903.8499756,4.824999809,0.15,77.58820343,88.56960297,99,71.25282288,657,2.64893617,39.24143982,7.887499809,2.636940002,5.28000021
1202,10.90840054,76.154364,Malappuram,22,7.4377446,46.78054404,22.04072171,33.63890623,53.8394788,0.4451745,0.090000004,620,6.96999979,0.15,87.55000305,334.9899902,116,85.44999695,698,1.820000052,6.400000095,4.010000229,8.420000076,5.739999771
1203,11.009552,76.067927,Malappuram,35,4.803305,44.0678612,21.39621072,32.25817761,60.45225321,0.6294884,0.090000004,912.2999878,8.090000153,0.15,88.05000305,682.3499756,95,85.95999908,601,1.820000052,135.1600037,50.04000092,6.989999771,5.119999886
1204,10.86565304,75.990592,Malappuram,18,7.8918934,38.39550734,22.33909339,32.97182775,59.22660054,0.4752435,0.100000001,640,3.339999914,0.15,73.08000183,168.8999939,130,47.79999924,756,2.200000048,54.29999924,7.5,5.139999866,5.5
1205,11.16137028,76.133059,Malappuram,38,5.9621673,37.91269371,19.79656688,31.30004641,65.1433478,0.5039489,0.119999997,980,5.980000019,0.15,78.88999939,305.7999878,114,96.44999695,714,1.980000019,35.09999847,3.799999952,9.329999924,6.5
1206,11.03467846,75.910068,Malappuram,13,4.1563034,33.15423286,22.56374091,32.4232685,62.99477755,0.6889229,0.119999997,620,3.789999962,0.15,65.95999908,415.9700012,90,45,704,2.220000029,15.02000046,1.399999976,6.170000076,5.559999943
1207,11.11104298,75.92625427,Malappuram,36,2.1047394,33.75389469,21.87990512,32.10568916,64.75797027,0.3596205,0.129999995,620,9.619999886,0.15,78.59999847,165.1999969,118,36.95999908,834,1.779999971,18.70000076,1.940000057,2.150000095,6.199999809
1208,11.21000004,76.31999969,Malappuram,99,12.198823,28.3640668,18.40825727,31.2181025,68.13392169,0.6730795,0.140000001,798,8.994999886,0.15,48.90000153,298.3999939,134,20.98564911,547,2.450000048,24.04999924,1.480000019,5.329587936,5.869999886
1209,10.87066174,76.098732,Malappuram,16,5.547545,44.08307409,22.01934704,32.98381826,57.55340806,0.3280766,0.150000006,860,2.670000076,0.15,45.95999908,150.0800018,97,99.84999847,625,1.5,8.899999619,3.079999924,8.210000038,5.699999809
1210,10.97326374,76.220349,Malappuram,43,6.6961517,45.666008,21.31703339,32.94772597,58.44235,0.6388099,0.150000006,760,5.449999809,0.15,84.54000092,558.0900269,124,45.04999924,659,1.799999952,40.08000183,0.5,3.039999962,5.5
1211,11.15262794,76.003485,Malappuram,46,3.8874812,37.3133142,20.92111069,31.81562011,64.39037262,0.52012247,0.150000006,872,5.96999979,0.15,31.28000069,445.2000122,128,36.95000076,572,2.079999924,57.59999847,1.049999952,7.949999809,5.889999866
1212,11.22704697,76.31800842,Malappuram,46,8.270431,28.3640668,18.40825727,31.2181025,68.13392169,0.52949643,0.150000006,783.4000244,3.24000001,0.15,60.25,201.8999939,107,38.96300125,625,4.900000095,15.57999992,29.95999908,6.55546999,5.170000076
1213,10.90845776,76.192263,Malappuram,20,1.323558,46.78054404,22.04072171,33.63890623,53.8394788,0.6831441,0.159999996,640,5.320000172,0.15,90.25,274.3599854,126,59.61999893,559,2.5,24.79999924,8.390000343,6.320000172,6.5
1214,11.03313255,76.093538,Malappuram,29,6.464861,44.0678612,21.39621072,32.25817761,60.45225321,0.39598575,0.200000003,780,8.670000076,0.15,55.40000153,245.0500031,125,95.65000153,712,2.900000095,20.04999924,0.589999974,5.949999809,6.050000191
1215,11.03170013,76.030065,Malappuram,69,2.080885,42.33558226,22.07057921,32.83322849,60.55580447,0.42613712,0.090000004,1202.599976,4.96999979,0.16,96.58000183,411.6700134,114,56.11999893,519,1.309999943,3.589999914,0.430000007,5.989999771,6.050000191
1216,11.16499233,76.03795624,Malappuram,37,7.1416354,37.3133142,20.92111069,31.81562011,64.39037262,0.65489566,0.100000001,440,4.639999866,0.16,60.54000092,228.4799957,80,88.54000092,901,2.839999914,8.529999733,3.829999924,5.960000038,6.840000153
1217,11.13370228,76.329848,Malappuram,84,1.3240741,33.12837785,19.03377002,31.53769337,65.33986763,0.45485404,0.150000006,719,5.655799866,0.16,87,148.6000061,130,56.96900177,569,0.879999995,52.84000015,13.89999962,6.130000114,5.090000153
1218,10.97890186,75.944521,Malappuram,33,0.94469726,31.17961144,22.56374091,32.4232685,62.99477755,0.58010244,0.150000006,490,7.590000153,0.16,48.95999908,459.8999939,150,45.95999908,842,1.5,35.09999847,1.200000048,6.510000229,6.5
1219,11.28295135,76.300935,Malappuram,52,2.6474319,15.56247315,19.21407865,32.37733744,70.74781643,0.5788396,0.159999996,948,4.210000038,0.16,65.27999878,358.8999939,115,96.0114975,608,1.5,16.94000053,0.479999989,5.559400082,5.900000095
1220,10.92191982,76.113752,Malappuram,56,7.513444,43.9039371,22.01934704,32.98381826,57.55340806,0.482136,0.180000007,804.2000122,9.619999886,0.16,56.24000168,257,120,56.59000015,496,1.899999976,41.70000076,22.59000015,4.360000134,5.800000191
1221,11.05850792,75.978786,Malappuram,62,2.0809238,48.5261662,21.52055748,32.50349026,62.57060635,0.51196355,0.07,1213.150024,8.930000305,0.17,65.94999695,454.4100037,125,59.86999893,539,1.019999981,4.360000134,14.68000031,9.630000114,5.440000057
1222,11.00951958,76.110471,Malappuram,38,7.3788605,47.04466343,21.39621072,32.25817761,60.45225321,0.53931034,0.079999998,818.75,8.300000191,0.17,97.19000244,351.9899902,112,54.75,553,2.710000038,28.72999954,19.68000031,7.130000114,5.489999771
1223,11.07380486,76.076724,Malappuram,30,4.995175,40.98257387,20.86158353,32.07942615,62.71355334,0.5586257,0.090000004,1216,5.210000038,0.17,65.95999908,487.0400085,108,21.55999947,558,1.5,35.09999847,11.80000019,8.949999809,5.300000191
1224,10.92106724,75.994373,Malappuram,52,5.0610075,37.7530241,22.33909339,32.97182775,59.22660054,0.49906403,0.090000004,796.5499878,9.109999657,0.17,39.65000153,343.3900146,119,54.95999908,504,2.650000095,33.34000015,35.40000153,6.300000191,6.039999962
1225,11.26763153,76.311571,Malappuram,62,3.8889356,15.56247315,19.21407865,32.37733744,70.74781643,0.5333699,0.109999999,872,4.019999981,0.17,33.25,303.2000122,123,89.5440979,639,1.090000033,15.89000034,0.5,5.936587811,5.099999905
1226,11.11300373,76.321267,Malappuram,79,7.2864075,33.12837785,19.03377002,31.53769337,65.33986763,0.7142024,0.150000006,770,5.258480072,0.17,85.95999908,184.6000061,123.5,55.65950012,552,0.949999988,50.90000153,15.5,5.985816002,5.480000019
1227,11.05860329,76.231666,Malappuram,100,7.2856073,41.3769967,20.2618334,32.22244152,63.59519184,0.572171,0.180000007,780,9.130000114,0.17,79.95999908,190,128,54.25,824,2.900000095,9.539999962,1.799999952,5.940000057,5.570000172
1228,11.34560394,76.254857,Malappuram,49,6.6563735,8.68856138,19.21407865,32.37733744,70.74781643,0.65252346,0.189999998,827,5.325099945,0.17,67.15660095,124.8000031,135,48.95920181,607,1.360000014,20.5,25.60000038,5.958129883,5.900000095
1229,11.23605728,76.311071,Malappuram,44,4.806883,28.3640668,18.40825727,31.2181025,68.13392169,0.6857768,0.090000004,741.9000244,2.99000001,0.18,55.36000061,59.79999924,116,56.96360016,425,3.980000019,58.79999924,25.85000038,3.958659887,5.809999943
1230,11.34031773,76.321336,Malappuram,53,9.260331,14.59400091,19.21407865,32.37733744,70.74781643,0.5458906,0.109999999,999.0900269,5.539999962,0.18,70.90000153,398.7999878,124,77.93599701,729,1.149999976,19.79999924,0.519999981,5.963818073,5.199999809
1231,11.1998291,76.33795929,Malappuram,53,2.6470435,42.7659747,18.40825727,31.2181025,68.13392169,0.64002806,0.109999999,804,3.329999924,0.18,60.95500183,135.5,127,38.9659996,615,4.900000095,18.85000038,21.88999939,5.55987978,5.03000021
1232,11.29313278,76.30115509,Malappuram,35,4.6273675,15.56247315,19.21407865,32.37733744,70.74781643,0.41129473,0.119999997,872,4.039999962,0.18,33.84999847,300.5599976,114,88.99636078,712,1.00999999,13.07999992,0.479999989,4.963395119,5.190000057
1233,11.14733601,75.95967865,Malappuram,20,2.9811003,42.31177306,21.52055748,32.50349026,62.57060635,0.6461736,0.119999997,640,6.5,0.18,59.74000168,236.3999939,119,85.87999725,768,1.139999986,74.19999695,0.810000002,5.230000019,5.800000191
1234,11.37693405,76.294589,Malappuram,75,2.936342,14.79252812,18.47117189,31.26121121,71.99997451,0.45381984,0.119999997,794,6.958479881,0.18,60.85620117,99.90000153,101,41.89899826,528,2.299999952,39.79999924,0.899999976,4.985000134,5.800000191
1235,10.89280033,76.065121,Malappuram,26,0.944423,44.08307409,22.01934704,32.98381826,57.55340806,0.39742392,0.119999997,640,7.570000172,0.18,46.86999893,508.2000122,125,88,920,2.599999905,12.10999966,0.49000001,3.74000001,5.800000191
1236,11.14387035,76.084454,Malappuram,44,0.92740995,34.85698241,20.86158353,32.07942615,62.71355334,0.4232452,0.119999997,660,4.96999979,0.18,61.83000183,245.1000061,89,87.80000305,985,2.980000019,9.100000381,3.970000029,5.989999771,6.099999905
1237,11.25806522,76.314518,Malappuram,55,2.6473145,15.56247315,19.21407865,32.37733744,70.74781643,0.7164557,0.129999995,786.039978,3.140000105,0.18,54.54999924,56.84999847,108,57.9659996,536,2.539999962,59.5,0.589999974,4.0115859,4.119999886
1238,11.23931408,76.054828,Malappuram,27,8.882099,38.96968019,19.79656688,31.30004641,65.1433478,0.5141876,0.180000007,897.4000244,5.255000114,0.18,39.51155853,450.5,124,65.96659851,296,0.579999983,55.5,0.980000019,5.369679928,5.940000057
1239,11.01723385,76.0664978,Malappuram,39,9.754861,44.0678612,21.39621072,32.25817761,60.45225321,0.47761458,0.180000007,982.4000244,8.25,0.18,87.22000122,597,124,96.62999725,607,1.970000029,27.89999962,25.89999962,7.130000114,5.889999866
1240,10.96896362,75.946744,Malappuram,59,3.3833833,31.17961144,22.56374091,32.4232685,62.99477755,0.46416312,0.180000007,550,8.149999619,0.18,53.16999817,487,129,54.68999863,885,2.089999914,58.90000153,0.090000004,8.789999962,5.599999905
1241,11.33569717,76.312561,Malappuram,52,3.3863695,14.59400091,19.21407865,32.37733744,70.74781643,0.42944995,0.135600001,1076.900024,5.639999866,0.19,67.01999664,332.7744141,103,79.62999725,604,1.212765957,254.1716766,0.5625,6.2841529,6.119999886
1242,10.90312386,76.085511,Malappuram,22,4.801651,40.65922189,22.01934704,32.98381826,57.55340806,0.22229357,0.079999998,816,8.93999958,0.19,58.95999908,214.6399994,95,55.84999847,328,0.50999999,65.91999817,25.04000092,5.039999962,5.420000076
1243,11.25730324,76.027683,Malappuram,40,3.3605783,44.589463,20.31298718,31.1116514,66.14666049,0.559457,0.090000004,906,4.340000153,0.19,44.27999878,355.8999939,116,100.5299988,798,3.00999999,48.09999847,1.99000001,7.960000038,5.070000172
1244,11.32176304,76.317731,Malappuram,43,5.6569324,14.59400091,19.21407865,32.37733744,70.74781643,0.67519945,0.100000001,758.0900269,5.5,0.19,68.12000275,335.7999878,128,78.96330261,587,1.429999948,18.89999962,0.689999998,6.017488956,5.986999989
1245,11.40599823,76.25031281,Malappuram,47,3.968491,33.95107198,18.47117189,31.26121121,71.99997451,0.50270957,0.119999997,890,3.147399902,0.19,50.9634552,298.8999939,119,41.95899963,642,1.149999976,78.90000153,0.939999998,4.876599789,6.099999905
1246,11.33486462,76.26564026,Malappuram,37,4.719009,8.68856138,19.21407865,32.37733744,70.74781643,0.60281193,0.129999995,782,5.587999821,0.19,59.99000168,124.8000031,112,45.96519852,607,1.120000005,55.58000183,10.5,5.123899937,6.119999886
1247,11.37451363,76.284965,Malappuram,37,5.7325044,14.79252812,18.47117189,31.26121121,71.99997451,0.43820572,0.140000001,870,6.741000175,0.19,61.85200119,105.5,122,40.289663,540,2.289999962,45.70000076,1.5,5.123670101,6.300000191
1248,11.16772842,76.018427,Malappuram,27,6.7310224,37.3133142,20.92111069,31.81562011,64.39037262,0.6477672,0.150000006,580,3.150000095,0.19,76.62999725,199,95,56.04999924,762,1.149999976,28.10000038,0.689999998,6.050000191,6.03000021
1249,11.42649174,76.253971,Malappuram,65,0,33.95107198,18.47117189,31.26121121,71.99997451,0.5891416,0.150000006,928.5,3.963000059,0.19,51.2456663,322.5799866,116,41.96300125,580,2.5,42.58000183,0.980000019,5.012690067,5.900000095
1250,11.15743637,76.027822,Malappuram,37,4.2043486,37.3133142,20.92111069,31.81562011,64.39037262,0.49031758,0.170000002,979,9.659999847,0.19,44.95000076,365,117,34.18999863,604,1.799999952,21.79999924,2.400000095,8.149999619,6.099999905
1251,11.22540188,76.049735,Malappuram,29,5.065546,33.85313198,20.92111069,31.81562011,64.39037262,0.6129479,0.180000007,720,9.649999619,0.19,65.09999847,313.8999939,65,98.90000153,756,1.840000033,52.90000153,3.690000057,4.260000229,5.800000191
1252,11.16635036,76.330879,Malappuram,61,6.532453,42.7659747,18.40825727,31.2181025,68.13392169,0.577498,0.090000004,749,4.088900089,0.2,83.91000366,435.5799866,100,45.87900162,608,0.850000024,105.8399963,75.83999634,4.595860004,5.380000114
1253,11.03558445,75.997153,Malappuram,30,2.7802885,39.75322056,22.07057921,32.83322849,60.55580447,0.57862824,0.090000004,490,5.400000095,0.2,76.25,330,115,35.47999954,697,2.089999914,15.05000019,2.200000048,8.039999962,5.590000153
1254,11.25090122,76.308913,Malappuram,59,5.42018,15.56247315,19.21407865,32.37733744,70.74781643,0.5513676,0.109999999,790.039978,2.960000038,0.2,55.09999847,49.90000153,125,56.32110977,521,3.079999924,69.80000305,0.579999983,3.941528082,4.880000114
1255,11.0681982,76.041871,Malappuram,114,7.0487227,58.85293412,21.52055748,32.50349026,62.57060635,0.5225831,0.119999997,878,5.260000229,0.2,64.04000092,398,128,24.60000038,520,1.450000048,27.89999962,22,9,5.579999924
1256,11.34395123,76.25888062,Malappuram,36,2.106107,8.68856138,19.21407865,32.37733744,70.74781643,0.70118994,0.150000006,764,5.544139862,0.2,60.84999847,135.8899994,119,45.7485969,584,1.25,34.5,13.5,5.958865166,6.900000095
1257,11.20923996,75.992021,Malappuram,41,7.6120124,29.7016118,20.92111069,31.81562011,64.39037262,0.6002132,0.150000006,580,8.93999958,0.2,25.97999954,298.7000122,145,44.95999908,808,1.580000043,18.39999962,6.900000095,7.130000114,6.400000095
1258,11.40814877,76.308175,Malappuram,69,1.8543341,58.07052195,18.47117189,31.26121121,71.99997451,0.47528273,0.150000006,782,4.711500168,0.2,76.15000153,88.80000305,105,70.9260025,798,1.980000019,36.97999954,6.650000095,2.939480066,4.900000095
1259,11.04432678,76.152566,Malappuram,31,6.464861,84.22524416,21.31703339,32.94772597,58.44235,0.6192248,0.100000001,750,6.119999886,0.21,45.25,578.9000244,96,35.33000183,842,1.399999976,10.39999962,3.5,10.19999981,6.079999924
1260,11.22417164,76.055808,Malappuram,29,10.6429615,38.96968019,19.79656688,31.30004641,65.1433478,0.4652778,0.100000001,884,5.579999924,0.21,85.95999908,274.7999878,128,91.25,723,2.890000105,77,1.080000043,8.56000042,5.400000095
1261,11.41797256,76.261455,Malappuram,50,0.92740995,33.95107198,18.47117189,31.26121121,71.99997451,0.59442097,0.090000004,896,3.041548014,0.24,52.9632988,328.8999939,128,40.55799866,589,1.850000024,39.90000153,1.649999976,4.985630035,5.980000019
1262,11.30806446,76.235883,Malappuram,32,2.9362688,22.43247509,18.44280001,31.12908352,70.32478861,0.4955153,0.150000006,856.4000244,6.241399765,0.24,62.65599823,400.5799866,99,59.69585037,526,2.099999905,105.8000031,4.949999809,6.947259903,5.809999943
1263,11.22875786,75.901733,Malappuram,2,7.3788605,37.65808347,21.8690014,31.56481218,65.77315902,0.6921329,0.189999998,897,5.210000038,0.24,28.95999908,389,125,69.25,654,2.339999914,19.79999924,1.870000005,5.980000019,5.5
1264,11.20132828,76.079064,Malappuram,27,1.8903185,38.96968019,19.79656688,31.30004641,65.1433478,0.5211931,0.090000004,778,5.489999771,0.25,66.94999695,284.1199951,87,87.15000153,658,1.75999999,100.0299988,7.130000114,10.48999977,5.679999828
1265,11.18593121,76.315001,Malappuram,53,2.6469777,42.7659747,18.40825727,31.2181025,68.13392169,0.41009134,0.109999999,779,3.99000001,0.25,85.93630219,408.8999939,113,44.79896164,648,0.899999976,121.0899963,68.90000153,4.2363695,5.96999979
1266,11.38954353,76.263997,Malappuram,61,13.107813,14.79252812,18.47117189,31.26121121,71.99997451,0.52678424,0.109999999,857,3.656579971,0.25,51.39599991,450.5,127,39.55599976,698,1.75,35.5,1.799999952,4.397999763,5.5
1267,11.31411743,76.305821,Malappuram,52,4.686008,14.59400091,19.21407865,32.37733744,70.74781643,0.5250314,0.109999999,751.0800171,5.239999771,0.25,68.55000305,402.7999878,114,76.95800018,546,1.980000019,11.30000019,0.709999979,5.936200142,4.579999924
1268,11.29698181,76.223248,Malappuram,38,2.647497,19.55962089,18.44280001,31.12908352,70.32478861,0.3971792,0.119999997,782,5.989999771,0.25,63.96659851,287.8999939,108,55.75899887,598,1.950000048,112,5.949999809,7.102980137,5.909999847
1269,11.16558075,75.9174118,Malappuram,65,2.8338459,47.05325621,21.8690014,31.56481218,65.77315902,0.5264706,0.159999996,954,3.140000105,0.28,48.99000168,288.8999939,119,59.02000046,685,1.029999971,14.86999989,0.980000019,4.860000134,5.039999962
1270,11.44051838,76.247218,Malappuram,50,3.3872411,69.28170204,16.71062938,28.95474133,71.50452885,0.5561394,0.078199998,918.7999878,3.654999971,0.3,50.252626,359.6543884,114,43.89599991,602,3,43.34511948,0.5625,5.369689941,5.420000076
1271,11.15285015,75.915829,Malappuram,70,1.3241186,47.05325621,21.8690014,31.56481218,65.77315902,0.5875817,0.100000001,1128,2.109999895,0.3,36.97999954,356.8999939,135,85.44999695,701,1.960000038,3.680000067,0.610000014,5.150000095,5.5
1272,11.32999992,76.30999756,Malappuram,57,2.1060245,14.59400091,19.21407865,32.37733744,70.74781643,0.7136612,0.109999999,571,5.325799942,0.3,55.86362839,115,129,38.99000168,907,1.100000024,25.60000038,0.579999983,8.310469627,5.900000095
1273,11.29939842,76.303714,Malappuram,43,10.533978,15.56247315,19.21407865,32.37733744,70.74781643,0.4651037,0.147799999,795.7000122,5.139999866,0.31,71.23999786,426.9888,102,77.56600189,520,2.712765957,8.207360268,0.524999976,6.012279987,5.320000172
1274,11.30202007,76.23786926,Malappuram,34,5.626594,22.43247509,18.44280001,31.12908352,70.32478861,0.5415483,0.198400006,897.4500122,6.322000027,0.33,64.2188966,552.1151733,118,58.96363068,396,2.042553191,128.7529602,3.950000048,7.126297951,5.730000019
1275,11.18798733,75.893013,Malappuram,22,3.8228576,28.90266973,21.8690014,31.56481218,65.77315902,0.50141966,0.150000006,1296.25,3.220000029,0.39,45.68999863,432.1000061,98,58.65000153,599,1.5,24.12999916,0.389999986,4.210000038,5.889999866
1276,11.34149742,76.246498,Malappuram,48,16.303072,22.43247509,18.44280001,31.12908352,70.32478861,0.68706316,0.112400003,822.5999756,5.041399956,0.41,66.56629944,115.3152008,125,46.95949936,294,0.569999993,3.33423996,43.97499847,5.934889793,6.489999771
1277,10.97838688,76.204918,Malappuram,39,2.979549,45.666008,21.31703339,32.94772597,58.44235,0.4392011,0.100000001,1000,8.960000038,0.8,59.59999847,218.3999939,130,40.5,612,1.929999948,15.98999977,3.859999895,6.400000095,6.300000191
1278,10.89317799,76.251042,Palakkad,30,0,43.56295812,21.38949396,33.42504036,55.56397824,0.58920145,0.170000002,794.9000244,5.860000134,0.01,89.95999908,297.6000061,109,96.25,549,1.980000019,28.06999969,32.40000153,8.949999809,5.900000095
1279,10.94257545,76.317507,Palakkad,74,7.048247,42.44089353,21.38949396,33.42504036,55.56397824,0.5042898,0.230000004,680,2.559999943,0.05,65.90000153,356.3800049,96,54.75,879,1.419999957,47.27999878,1.950000048,5.960000038,5.329999924
1280,10.85946655,76.097299,Palakkad,8,6.220102,44.08307409,22.01934704,32.98381826,57.55340806,0.46113592,0.100000001,960,2.849999905,0.06,44.38000107,100.4599991,128,99.58999634,712,1.389999986,9.680000305,3.00999999,8.039999962,5.570000172
1281,10.77940546,76.28628627,Palakkad,49,7.1338053,41.64113855,22.31648696,33.8409005,50.91887761,0.4316446,0.140000001,703.3900146,6.981999874,0.062,81.44200134,268.8999939,115.4000015,72.20200348,570.4000244,2.176000118,54.09000015,26.24600029,8.588000298,5.676000118
1282,10.5990992,76.47979312,Palakkad,70,1.3228682,25.53180397,21.52124097,33.53293657,51.70897072,0.4920635,0.167999998,728.3699951,6.073999882,0.074,74.65399933,412.2340088,108.8000031,57.73600006,662.4000244,1.779999971,27.07600021,24.36800003,7.794000149,5.546000004
1283,10.60228625,76.43724274,Palakkad,104,7.279033,29.34282112,22.28214127,33.47106876,51.82763614,0.78393054,0.167999998,728.3699951,6.073999882,0.074,74.65399933,412.2340088,108.8000031,57.73600006,662.4000244,1.779999971,27.07600021,24.36800003,7.794000149,5.546000004
1284,10.52638594,76.48022156,Palakkad,91,1.8543341,40.99248397,21.02583413,32.44480601,52.84448706,0.7294617,0.167999998,728.3699951,6.073999882,0.074,74.65399933,412.2340088,108.8000031,57.73600006,662.4000244,1.779999971,27.07600021,24.36800003,7.794000149,5.546000004
1285,10.63720341,76.42474032,Palakkad,76,9.353104,29.34282112,22.28214127,33.47106876,51.82763614,0.61602575,0.167999998,728.3699951,6.073999882,0.074,74.65399933,412.2340088,108.8000031,57.73600006,662.4000244,1.779999971,27.07600021,24.36800003,7.794000149,5.546000004
1286,10.58966446,76.45843861,Palakkad,84,10.466657,25.53180397,21.52124097,33.53293657,51.70897072,0.59601873,0.167999998,728.3699951,6.073999882,0.074,74.65399933,412.2340088,108.8000031,57.73600006,662.4000244,1.779999971,27.07600021,24.36800003,7.794000149,5.546000004
1287,10.54751602,76.51017794,Palakkad,74,3.358055,26.07397926,21.02583413,32.44480601,52.84448706,0.56527054,0.167999998,728.3699951,6.073999882,0.074,74.65399933,412.2340088,108.8000031,57.73600006,662.4000244,1.779999971,27.07600021,24.36800003,7.794000149,5.546000004
1288,10.71785646,76.46729521,Palakkad,74,4.679881,23.58589852,21.59540842,33.68932811,52.24439158,0.7239967,0.167999998,728.3699951,6.073999882,0.074,74.65399933,412.2340088,108.8000031,57.73600006,662.4000244,1.779999971,27.07600021,24.36800003,7.794000149,5.546000004
1289,10.67780483,76.51714817,Palakkad,67,8.267314,17.04538989,21.59540842,33.68932811,52.24439158,0.37555066,0.167999998,728.3699951,6.073999882,0.074,74.65399933,412.2340088,108.8000031,57.73600006,662.4000244,1.779999971,27.07600021,24.36800003,7.794000149,5.546000004
1290,10.4713475,76.49143113,Palakkad,441,37.329754,79.17122126,21.02583413,32.44480601,52.84448706,0.37169313,0.167999998,728.3699951,6.073999882,0.074,74.65399933,412.2340088,108.8000031,57.73600006,662.4000244,1.779999971,27.07600021,24.36800003,7.794000149,5.546000004
1291,10.79279198,76.46550862,Palakkad,61,12.436009,25.68900776,21.20809458,32.94206338,52.54981545,0.57940954,0.167999998,728.3699951,6.073999882,0.074,74.65399933,412.2340088,108.8000031,57.73600006,662.4000244,1.779999971,27.07600021,24.36800003,7.794000149,5.546000004
1292,10.69447976,76.52675744,Palakkad,124,4.798452,17.04538989,21.59540842,33.68932811,52.24439158,0.24635515,0.167999998,728.3699951,6.073999882,0.074,74.65399933,412.2340088,108.8000031,57.73600006,662.4000244,1.779999971,27.07600021,24.36800003,7.794000149,5.546000004
1293,10.52389906,76.49429735,Palakkad,119,6.585541,40.99248397,21.02583413,32.44480601,52.84448706,0.7790055,0.167999998,728.3699951,6.073999882,0.074,74.65399933,412.2340088,108.8000031,57.73600006,662.4000244,1.779999971,27.07600021,24.36800003,7.794000149,5.546000004
1294,10.54895689,76.45723548,Palakkad,97,8.0169325,40.99248397,21.02583413,32.44480601,52.84448706,0.5764411,0.167999998,728.3699951,6.073999882,0.074,74.65399933,412.2340088,108.8000031,57.73600006,662.4000244,1.779999971,27.07600021,24.36800003,7.794000149,5.546000004
1295,10.37269091,76.72867608,Palakkad,1022,37.20633,66.48371696,18.24334396,28.83810183,57.73390516,0.61702126,0.175999999,734.8099976,5.714000225,0.078,75.10800171,286.0639954,116.4000015,61.09199905,629.4000244,1.886000037,28.36400032,17.14800072,7.164000034,5.493999958
1296,10.36598401,76.70987597,Palakkad,813,17.93964,66.48371696,18.24334396,28.83810183,57.73390516,0.87460816,0.175999999,734.8099976,5.714000225,0.078,75.10800171,286.0639954,116.4000015,61.09199905,629.4000244,1.886000037,28.36400032,17.14800072,7.164000034,5.493999958
1297,10.47737553,76.67238011,Palakkad,983,6.729824,41.69625676,18.72258175,29.10996899,54.52509535,0.7918051,0.175999999,734.8099976,5.714000225,0.078,75.10800171,286.0639954,116.4000015,61.09199905,629.4000244,1.886000037,28.36400032,17.14800072,7.164000034,5.493999958
1298,10.44473173,76.70726452,Palakkad,768,7.2551765,37.10609746,18.24334396,28.83810183,57.73390516,0.72921616,0.175999999,734.8099976,5.714000225,0.078,75.10800171,286.0639954,116.4000015,61.09199905,629.4000244,1.886000037,28.36400032,17.14800072,7.164000034,5.493999958
1299,10.34756382,76.81841115,Palakkad,1175,8.2891,66.65946245,18.83416296,29.3991062,64.42738326,0.84775317,0.175999999,734.8099976,5.714000225,0.078,75.10800171,286.0639954,116.4000015,61.09199905,629.4000244,1.886000037,28.36400032,17.14800072,7.164000034,5.493999958
1300,10.42341715,76.76134725,Palakkad,588,10.522342,34.07363522,18.21605388,28.23461619,61.17671418,0.5479233,0.175999999,734.8099976,5.714000225,0.078,75.10800171,286.0639954,116.4000015,61.09199905,629.4000244,1.886000037,28.36400032,17.14800072,7.164000034,5.493999958
1301,10.37402622,76.69347039,Palakkad,602,17.961315,57.24208689,18.24334396,28.83810183,57.73390516,0.73850316,0.175999999,734.8099976,5.714000225,0.078,75.10800171,286.0639954,116.4000015,61.09199905,629.4000244,1.886000037,28.36400032,17.14800072,7.164000034,5.493999958
1302,10.38484583,76.63594025,Palakkad,545,7.254602,50.11939764,19.46394106,30.68196101,56.40680608,0.8555848,0.187999994,756.3699951,5.78000021,0.084,71.76200104,312.8340149,114.8000031,62.7159996,636.2000122,1.809999943,33.13600159,24.6779995,7.691999912,5.552000046
1303,10.54102902,76.63943276,Palakkad,91,2.1015186,70.81172323,19.55181748,30.56054103,53.39593175,-0.29113925,0.187999994,756.3699951,5.78000021,0.084,71.76200104,312.8340149,114.8000031,62.7159996,636.2000122,1.809999943,33.13600159,24.6779995,7.691999912,5.552000046
1304,10.3771119,76.64553272,Palakkad,599,13.723096,50.11939764,19.46394106,30.68196101,56.40680608,0.6869034,0.187999994,756.3699951,5.78000021,0.084,71.76200104,312.8340149,114.8000031,62.7159996,636.2000122,1.809999943,33.13600159,24.6779995,7.691999912,5.552000046
1305,10.37734886,76.68399225,Palakkad,597,19.294117,57.24208689,18.24334396,28.83810183,57.73390516,0.7468355,0.187999994,756.3699951,5.78000021,0.084,71.76200104,312.8340149,114.8000031,62.7159996,636.2000122,1.809999943,33.13600159,24.6779995,7.691999912,5.552000046
1306,10.38879255,76.65450208,Palakkad,507,7.126167,57.24208689,18.24334396,28.83810183,57.73390516,0.7349481,0.187999994,756.3699951,5.78000021,0.084,71.76200104,312.8340149,114.8000031,62.7159996,636.2000122,1.809999943,33.13600159,24.6779995,7.691999912,5.552000046
1307,10.42387901,76.61158991,Palakkad,728,17.90218,52.28369999,19.46394106,30.68196101,56.40680608,0.8918919,0.187999994,756.3699951,5.78000021,0.084,71.76200104,312.8340149,114.8000031,62.7159996,636.2000122,1.809999943,33.13600159,24.6779995,7.691999912,5.552000046
1308,10.44733493,76.66123419,Palakkad,1115,23.797571,47.40340185,18.24334396,28.83810183,57.73390516,0.8054567,0.187999994,756.3699951,5.78000021,0.084,71.76200104,312.8340149,114.8000031,62.7159996,636.2000122,1.809999943,33.13600159,24.6779995,7.691999912,5.552000046
1309,10.37418233,76.64629179,Palakkad,587,14.399815,50.11939764,19.46394106,30.68196101,56.40680608,0.7942815,0.187999994,756.3699951,5.78000021,0.084,71.76200104,312.8340149,114.8000031,62.7159996,636.2000122,1.809999943,33.13600159,24.6779995,7.691999912,5.552000046
1310,10.45067998,76.60469328,Palakkad,692,25.721785,45.97179794,19.55181748,30.56054103,53.39593175,0.8778664,0.187999994,756.3699951,5.78000021,0.084,71.76200104,312.8340149,114.8000031,62.7159996,636.2000122,1.809999943,33.13600159,24.6779995,7.691999912,5.552000046
1311,10.49674928,76.63903052,Palakkad,1248,26.297136,45.97179794,19.55181748,30.56054103,53.39593175,0.87767583,0.187999994,756.3699951,5.78000021,0.084,71.76200104,312.8340149,114.8000031,62.7159996,636.2000122,1.809999943,33.13600159,24.6779995,7.691999912,5.552000046
1312,10.57160703,76.56444345,Palakkad,66,0,31.72669899,20.81550277,32.47066887,52.41630165,0.76156276,0.187999994,756.3699951,5.78000021,0.084,71.76200104,312.8340149,114.8000031,62.7159996,636.2000122,1.809999943,33.13600159,24.6779995,7.691999912,5.552000046
1313,10.50473905,76.65687763,Palakkad,1173,21.014853,56.50683403,18.72258175,29.10996899,54.52509535,0.90806544,0.187999994,756.3699951,5.78000021,0.084,71.76200104,312.8340149,114.8000031,62.7159996,636.2000122,1.809999943,33.13600159,24.6779995,7.691999912,5.552000046
1314,10.59522758,76.59550602,Palakkad,90,2.8284357,31.72669899,20.81550277,32.47066887,52.41630165,0.61126417,0.187999994,756.3699951,5.78000021,0.084,71.76200104,312.8340149,114.8000031,62.7159996,636.2000122,1.809999943,33.13600159,24.6779995,7.691999912,5.552000046
1315,10.46290443,76.56307333,Palakkad,502,23.406275,63.28368282,19.55181748,30.56054103,53.39593175,0.84153,0.187999994,756.3699951,5.78000021,0.084,71.76200104,312.8340149,114.8000031,62.7159996,636.2000122,1.809999943,33.13600159,24.6779995,7.691999912,5.552000046
1316,10.40049194,76.65795183,Palakkad,695,19.970331,47.40340185,18.24334396,28.83810183,57.73390516,0.8306189,0.187999994,756.3699951,5.78000021,0.084,71.76200104,312.8340149,114.8000031,62.7159996,636.2000122,1.809999943,33.13600159,24.6779995,7.691999912,5.552000046
1317,10.54035772,76.53827396,Palakkad,71,12.552516,26.07397926,21.02583413,32.44480601,52.84448706,0.6801431,0.187999994,756.3699951,5.78000021,0.084,71.76200104,312.8340149,114.8000031,62.7159996,636.2000122,1.809999943,33.13600159,24.6779995,7.691999912,5.552000046
1318,11.01028728,76.323568,Palakkad,47,3.8227162,36.50344545,21.05760056,33.09457813,59.15809289,0.36760926,0.109999999,540,9.260000229,0.09,87.88999939,485,95,33.5,821,3.089999914,16.07999992,1.580000043,5.960000038,6.199999809
1319,10.76581294,76.07111322,Palakkad,30,1.3232374,41.89088583,23.01900082,33.83032747,54.47585597,0.40305972,0.122000001,850.5200195,4.958000183,0.09,66.96600342,144.0899963,119.5999985,67.52999878,770.4000244,2.160000086,22.68400002,8.758000374,4.978000164,5.68200016
1320,10.74850089,76.09816917,Palakkad,18,3.8824987,40.34673834,23.42633209,33.58330952,55.18723366,0.24313635,0.122000001,850.5200195,4.958000183,0.09,66.96600342,144.0899963,119.5999985,67.52999878,770.4000244,2.160000086,22.68400002,8.758000374,4.978000164,5.68200016
1321,10.79592978,76.51966525,Palakkad,78,3.3820117,18.87717572,21.20809458,32.94206338,52.54981545,0.6594595,0.158000007,689.3900146,5.607999802,0.09,73.46199799,535.0280151,111.8000031,44.73600006,717.5999756,1.690000057,23.39800072,17.99200058,7.196000099,5.599999905
1322,10.78516177,76.49407705,Palakkad,82,3.3819287,25.68900776,21.20809458,32.94206338,52.54981545,0.5993996,0.158000007,689.3900146,5.607999802,0.09,73.46199799,535.0280151,111.8000031,44.73600006,717.5999756,1.690000057,23.39800072,17.99200058,7.196000099,5.599999905
1323,10.78485165,76.48001851,Palakkad,56,0.94408303,25.68900776,21.20809458,32.94206338,52.54981545,0.79089504,0.158000007,689.3900146,5.607999802,0.09,73.46199799,535.0280151,111.8000031,44.73600006,717.5999756,1.690000057,23.39800072,17.99200058,7.196000099,5.599999905
1324,10.76723148,76.51046231,Palakkad,49,0.9440273,18.87717572,21.20809458,32.94206338,52.54981545,0.74596405,0.158000007,689.3900146,5.607999802,0.09,73.46199799,535.0280151,111.8000031,44.73600006,717.5999756,1.690000057,23.39800072,17.99200058,7.196000099,5.599999905
1325,10.77998345,76.11966792,Palakkad,8,0.94406736,42.81345558,23.01900082,33.83032747,54.47585597,0.38558522,0.123999998,854,4.619999886,0.096,58.44599915,142.326004,113.5999985,83.20400238,784.2000122,1.973999977,13.94799995,3.79399991,6,5.708000183
1326,10.76151794,76.03782923,Palakkad,12,4.9944305,35.01434135,23.26966195,33.38489185,57.02066135,0.5032336,0.119999997,836.2399902,5.526000023,0.1,75.59799957,153.404007,120.8000031,52.20399857,733.4000244,2.461999893,30.44199944,9.515999794,4.176000118,5.731999874
1327,10.58702596,76.79026228,Palakkad,172,5.9361453,66.59811354,20.13600627,30.89281853,53.53464036,0.6466419,0.172000006,703.8300171,5.334000111,0.106,72.91600037,405.5440063,121.5999985,47.8219986,686.5999756,1.830000043,24.64999962,10.76799965,6.584000111,5.510000229
1328,10.65515133,76.66113192,Palakkad,97,5.057153,12.54526043,21.0011091,32.60632293,53.30411738,0.6344759,0.172000006,703.8300171,5.334000111,0.106,72.91600037,405.5440063,121.5999985,47.8219986,686.5999756,1.830000043,24.64999962,10.76799965,6.584000111,5.510000229
1329,10.61430406,76.68043401,Palakkad,92,2.6443946,11.09100246,20.15940299,31.19505963,52.82239901,0.5872897,0.172000006,703.8300171,5.334000111,0.106,72.91600037,405.5440063,121.5999985,47.8219986,686.5999756,1.830000043,24.64999962,10.76799965,6.584000111,5.510000229
1330,10.62730871,76.85549209,Palakkad,210,3.3806975,19.61728561,20.27322461,31.16756907,55.61673565,0.64371943,0.172000006,703.8300171,5.334000111,0.106,72.91600037,405.5440063,121.5999985,47.8219986,686.5999756,1.830000043,24.64999962,10.76799965,6.584000111,5.510000229
1331,10.60237692,76.64882693,Palakkad,91,2.0802727,11.00540727,20.81550277,32.47066887,52.41630165,0.62459654,0.172000006,703.8300171,5.334000111,0.106,72.91600037,405.5440063,121.5999985,47.8219986,686.5999756,1.830000043,24.64999962,10.76799965,6.584000111,5.510000229
1332,10.77943808,76.62731108,Palakkad,78,5.9591155,11.43420523,20.80212765,32.54711488,52.55031791,0.5758653,0.172000006,703.8300171,5.334000111,0.106,72.91600037,405.5440063,121.5999985,47.8219986,686.5999756,1.830000043,24.64999962,10.76799965,6.584000111,5.510000229
1333,10.75111089,76.65429409,Palakkad,84,0,11.71166992,20.63536356,32.23378038,52.49185673,0.35934174,0.172000006,703.8300171,5.334000111,0.106,72.91600037,405.5440063,121.5999985,47.8219986,686.5999756,1.830000043,24.64999962,10.76799965,6.584000111,5.510000229
1334,10.64915792,76.73496354,Palakkad,134,2.6445475,13.1912961,20.15940299,31.19505963,52.82239901,0.2915231,0.172000006,703.8300171,5.334000111,0.106,72.91600037,405.5440063,121.5999985,47.8219986,686.5999756,1.830000043,24.64999962,10.76799965,6.584000111,5.510000229
1335,10.72470559,76.86345028,Palakkad,164,2.1025364,16.89139611,20.33297514,31.44128492,54.31014777,0.6178486,0.172000006,703.8300171,5.334000111,0.106,72.91600037,405.5440063,121.5999985,47.8219986,686.5999756,1.830000043,24.64999962,10.76799965,6.584000111,5.510000229
1336,10.59628851,76.69552088,Palakkad,108,6.737547,46.1738205,20.15940299,31.19505963,52.82239901,0.37344518,0.172000006,703.8300171,5.334000111,0.106,72.91600037,405.5440063,121.5999985,47.8219986,686.5999756,1.830000043,24.64999962,10.76799965,6.584000111,5.510000229
1337,10.59985039,76.66769131,Palakkad,94,1.3228694,46.1738205,20.15940299,31.19505963,52.82239901,0.46666667,0.172000006,703.8300171,5.334000111,0.106,72.91600037,405.5440063,121.5999985,47.8219986,686.5999756,1.830000043,24.64999962,10.76799965,6.584000111,5.510000229
1338,10.72052987,76.83255095,Palakkad,154,4.7092013,15.4729273,20.66214905,31.97622307,53.41164456,0.660625,0.172000006,703.8300171,5.334000111,0.106,72.91600037,405.5440063,121.5999985,47.8219986,686.5999756,1.830000043,24.64999962,10.76799965,6.584000111,5.510000229
1339,10.6320879,76.74950091,Palakkad,139,3.8810992,13.1912961,20.15940299,31.19505963,52.82239901,0.69000995,0.172000006,703.8300171,5.334000111,0.106,72.91600037,405.5440063,121.5999985,47.8219986,686.5999756,1.830000043,24.64999962,10.76799965,6.584000111,5.510000229
1340,10.56358829,76.72161326,Palakkad,402,32.45853,69.62291288,20.15940299,31.19505963,52.82239901,0.7763012,0.172000006,703.8300171,5.334000111,0.106,72.91600037,405.5440063,121.5999985,47.8219986,686.5999756,1.830000043,24.64999962,10.76799965,6.584000111,5.510000229
1341,10.79811161,76.76093863,Palakkad,116,0.92740995,17.27281889,20.68484229,32.49638019,51.97711806,0.27780014,0.172000006,703.8300171,5.334000111,0.106,72.91600037,405.5440063,121.5999985,47.8219986,686.5999756,1.830000043,24.64999962,10.76799965,6.584000111,5.510000229
1342,10.76406819,76.72184943,Palakkad,100,2.1027575,12.48841941,20.63536356,32.23378038,52.49185673,0.76337206,0.172000006,703.8300171,5.334000111,0.106,72.91600037,405.5440063,121.5999985,47.8219986,686.5999756,1.830000043,24.64999962,10.76799965,6.584000111,5.510000229
1343,10.73992499,76.615059,Palakkad,80,1.3231797,12.05483186,21.40514526,33.41904234,52.85401339,0.7772992,0.172000006,703.8300171,5.334000111,0.106,72.91600037,405.5440063,121.5999985,47.8219986,686.5999756,1.830000043,24.64999962,10.76799965,6.584000111,5.510000229
1344,10.65504117,76.66891837,Palakkad,87,1.8543341,12.54526043,21.0011091,32.60632293,53.30411738,0.6949521,0.172000006,703.8300171,5.334000111,0.106,72.91600037,405.5440063,121.5999985,47.8219986,686.5999756,1.830000043,24.64999962,10.76799965,6.584000111,5.510000229
1345,10.72459336,76.85610121,Palakkad,167,2.1025348,16.89139611,20.33297514,31.44128492,54.31014777,0.5401502,0.172000006,703.8300171,5.334000111,0.106,72.91600037,405.5440063,121.5999985,47.8219986,686.5999756,1.830000043,24.64999962,10.76799965,6.584000111,5.510000229
1346,10.57154171,76.73630347,Palakkad,211,9.913232,69.62291288,20.15940299,31.19505963,52.82239901,0.57352746,0.172000006,703.8300171,5.334000111,0.106,72.91600037,405.5440063,121.5999985,47.8219986,686.5999756,1.830000043,24.64999962,10.76799965,6.584000111,5.510000229
1347,10.59901175,76.80737307,Palakkad,204,5.4607396,46.45330799,20.13600627,30.89281853,53.53464036,0.58253276,0.172000006,703.8300171,5.334000111,0.106,72.91600037,405.5440063,121.5999985,47.8219986,686.5999756,1.830000043,24.64999962,10.76799965,6.584000111,5.510000229
1348,10.62193598,76.78784286,Palakkad,156,2.1019645,16.15919495,20.13600627,30.89281853,53.53464036,0.63763404,0.172000006,703.8300171,5.334000111,0.106,72.91600037,405.5440063,121.5999985,47.8219986,686.5999756,1.830000043,24.64999962,10.76799965,6.584000111,5.510000229
1349,10.55246668,76.79715281,Palakkad,451,30.088966,66.59811354,20.13600627,30.89281853,53.53464036,0.6637673,0.172000006,703.8300171,5.334000111,0.106,72.91600037,405.5440063,121.5999985,47.8219986,686.5999756,1.830000043,24.64999962,10.76799965,6.584000111,5.510000229
1350,10.63868289,76.79430851,Palakkad,158,2.0803232,16.15919495,20.13600627,30.89281853,53.53464036,0.66254216,0.172000006,703.8300171,5.334000111,0.106,72.91600037,405.5440063,121.5999985,47.8219986,686.5999756,1.830000043,24.64999962,10.76799965,6.584000111,5.510000229
1351,10.56893888,76.67024274,Palakkad,158,24.31917,46.1738205,20.15940299,31.19505963,52.82239901,0.31350386,0.172000006,703.8300171,5.334000111,0.106,72.91600037,405.5440063,121.5999985,47.8219986,686.5999756,1.830000043,24.64999962,10.76799965,6.584000111,5.510000229
1352,10.49455319,76.81601213,Palakkad,882,21.550415,53.7140193,18.77370658,28.90858612,55.81920123,0.7570573,0.172000006,703.8300171,5.334000111,0.106,72.91600037,405.5440063,121.5999985,47.8219986,686.5999756,1.830000043,24.64999962,10.76799965,6.584000111,5.510000229
1353,10.50475693,76.77888427,Palakkad,1065,5.055015,42.58464146,18.77370658,28.90858612,55.81920123,0.67920285,0.172000006,703.8300171,5.334000111,0.106,72.91600037,405.5440063,121.5999985,47.8219986,686.5999756,1.830000043,24.64999962,10.76799965,6.584000111,5.510000229
1354,10.76895815,76.75651314,Palakkad,115,3.8225284,17.27281889,20.68484229,32.49638019,51.97711806,0.7297921,0.172000006,703.8300171,5.334000111,0.106,72.91600037,405.5440063,121.5999985,47.8219986,686.5999756,1.830000043,24.64999962,10.76799965,6.584000111,5.510000229
1355,10.67153553,76.68121776,Palakkad,97,8.3530445,12.54526043,21.0011091,32.60632293,53.30411738,0.6385762,0.172000006,703.8300171,5.334000111,0.106,72.91600037,405.5440063,121.5999985,47.8219986,686.5999756,1.830000043,24.64999962,10.76799965,6.584000111,5.510000229
1356,10.50270187,76.71323205,Palakkad,780,6.574062,55.7717607,18.72258175,29.10996899,54.52509535,0.84180105,0.172000006,703.8300171,5.334000111,0.106,72.91600037,405.5440063,121.5999985,47.8219986,686.5999756,1.830000043,24.64999962,10.76799965,6.584000111,5.510000229
1357,10.51287445,76.79388884,Palakkad,716,26.52806,42.58464146,18.77370658,28.90858612,55.81920123,0.6812723,0.172000006,703.8300171,5.334000111,0.106,72.91600037,405.5440063,121.5999985,47.8219986,686.5999756,1.830000043,24.64999962,10.76799965,6.584000111,5.510000229
1358,10.75657405,76.79816293,Palakkad,141,5.958937,17.27281889,20.68484229,32.49638019,51.97711806,0.41452125,0.172000006,703.8300171,5.334000111,0.106,72.91600037,405.5440063,121.5999985,47.8219986,686.5999756,1.830000043,24.64999962,10.76799965,6.584000111,5.510000229
1359,10.47858469,76.77273606,Palakkad,551,4.6273675,29.23472118,18.77370658,28.90858612,55.81920123,0.6457811,0.172000006,703.8300171,5.334000111,0.106,72.91600037,405.5440063,121.5999985,47.8219986,686.5999756,1.830000043,24.64999962,10.76799965,6.584000111,5.510000229
1360,10.7599268,76.61978568,Palakkad,77,3.7709029,11.43420523,20.80212765,32.54711488,52.55031791,0.7418493,0.172000006,703.8300171,5.334000111,0.106,72.91600037,405.5440063,121.5999985,47.8219986,686.5999756,1.830000043,24.64999962,10.76799965,6.584000111,5.510000229
1361,10.52091334,76.78557848,Palakkad,690,14.127765,42.58464146,18.77370658,28.90858612,55.81920123,0.67729396,0.172000006,703.8300171,5.334000111,0.106,72.91600037,405.5440063,121.5999985,47.8219986,686.5999756,1.830000043,24.64999962,10.76799965,6.584000111,5.510000229
1362,10.72695092,76.74574489,Palakkad,115,6.285147,10.4895615,21.0011091,32.60632293,53.30411738,0.43469787,0.172000006,703.8300171,5.334000111,0.106,72.91600037,405.5440063,121.5999985,47.8219986,686.5999756,1.830000043,24.64999962,10.76799965,6.584000111,5.510000229
1363,10.63469956,76.71167228,Palakkad,100,3.9632118,13.1912961,20.15940299,31.19505963,52.82239901,0.46460247,0.172000006,703.8300171,5.334000111,0.106,72.91600037,405.5440063,121.5999985,47.8219986,686.5999756,1.830000043,24.64999962,10.76799965,6.584000111,5.510000229
1364,10.74706209,76.79898206,Palakkad,131,5.278738,17.55994448,20.66214905,31.97622307,53.41164456,0.36507073,0.172000006,703.8300171,5.334000111,0.106,72.91600037,405.5440063,121.5999985,47.8219986,686.5999756,1.830000043,24.64999962,10.76799965,6.584000111,5.510000229
1365,10.66067964,76.86110005,Palakkad,199,4.198713,19.12097561,20.33297514,31.44128492,54.31014777,0.5846524,0.172000006,703.8300171,5.334000111,0.106,72.91600037,405.5440063,121.5999985,47.8219986,686.5999756,1.830000043,24.64999962,10.76799965,6.584000111,5.510000229
1366,10.62384894,76.69058723,Palakkad,102,1.322922,11.09100246,20.15940299,31.19505963,52.82239901,0.62280285,0.172000006,703.8300171,5.334000111,0.106,72.91600037,405.5440063,121.5999985,47.8219986,686.5999756,1.830000043,24.64999962,10.76799965,6.584000111,5.510000229
1367,10.52861217,76.70728197,Palakkad,1065,29.686764,55.7717607,18.72258175,29.10996899,54.52509535,0.734,0.172000006,703.8300171,5.334000111,0.106,72.91600037,405.5440063,121.5999985,47.8219986,686.5999756,1.830000043,24.64999962,10.76799965,6.584000111,5.510000229
1368,10.52733067,76.73230578,Palakkad,1243,17.460442,55.7717607,18.72258175,29.10996899,54.52509535,0.83883566,0.172000006,703.8300171,5.334000111,0.106,72.91600037,405.5440063,121.5999985,47.8219986,686.5999756,1.830000043,24.64999962,10.76799965,6.584000111,5.510000229
1369,10.5713947,76.63080976,Palakkad,113,7.5315228,22.19135356,20.81550277,32.47066887,52.41630165,0.67,0.184,725.3900146,5.400000095,0.112,69.56999969,432.3139954,120,49.44599915,693.4000244,1.753999949,29.42200089,18.29800034,7.111999989,5.56799984
1370,10.64120721,76.56125769,Palakkad,64,4.6565514,25.17867243,20.81550277,32.47066887,52.41630165,0.5599764,0.184,725.3900146,5.400000095,0.112,69.56999969,432.3139954,120,49.44599915,693.4000244,1.753999949,29.42200089,18.29800034,7.111999989,5.56799984
1371,10.71053374,76.59029644,Palakkad,86,3.9637132,12.6088382,21.40514526,33.41904234,52.85401339,0.47725797,0.184,725.3900146,5.400000095,0.112,69.56999969,432.3139954,120,49.44599915,693.4000244,1.753999949,29.42200089,18.29800034,7.111999989,5.56799984
1372,10.71557262,76.54635082,Palakkad,66,2.0804312,15.77433032,21.59540842,33.68932811,52.24439158,0.6345562,0.184,725.3900146,5.400000095,0.112,69.56999969,432.3139954,120,49.44599915,693.4000244,1.753999949,29.42200089,18.29800034,7.111999989,5.56799984
1373,10.71596435,76.57344722,Palakkad,73,1.323126,12.6088382,21.40514526,33.41904234,52.85401339,0.60322434,0.184,725.3900146,5.400000095,0.112,69.56999969,432.3139954,120,49.44599915,693.4000244,1.753999949,29.42200089,18.29800034,7.111999989,5.56799984
1374,10.63128665,76.61676443,Palakkad,84,4.6273675,11.00540727,20.81550277,32.47066887,52.41630165,0.7315903,0.184,725.3900146,5.400000095,0.112,69.56999969,432.3139954,120,49.44599915,693.4000244,1.753999949,29.42200089,18.29800034,7.111999989,5.56799984
1375,10.71578735,76.58888734,Palakkad,67,0,12.6088382,21.40514526,33.41904234,52.85401339,0.79444087,0.184,725.3900146,5.400000095,0.112,69.56999969,432.3139954,120,49.44599915,693.4000244,1.753999949,29.42200089,18.29800034,7.111999989,5.56799984
1376,10.58952981,76.63221738,Palakkad,103,10.5244665,22.19135356,20.81550277,32.47066887,52.41630165,0.67171896,0.184,725.3900146,5.400000095,0.112,69.56999969,432.3139954,120,49.44599915,693.4000244,1.753999949,29.42200089,18.29800034,7.111999989,5.56799984
1377,10.67539013,76.55380636,Palakkad,83,14.690163,13.54887819,21.40514526,33.41904234,52.85401339,0.580625,0.184,725.3900146,5.400000095,0.112,69.56999969,432.3139954,120,49.44599915,693.4000244,1.753999949,29.42200089,18.29800034,7.111999989,5.56799984
1378,10.7790179,76.58075147,Palakkad,64,2.9357224,13.75418234,20.80212765,32.54711488,52.55031791,0.70834535,0.172000006,682.5900269,4.388000011,0.112,72.57800293,565.7080078,125.4000015,44.88000107,752,1.657999992,25.45800018,10.44200039,6.512000084,5.734000206
1379,10.79820977,76.57572458,Palakkad,65,1.3233095,13.75418234,20.80212765,32.54711488,52.55031791,0.77585787,0.172000006,682.5900269,4.388000011,0.112,72.57800293,565.7080078,125.4000015,44.88000107,752,1.657999992,25.45800018,10.44200039,6.512000084,5.734000206
1380,10.74127729,76.56496832,Palakkad,64,2.7802885,12.6088382,21.40514526,33.41904234,52.85401339,0.7861882,0.172000006,682.5900269,4.388000011,0.112,72.57800293,565.7080078,125.4000015,44.88000107,752,1.657999992,25.45800018,10.44200039,6.512000084,5.734000206
1381,10.76037095,76.16722344,Palakkad,57,16.887278,45.38065267,22.57037427,34.0866846,52.1537165,0.8126751,0.136000007,871.5999756,4.234000206,0.14,65.01000214,212.6679993,114.4000015,81.48200226,732.7999878,1.907999992,12.10200024,8.508000374,7.938000202,5.730000019
1382,10.95909405,76.320088,Palakkad,79,4.712937,53.82769191,21.05760056,33.09457813,59.15809289,0.6066066,0.150000006,640,3.960000038,0.15,79,895,135,29.89999962,835,1.700000048,9.5,0.5,6.050000191,5.980000019
1383,10.89665699,76.151393,Palakkad,20,2.6456523,43.45761633,22.04072171,33.63890623,53.8394788,0.6578515,0.129999995,718,3.190000057,0.17,86.51999664,299.8999939,112,47,586,1.899999976,15.96000004,28.10000038,10.02999973,5.579999924
1384,10.89928436,76.154057,Palakkad,22,6.220271,43.45761633,22.04072171,33.63890623,53.8394788,0.62305987,0.150000006,980,6.329999924,0.18,89.69000244,355,120,88.95999908,789,1.950000048,8.890000343,4.449999809,8.960000038,5.900000095
1385,9.318227262,76.50718332,Pattanamtitta,4,4.9912925,58.06865025,22.71333913,31.32634914,72.67459288,0.73921174,0.128000006,840.9799805,5.257999897,0.068,67.2460022,171.8300018,116,82.48400116,769,2.069999933,17.78199959,9.657999992,6.147999763,5.748000145
1386,9.398566779,76.57301472,Pattanamtitta,33,1.8795472,62.52709055,22.23851797,31.70804143,71.91911496,0.5271991,0.128000006,840.9799805,5.257999897,0.068,67.2460022,171.8300018,116,82.48400116,769,2.069999933,17.78199959,9.657999992,6.147999763,5.748000145
1387,9.370016217,76.52325281,Pattanamtitta,11,2.9660516,57.13986063,22.62785623,31.39974891,73.205821,0.6678711,0.128000006,840.9799805,5.257999897,0.068,67.2460022,171.8300018,116,82.48400116,769,2.069999933,17.78199959,9.657999992,6.147999763,5.748000145
1388,9.454956937,77.12508076,Pattanamtitta,714,41.177994,74.55023968,17.40980788,28.24035797,68.82938472,0.83482397,0.165999994,761.6099854,6.920000076,0.086,75.72000122,263.7080078,116.5999985,60.95800018,560,2.003999949,24.80800056,24.71800041,7.763999939,5.495999813
1389,9.393580296,77.17688285,Pattanamtitta,1104,29.984875,66.67607832,15.64892757,25.97105534,67.63304886,0.88383925,0.165999994,761.6099854,6.920000076,0.086,75.72000122,263.7080078,116.5999985,60.95800018,560,2.003999949,24.80800056,24.71800041,7.763999939,5.495999813
1390,9.327732457,77.08820366,Pattanamtitta,410,31.481058,102.1260381,17.37931371,28.31410291,63.71831564,0.5612553,0.165999994,761.6099854,6.920000076,0.086,75.72000122,263.7080078,116.5999985,60.95800018,560,2.003999949,24.80800056,24.71800041,7.763999939,5.495999813
1391,9.272940034,77.19341286,Pattanamtitta,1064,13.609208,76.5811646,15.40889314,25.90126585,63.89659148,0.8651861,0.165999994,761.6099854,6.920000076,0.086,75.72000122,263.7080078,116.5999985,60.95800018,560,2.003999949,24.80800056,24.71800041,7.763999939,5.495999813
1392,9.348338422,77.00932716,Pattanamtitta,211,24.884829,88.60743833,19.52746892,31.1752866,65.44540747,0.57485104,0.165999994,761.6099854,6.920000076,0.086,75.72000122,263.7080078,116.5999985,60.95800018,560,2.003999949,24.80800056,24.71800041,7.763999939,5.495999813
1393,9.357990838,77.15957603,Pattanamtitta,1090,3.8215196,66.67607832,15.64892757,25.97105534,67.63304886,0.90346414,0.165999994,761.6099854,6.920000076,0.086,75.72000122,263.7080078,116.5999985,60.95800018,560,2.003999949,24.80800056,24.71800041,7.763999939,5.495999813
1394,9.392514646,76.99137495,Pattanamtitta,332,31.722765,88.88208771,19.24964268,30.60316962,68.74898342,0.46665233,0.165999994,761.6099854,6.920000076,0.086,75.72000122,263.7080078,116.5999985,60.95800018,560,2.003999949,24.80800056,24.71800041,7.763999939,5.495999813
1395,9.228706561,77.14057571,Pattanamtitta,1043,25.55674,113.5612288,18.01634553,29.3872638,60.45279305,0.8567803,0.165999994,761.6099854,6.920000076,0.086,75.72000122,263.7080078,116.5999985,60.95800018,560,2.003999949,24.80800056,24.71800041,7.763999939,5.495999813
1396,9.284960136,77.12226794,Pattanamtitta,1036,10.268015,76.79967189,17.37931371,28.31410291,63.71831564,0.84392077,0.165999994,761.6099854,6.920000076,0.086,75.72000122,263.7080078,116.5999985,60.95800018,560,2.003999949,24.80800056,24.71800041,7.763999939,5.495999813
1397,9.218527138,77.14318366,Pattanamtitta,1124,26.431128,113.5612288,18.01634553,29.3872638,60.45279305,0.85176885,0.165999994,761.6099854,6.920000076,0.086,75.72000122,263.7080078,116.5999985,60.95800018,560,2.003999949,24.80800056,24.71800041,7.763999939,5.495999813
1398,9.326795649,77.0386917,Pattanamtitta,278,20.689228,88.60743833,19.52746892,31.1752866,65.44540747,0.7602072,0.165999994,761.6099854,6.920000076,0.086,75.72000122,263.7080078,116.5999985,60.95800018,560,2.003999949,24.80800056,24.71800041,7.763999939,5.495999813
1399,9.213037387,77.18102889,Pattanamtitta,1230,19.74246,85.60555673,16.53926686,27.46277429,60.11926256,0.85714287,0.165999994,761.6099854,6.920000076,0.086,75.72000122,263.7080078,116.5999985,60.95800018,560,2.003999949,24.80800056,24.71800041,7.763999939,5.495999813
1400,9.187750178,77.18856683,Pattanamtitta,1284,9.704917,119.8610449,16.53926686,27.46277429,60.11926256,0.8444097,0.165999994,761.6099854,6.920000076,0.086,75.72000122,263.7080078,116.5999985,60.95800018,560,2.003999949,24.80800056,24.71800041,7.763999939,5.495999813
1401,9.137176433,77.13869381,Pattanamtitta,218,16.629274,97.69177675,19.71719434,31.74036165,58.41951578,0.71517545,0.165999994,761.6099854,6.920000076,0.086,75.72000122,263.7080078,116.5999985,60.95800018,560,2.003999949,24.80800056,24.71800041,7.763999939,5.495999813
1402,9.383322221,77.06795683,Pattanamtitta,237,9.837493,104.8234529,17.49148923,28.29098532,67.60418142,0.79590243,0.165999994,761.6099854,6.920000076,0.086,75.72000122,263.7080078,116.5999985,60.95800018,560,2.003999949,24.80800056,24.71800041,7.763999939,5.495999813
1403,9.422188873,77.18527616,Pattanamtitta,1188,10.467081,75.40121484,15.64892757,25.97105534,67.63304886,0.8750211,0.165999994,761.6099854,6.920000076,0.086,75.72000122,263.7080078,116.5999985,60.95800018,560,2.003999949,24.80800056,24.71800041,7.763999939,5.495999813
1404,9.242361036,77.14573005,Pattanamtitta,1084,4.666239,113.5612288,18.01634553,29.3872638,60.45279305,0.8537597,0.165999994,761.6099854,6.920000076,0.086,75.72000122,263.7080078,116.5999985,60.95800018,560,2.003999949,24.80800056,24.71800041,7.763999939,5.495999813
1405,9.351488331,77.07611278,Pattanamtitta,296,28.168392,104.8234529,17.49148923,28.29098532,67.60418142,0.7799272,0.165999994,761.6099854,6.920000076,0.086,75.72000122,263.7080078,116.5999985,60.95800018,560,2.003999949,24.80800056,24.71800041,7.763999939,5.495999813
1406,9.375880252,77.02347426,Pattanamtitta,571,25.751696,108.2279944,19.24964268,30.60316962,68.74898342,0.81298566,0.165999994,761.6099854,6.920000076,0.086,75.72000122,263.7080078,116.5999985,60.95800018,560,2.003999949,24.80800056,24.71800041,7.763999939,5.495999813
1407,9.341716204,77.10049342,Pattanamtitta,691,42.41982,110.0270133,17.37931371,28.31410291,63.71831564,0.7481862,0.165999994,761.6099854,6.920000076,0.086,75.72000122,263.7080078,116.5999985,60.95800018,560,2.003999949,24.80800056,24.71800041,7.763999939,5.495999813
1408,9.394579278,77.15441747,Pattanamtitta,1021,17.045658,66.67607832,15.64892757,25.97105534,67.63304886,0.6276368,0.165999994,761.6099854,6.920000076,0.086,75.72000122,263.7080078,116.5999985,60.95800018,560,2.003999949,24.80800056,24.71800041,7.763999939,5.495999813
1409,9.136758665,77.1550324,Pattanamtitta,276,14.680832,105.5875344,18.69114864,30.32586165,60.12097175,0.7541492,0.165999994,761.6099854,6.920000076,0.086,75.72000122,263.7080078,116.5999985,60.95800018,560,2.003999949,24.80800056,24.71800041,7.763999939,5.495999813
1410,9.336367051,77.11501996,Pattanamtitta,1028,0,110.0270133,17.37931371,28.31410291,63.71831564,0.8515231,0.165999994,761.6099854,6.920000076,0.086,75.72000122,263.7080078,116.5999985,60.95800018,560,2.003999949,24.80800056,24.71800041,7.763999939,5.495999813
1411,9.163053482,77.13137335,Pattanamtitta,772,20.160324,111.3352051,18.01634553,29.3872638,60.45279305,0.8405356,0.165999994,761.6099854,6.920000076,0.086,75.72000122,263.7080078,116.5999985,60.95800018,560,2.003999949,24.80800056,24.71800041,7.763999939,5.495999813
1412,9.355970401,77.1809179,Pattanamtitta,1183,11.283296,66.67607832,15.64892757,25.97105534,67.63304886,0.85977215,0.165999994,761.6099854,6.920000076,0.086,75.72000122,263.7080078,116.5999985,60.95800018,560,2.003999949,24.80800056,24.71800041,7.763999939,5.495999813
1413,9.35448048,77.06564424,Pattanamtitta,322,35.868916,104.8234529,17.49148923,28.29098532,67.60418142,0.7349679,0.165999994,761.6099854,6.920000076,0.086,75.72000122,263.7080078,116.5999985,60.95800018,560,2.003999949,24.80800056,24.71800041,7.763999939,5.495999813
1414,9.479259478,77.11399081,Pattanamtitta,1201,3.7559333,74.55023968,17.40980788,28.24035797,68.82938472,0.47281486,0.165999994,761.6099854,6.920000076,0.086,75.72000122,263.7080078,116.5999985,60.95800018,560,2.003999949,24.80800056,24.71800041,7.763999939,5.495999813
1415,9.351870015,77.19749461,Pattanamtitta,1204,8.834997,66.67607832,15.64892757,25.97105534,67.63304886,0.8841018,0.165999994,761.6099854,6.920000076,0.086,75.72000122,263.7080078,116.5999985,60.95800018,560,2.003999949,24.80800056,24.71800041,7.763999939,5.495999813
1416,9.22162426,76.62719149,Pattanamtitta,16,6.612994,65.8201766,22.66776718,31.43627319,70.77785593,0.55326253,0.153999999,838.9799805,4.671999931,0.09,63.04199982,220.4499969,125,79.72599792,758.5999756,2.079999924,22.16200066,9.048000336,6.375999928,5.952000141
1417,9.097541097,76.66695354,Pattanamtitta,23,2.934174,68.75081396,22.96975229,32.73934879,65.1709515,0.66756177,0.153999999,838.9799805,4.671999931,0.09,63.04199982,220.4499969,125,79.72599792,758.5999756,2.079999924,22.16200066,9.048000336,6.375999928,5.952000141
1418,9.08365603,76.68975588,Pattanamtitta,28,7.5061345,68.75081396,22.96975229,32.73934879,65.1709515,0.74786043,0.153999999,838.9799805,4.671999931,0.09,63.04199982,220.4499969,125,79.72599792,758.5999756,2.079999924,22.16200066,9.048000336,6.375999928,5.952000141
1419,9.154401171,76.66852672,Pattanamtitta,33,3.8647227,74.10474873,22.37003479,32.40330553,67.13528731,0.4676421,0.153999999,838.9799805,4.671999931,0.09,63.04199982,220.4499969,125,79.72599792,758.5999756,2.079999924,22.16200066,9.048000336,6.375999928,5.952000141
1420,9.138863999,76.66931904,Pattanamtitta,56,11.883978,75.46006775,22.96975229,32.73934879,65.1709515,0.46753573,0.153999999,838.9799805,4.671999931,0.09,63.04199982,220.4499969,125,79.72599792,758.5999756,2.079999924,22.16200066,9.048000336,6.375999928,5.952000141
1421,9.1898617,76.65674665,Pattanamtitta,28,7.0422125,74.10474873,22.37003479,32.40330553,67.13528731,0.6151114,0.153999999,838.9799805,4.671999931,0.09,63.04199982,220.4499969,125,79.72599792,758.5999756,2.079999924,22.16200066,9.048000336,6.375999928,5.952000141
1422,9.257628643,76.98983689,Pattanamtitta,463,9.2716465,95.84794235,19.52746892,31.1752866,65.44540747,0.6080013,0.158000007,788.2199707,5.754000187,0.09,71.30400085,222.5079956,120.4000015,69,715.7999878,2.279999971,21.35400009,8.876000404,6.032000065,5.84800005
1423,9.216888411,76.99097514,Pattanamtitta,390,7.9623313,97.2580781,19.78234279,31.64608391,62.28197909,0.6414627,0.158000007,788.2199707,5.754000187,0.09,71.30400085,222.5079956,120.4000015,69,715.7999878,2.279999971,21.35400009,8.876000404,6.032000065,5.84800005
1424,9.131865318,77.01384658,Pattanamtitta,152,27.385994,70.66132069,20.43203046,32.41197252,60.46806419,0.72725904,0.158000007,788.2199707,5.754000187,0.09,71.30400085,222.5079956,120.4000015,69,715.7999878,2.279999971,21.35400009,8.876000404,6.032000065,5.84800005
1425,9.145588097,77.05516742,Pattanamtitta,97,8.259511,74.25159788,19.71719434,31.74036165,58.41951578,0.7078353,0.158000007,788.2199707,5.754000187,0.09,71.30400085,222.5079956,120.4000015,69,715.7999878,2.279999971,21.35400009,8.876000404,6.032000065,5.84800005
1426,9.157191454,77.0053189,Pattanamtitta,188,18.017956,101.6668921,19.78234279,31.64608391,62.28197909,0.70719844,0.158000007,788.2199707,5.754000187,0.09,71.30400085,222.5079956,120.4000015,69,715.7999878,2.279999971,21.35400009,8.876000404,6.032000065,5.84800005
1427,9.35675112,76.70059779,Pattanamtitta,18,1.3203099,74.63676763,21.7833041,31.99145529,70.73065202,0.5506858,0.170000002,809.7800293,5.820000172,0.096,67.95800018,249.2779999,118.8000031,70.62400055,722.5999756,2.203999996,26.12599945,16.40600014,6.559999943,5.906000137
1428,9.404177257,76.72561843,Pattanamtitta,115,2.639401,69.01754904,21.7833041,31.99145529,70.73065202,0.62561285,0.170000002,809.7800293,5.820000172,0.096,67.95800018,249.2779999,118.8000031,70.62400055,722.5999756,2.203999996,26.12599945,16.40600014,6.559999943,5.906000137
1429,9.339616708,76.76375027,Pattanamtitta,35,5.948636,75.27707052,21.07898154,32.26173711,67.14159131,0.860247,0.170000002,809.7800293,5.820000172,0.096,67.95800018,249.2779999,118.8000031,70.62400055,722.5999756,2.203999996,26.12599945,16.40600014,6.559999943,5.906000137
1430,9.338806313,76.88628733,Pattanamtitta,153,10.002298,68.9647851,20.44627086,32.17046351,66.34035809,0.6799546,0.170000002,809.7800293,5.820000172,0.096,67.95800018,249.2779999,118.8000031,70.62400055,722.5999756,2.203999996,26.12599945,16.40600014,6.559999943,5.906000137
1431,9.210095162,76.80184808,Pattanamtitta,154,21.496244,84.28948069,21.92802819,33.02873514,63.88619436,0.74276316,0.170000002,809.7800293,5.820000172,0.096,67.95800018,249.2779999,118.8000031,70.62400055,722.5999756,2.203999996,26.12599945,16.40600014,6.559999943,5.906000137
1432,9.37786059,76.86763781,Pattanamtitta,293,21.651209,89.68447971,20.19784172,31.74939223,69.4542368,0.6248722,0.170000002,809.7800293,5.820000172,0.096,67.95800018,249.2779999,118.8000031,70.62400055,722.5999756,2.203999996,26.12599945,16.40600014,6.559999943,5.906000137
1433,9.139067786,76.96863963,Pattanamtitta,55,15.033431,77.62434721,20.43203046,32.41197252,60.46806419,0.6218257,0.170000002,809.7800293,5.820000172,0.096,67.95800018,249.2779999,118.8000031,70.62400055,722.5999756,2.203999996,26.12599945,16.40600014,6.559999943,5.906000137
1434,9.223272611,76.88475118,Pattanamtitta,77,20.514662,80.58636332,21.09672567,32.7889096,62.75046204,0.41884458,0.170000002,809.7800293,5.820000172,0.096,67.95800018,249.2779999,118.8000031,70.62400055,722.5999756,2.203999996,26.12599945,16.40600014,6.559999943,5.906000137
1435,9.339644157,76.81820354,Pattanamtitta,141,5.948636,83.69010973,21.07898154,32.26173711,67.14159131,0.6397406,0.170000002,809.7800293,5.820000172,0.096,67.95800018,249.2779999,118.8000031,70.62400055,722.5999756,2.203999996,26.12599945,16.40600014,6.559999943,5.906000137
1436,9.209620206,76.78856634,Pattanamtitta,49,2.0946941,81.00363302,21.92802819,33.02873514,63.88619436,0.73589665,0.170000002,809.7800293,5.820000172,0.096,67.95800018,249.2779999,118.8000031,70.62400055,722.5999756,2.203999996,26.12599945,16.40600014,6.559999943,5.906000137
1437,9.155900828,76.90406045,Pattanamtitta,246,9.48829,81.48033142,21.09672567,32.7889096,62.75046204,0.54372126,0.170000002,809.7800293,5.820000172,0.096,67.95800018,249.2779999,118.8000031,70.62400055,722.5999756,2.203999996,26.12599945,16.40600014,6.559999943,5.906000137
1438,9.319796958,76.92752432,Pattanamtitta,107,10.509109,85.21239281,20.44627086,32.17046351,66.34035809,0.62641287,0.170000002,809.7800293,5.820000172,0.096,67.95800018,249.2779999,118.8000031,70.62400055,722.5999756,2.203999996,26.12599945,16.40600014,6.559999943,5.906000137
1439,9.387591203,76.78289044,Pattanamtitta,28,2.6393366,66.08511615,20.89418025,32.15404347,70.04952216,0.45589536,0.170000002,809.7800293,5.820000172,0.096,67.95800018,249.2779999,118.8000031,70.62400055,722.5999756,2.203999996,26.12599945,16.40600014,6.559999943,5.906000137
1440,9.108745037,76.78276756,Pattanamtitta,55,15.816917,78.49009705,22.46353512,33.40426446,62.12400633,0.8396524,0.170000002,809.7800293,5.820000172,0.096,67.95800018,249.2779999,118.8000031,70.62400055,722.5999756,2.203999996,26.12599945,16.40600014,6.559999943,5.906000137
1441,9.309072933,76.85223205,Pattanamtitta,198,7.244852,68.9647851,20.44627086,32.17046351,66.34035809,0.5931249,0.170000002,809.7800293,5.820000172,0.096,67.95800018,249.2779999,118.8000031,70.62400055,722.5999756,2.203999996,26.12599945,16.40600014,6.559999943,5.906000137
1442,9.193352352,76.84833984,Pattanamtitta,52,3.865121,85.94011879,21.92802819,33.02873514,63.88619436,0.66768855,0.170000002,809.7800293,5.820000172,0.096,67.95800018,249.2779999,118.8000031,70.62400055,722.5999756,2.203999996,26.12599945,16.40600014,6.559999943,5.906000137
1443,9.224119678,76.7930265,Pattanamtitta,28,9.241403,81.00363302,21.92802819,33.02873514,63.88619436,0.7850492,0.170000002,809.7800293,5.820000172,0.096,67.95800018,249.2779999,118.8000031,70.62400055,722.5999756,2.203999996,26.12599945,16.40600014,6.559999943,5.906000137
1444,9.262672323,76.68650929,Pattanamtitta,46,4.9911814,56.36179852,22.07538599,31.95863916,69.77247846,0.71518654,0.170000002,809.7800293,5.820000172,0.096,67.95800018,249.2779999,118.8000031,70.62400055,722.5999756,2.203999996,26.12599945,16.40600014,6.559999943,5.906000137
1445,9.244551333,76.68391804,Pattanamtitta,24,12.976749,70.54705548,22.37003479,32.40330553,67.13528731,0.51662564,0.170000002,809.7800293,5.820000172,0.096,67.95800018,249.2779999,118.8000031,70.62400055,722.5999756,2.203999996,26.12599945,16.40600014,6.559999943,5.906000137
1446,9.107262078,76.82641254,Pattanamtitta,76,14.769007,79.85584068,22.46353512,33.40426446,62.12400633,0.82265764,0.170000002,809.7800293,5.820000172,0.096,67.95800018,249.2779999,118.8000031,70.62400055,722.5999756,2.203999996,26.12599945,16.40600014,6.559999943,5.906000137
1447,9.237741268,76.69397951,Pattanamtitta,27,11.770404,70.54705548,22.37003479,32.40330553,67.13528731,0.40603602,0.170000002,809.7800293,5.820000172,0.096,67.95800018,249.2779999,118.8000031,70.62400055,722.5999756,2.203999996,26.12599945,16.40600014,6.559999943,5.906000137
1448,9.238304576,76.86535641,Pattanamtitta,94,6.718243,80.58636332,21.09672567,32.7889096,62.75046204,0.83801323,0.170000002,809.7800293,5.820000172,0.096,67.95800018,249.2779999,118.8000031,70.62400055,722.5999756,2.203999996,26.12599945,16.40600014,6.559999943,5.906000137
1449,9.342335285,76.71474171,Pattanamtitta,33,4.6497574,75.03614879,22.07538599,31.95863916,69.77247846,0.60562956,0.170000002,809.7800293,5.820000172,0.096,67.95800018,249.2779999,118.8000031,70.62400055,722.5999756,2.203999996,26.12599945,16.40600014,6.559999943,5.906000137
1450,9.09891622,76.7094898,Pattanamtitta,48,5.8530407,73.44976234,22.96975229,32.73934879,65.1709515,0.4876749,0.170000002,809.7800293,5.820000172,0.096,67.95800018,249.2779999,118.8000031,70.62400055,722.5999756,2.203999996,26.12599945,16.40600014,6.559999943,5.906000137
1451,9.238779516,76.83578228,Pattanamtitta,55,8.593159,84.28948069,21.92802819,33.02873514,63.88619436,0.6339301,0.170000002,809.7800293,5.820000172,0.096,67.95800018,249.2779999,118.8000031,70.62400055,722.5999756,2.203999996,26.12599945,16.40600014,6.559999943,5.906000137
1452,9.305632804,76.89434613,Pattanamtitta,139,20.439413,68.9647851,20.44627086,32.17046351,66.34035809,0.85716593,0.170000002,809.7800293,5.820000172,0.096,67.95800018,249.2779999,118.8000031,70.62400055,722.5999756,2.203999996,26.12599945,16.40600014,6.559999943,5.906000137
1453,9.302067896,76.93740843,Pattanamtitta,290,10.001408,85.21239281,20.44627086,32.17046351,66.34035809,0.66890675,0.170000002,809.7800293,5.820000172,0.096,67.95800018,249.2779999,118.8000031,70.62400055,722.5999756,2.203999996,26.12599945,16.40600014,6.559999943,5.906000137
1454,9.178806669,76.89553998,Pattanamtitta,201,4.9910145,69.72831488,21.09672567,32.7889096,62.75046204,0.7029145,0.170000002,809.7800293,5.820000172,0.096,67.95800018,249.2779999,118.8000031,70.62400055,722.5999756,2.203999996,26.12599945,16.40600014,6.559999943,5.906000137
1455,9.213132965,76.97302418,Pattanamtitta,448,23.569546,97.2580781,19.78234279,31.64608391,62.28197909,0.7422941,0.170000002,809.7800293,5.820000172,0.096,67.95800018,249.2779999,118.8000031,70.62400055,722.5999756,2.203999996,26.12599945,16.40600014,6.559999943,5.906000137
1456,9.323868178,76.92432059,Pattanamtitta,115,13.481244,85.21239281,20.44627086,32.17046351,66.34035809,0.69901615,0.170000002,809.7800293,5.820000172,0.096,67.95800018,249.2779999,118.8000031,70.62400055,722.5999756,2.203999996,26.12599945,16.40600014,6.559999943,5.906000137
1457,9.374507843,76.64923574,Pattanamtitta,24,10.36746,62.89165688,22.23851797,31.70804143,71.91911496,0.6332834,0.170000002,809.7800293,5.820000172,0.096,67.95800018,249.2779999,118.8000031,70.62400055,722.5999756,2.203999996,26.12599945,16.40600014,6.559999943,5.906000137
1458,9.158588711,76.70837038,Pattanamtitta,40,0.93938357,74.89778543,22.37003479,32.40330553,67.13528731,0.7582307,0.170000002,809.7800293,5.820000172,0.096,67.95800018,249.2779999,118.8000031,70.62400055,722.5999756,2.203999996,26.12599945,16.40600014,6.559999943,5.906000137
1459,9.179988706,76.96998436,Pattanamtitta,251,11.96157,84.19669247,19.78234279,31.64608391,62.28197909,0.6955134,0.170000002,809.7800293,5.820000172,0.096,67.95800018,249.2779999,118.8000031,70.62400055,722.5999756,2.203999996,26.12599945,16.40600014,6.559999943,5.906000137
1460,9.188720244,76.96127881,Pattanamtitta,114,20.832827,84.19669247,19.78234279,31.64608391,62.28197909,0.7214771,0.170000002,809.7800293,5.820000172,0.096,67.95800018,249.2779999,118.8000031,70.62400055,722.5999756,2.203999996,26.12599945,16.40600014,6.559999943,5.906000137
1461,9.202987104,76.73760042,Pattanamtitta,30,3.821418,75.89505863,22.37003479,32.40330553,67.13528731,0.7949394,0.170000002,809.7800293,5.820000172,0.096,67.95800018,249.2779999,118.8000031,70.62400055,722.5999756,2.203999996,26.12599945,16.40600014,6.559999943,5.906000137
1462,9.374323593,76.91678934,Pattanamtitta,502,9.491945,96.37076521,20.19784172,31.74939223,69.4542368,0.7272585,0.170000002,809.7800293,5.820000172,0.096,67.95800018,249.2779999,118.8000031,70.62400055,722.5999756,2.203999996,26.12599945,16.40600014,6.559999943,5.906000137
1463,9.335910213,76.80847286,Pattanamtitta,178,1.3202693,83.69010973,21.07898154,32.26173711,67.14159131,0.74876034,0.170000002,809.7800293,5.820000172,0.096,67.95800018,249.2779999,118.8000031,70.62400055,722.5999756,2.203999996,26.12599945,16.40600014,6.559999943,5.906000137
1464,9.172955294,76.89078213,Pattanamtitta,144,16.330458,69.72831488,21.09672567,32.7889096,62.75046204,0.68277574,0.170000002,809.7800293,5.820000172,0.096,67.95800018,249.2779999,118.8000031,70.62400055,722.5999756,2.203999996,26.12599945,16.40600014,6.559999943,5.906000137
1465,9.246252805,76.92785852,Pattanamtitta,184,17.13594,93.4492712,21.09672567,32.7889096,62.75046204,0.461204,0.170000002,809.7800293,5.820000172,0.096,67.95800018,249.2779999,118.8000031,70.62400055,722.5999756,2.203999996,26.12599945,16.40600014,6.559999943,5.906000137
1466,9.17930976,76.6853809,Pattanamtitta,59,7.473502,74.10474873,22.37003479,32.40330553,67.13528731,0.7756906,0.170000002,809.7800293,5.820000172,0.096,67.95800018,249.2779999,118.8000031,70.62400055,722.5999756,2.203999996,26.12599945,16.40600014,6.559999943,5.906000137
1467,9.12396058,76.83438448,Pattanamtitta,107,1.8780793,79.85584068,22.46353512,33.40426446,62.12400633,0.80598503,0.170000002,809.7800293,5.820000172,0.096,67.95800018,249.2779999,118.8000031,70.62400055,722.5999756,2.203999996,26.12599945,16.40600014,6.559999943,5.906000137
1468,9.291906355,76.66501948,Pattanamtitta,12,3.821476,56.36179852,22.07538599,31.95863916,69.77247846,0.35389647,0.170000002,809.7800293,5.820000172,0.096,67.95800018,249.2779999,118.8000031,70.62400055,722.5999756,2.203999996,26.12599945,16.40600014,6.559999943,5.906000137
1469,9.122169967,76.71251944,Pattanamtitta,53,7.5283666,74.92335033,22.96975229,32.73934879,65.1709515,0.6493668,0.170000002,809.7800293,5.820000172,0.096,67.95800018,249.2779999,118.8000031,70.62400055,722.5999756,2.203999996,26.12599945,16.40600014,6.559999943,5.906000137
1470,9.254687261,76.6654758,Pattanamtitta,27,3.865753,56.36179852,22.07538599,31.95863916,69.77247846,0.69424886,0.170000002,809.7800293,5.820000172,0.096,67.95800018,249.2779999,118.8000031,70.62400055,722.5999756,2.203999996,26.12599945,16.40600014,6.559999943,5.906000137
1471,9.350409767,76.75676211,Pattanamtitta,59,13.6865225,66.08511615,20.89418025,32.15404347,70.04952216,0.8066667,0.170000002,809.7800293,5.820000172,0.096,67.95800018,249.2779999,118.8000031,70.62400055,722.5999756,2.203999996,26.12599945,16.40600014,6.559999943,5.906000137
1472,9.236008525,76.9204314,Pattanamtitta,155,26.934923,93.4492712,21.09672567,32.7889096,62.75046204,0.3858666,0.170000002,809.7800293,5.820000172,0.096,67.95800018,249.2779999,118.8000031,70.62400055,722.5999756,2.203999996,26.12599945,16.40600014,6.559999943,5.906000137
1473,9.420425183,76.85708028,Pattanamtitta,179,9.838087,81.2028532,20.19784172,31.74939223,69.4542368,0.7819383,0.170000002,809.7800293,5.820000172,0.096,67.95800018,249.2779999,118.8000031,70.62400055,722.5999756,2.203999996,26.12599945,16.40600014,6.559999943,5.906000137
1474,9.189833876,76.81649812,Pattanamtitta,114,12.023281,85.94011879,21.92802819,33.02873514,63.88619436,0.7006589,0.170000002,809.7800293,5.820000172,0.096,67.95800018,249.2779999,118.8000031,70.62400055,722.5999756,2.203999996,26.12599945,16.40600014,6.559999943,5.906000137
1475,9.1885623,76.97300289,Pattanamtitta,103,4.6273675,84.19669247,19.78234279,31.64608391,62.28197909,0.73404926,0.170000002,809.7800293,5.820000172,0.096,67.95800018,249.2779999,118.8000031,70.62400055,722.5999756,2.203999996,26.12599945,16.40600014,6.559999943,5.906000137
1476,9.17838847,76.86223345,Pattanamtitta,55,4.1514,69.72831488,21.09672567,32.7889096,62.75046204,0.80277646,0.170000002,809.7800293,5.820000172,0.096,67.95800018,249.2779999,118.8000031,70.62400055,722.5999756,2.203999996,26.12599945,16.40600014,6.559999943,5.906000137
1477,9.313572903,76.74340091,Pattanamtitta,57,20.292707,75.03614879,22.07538599,31.95863916,69.77247846,0.751517,0.170000002,809.7800293,5.820000172,0.096,67.95800018,249.2779999,118.8000031,70.62400055,722.5999756,2.203999996,26.12599945,16.40600014,6.559999943,5.906000137
1478,9.269636578,76.9694206,Pattanamtitta,209,21.552828,95.84794235,19.52746892,31.1752866,65.44540747,0.51630306,0.170000002,809.7800293,5.820000172,0.096,67.95800018,249.2779999,118.8000031,70.62400055,722.5999756,2.203999996,26.12599945,16.40600014,6.559999943,5.906000137
1479,9.38291261,76.81588639,Pattanamtitta,150,7.4371886,79.22056532,20.89418025,32.15404347,70.04952216,0.7454377,0.170000002,809.7800293,5.820000172,0.096,67.95800018,249.2779999,118.8000031,70.62400055,722.5999756,2.203999996,26.12599945,16.40600014,6.559999943,5.906000137
1480,9.437425658,76.85324273,Pattanamtitta,136,5.547545,81.2028532,20.19784172,31.74939223,69.4542368,0.68930894,0.170000002,809.7800293,5.820000172,0.096,67.95800018,249.2779999,118.8000031,70.62400055,722.5999756,2.203999996,26.12599945,16.40600014,6.559999943,5.906000137
1481,9.208210413,76.9188484,Pattanamtitta,130,29.525654,93.4492712,21.09672567,32.7889096,62.75046204,0.2934384,0.170000002,809.7800293,5.820000172,0.096,67.95800018,249.2779999,118.8000031,70.62400055,722.5999756,2.203999996,26.12599945,16.40600014,6.559999943,5.906000137
1482,9.149531315,76.74935408,Pattanamtitta,44,4.6488304,74.92335033,22.96975229,32.73934879,65.1709515,0.47772548,0.170000002,809.7800293,5.820000172,0.096,67.95800018,249.2779999,118.8000031,70.62400055,722.5999756,2.203999996,26.12599945,16.40600014,6.559999943,5.906000137
1483,9.271272911,76.76694881,Pattanamtitta,30,0.92740995,77.73932385,21.07898154,32.26173711,67.14159131,0.72987854,0.170000002,809.7800293,5.820000172,0.096,67.95800018,249.2779999,118.8000031,70.62400055,722.5999756,2.203999996,26.12599945,16.40600014,6.559999943,5.906000137
1484,9.137027376,76.74746434,Pattanamtitta,76,0.92740995,74.92335033,22.96975229,32.73934879,65.1709515,0.63384867,0.170000002,809.7800293,5.820000172,0.096,67.95800018,249.2779999,118.8000031,70.62400055,722.5999756,2.203999996,26.12599945,16.40600014,6.559999943,5.906000137
1485,9.185222918,76.69586502,Pattanamtitta,34,9.490736,74.10474873,22.37003479,32.40330553,67.13528731,0.6978968,0.170000002,809.7800293,5.820000172,0.096,67.95800018,249.2779999,118.8000031,70.62400055,722.5999756,2.203999996,26.12599945,16.40600014,6.559999943,5.906000137
1486,9.414195496,76.83328677,Pattanamtitta,103,12.376364,81.96861601,20.89418025,32.15404347,70.04952216,0.70702255,0.170000002,809.7800293,5.820000172,0.096,67.95800018,249.2779999,118.8000031,70.62400055,722.5999756,2.203999996,26.12599945,16.40600014,6.559999943,5.906000137
1487,9.155496802,77.05723087,Pattanamtitta,328,33.777996,107.638926,18.01634553,29.3872638,60.45279305,0.7234395,0.173999995,787.0200195,6.265999794,0.1,73.52999878,241.7700043,118.1999969,64.62000275,647,2.20600009,24.01799965,16.05999947,6.843999863,5.639999866
1488,9.172862968,77.05259293,Pattanamtitta,821,28.81107,107.638926,18.01634553,29.3872638,60.45279305,0.8398862,0.173999995,787.0200195,6.265999794,0.1,73.52999878,241.7700043,118.1999969,64.62000275,647,2.20600009,24.01799965,16.05999947,6.843999863,5.639999866
1489,9.104239029,77.09165623,Pattanamtitta,72,4.7209167,74.25159788,19.71719434,31.74036165,58.41951578,0.6795947,0.173999995,787.0200195,6.265999794,0.1,73.52999878,241.7700043,118.1999969,64.62000275,647,2.20600009,24.01799965,16.05999947,6.843999863,5.639999866
1490,9.193832698,77.08130639,Pattanamtitta,361,30.932058,107.638926,18.01634553,29.3872638,60.45279305,0.7968419,0.173999995,787.0200195,6.265999794,0.1,73.52999878,241.7700043,118.1999969,64.62000275,647,2.20600009,24.01799965,16.05999947,6.843999863,5.639999866
1491,9.122685411,77.12251135,Pattanamtitta,398,25.485788,97.69177675,19.71719434,31.74036165,58.41951578,0.66531044,0.173999995,787.0200195,6.265999794,0.1,73.52999878,241.7700043,118.1999969,64.62000275,647,2.20600009,24.01799965,16.05999947,6.843999863,5.639999866
1492,9.251290289,77.01997922,Pattanamtitta,472,12.430913,101.5611811,19.52746892,31.1752866,65.44540747,0.8112758,0.173999995,787.0200195,6.265999794,0.1,73.52999878,241.7700043,118.1999969,64.62000275,647,2.20600009,24.01799965,16.05999947,6.843999863,5.639999866
1493,9.134664358,77.1084735,Pattanamtitta,224,20.969246,97.69177675,19.71719434,31.74036165,58.41951578,0.6435768,0.173999995,787.0200195,6.265999794,0.1,73.52999878,241.7700043,118.1999969,64.62000275,647,2.20600009,24.01799965,16.05999947,6.843999863,5.639999866
1494,9.099815048,76.57052183,Kollam,15,3.7518785,60.57559299,23.51760254,31.84999316,67.88528204,0.50567627,0.128000006,840.9799805,5.257999897,0.068,67.2460022,171.8300018,116,82.48400116,769,2.069999933,17.78199959,9.657999992,6.147999763,5.748000145
1495,8.994871298,76.54177328,Kollam,15,3.3531494,49.8855772,23.70000821,30.74688979,71.54235451,0.6284222,0.128000006,840.9799805,5.257999897,0.068,67.2460022,171.8300018,116,82.48400116,769,2.069999933,17.78199959,9.657999992,6.147999763,5.748000145
1496,9.01663514,76.54586382,Kollam,12,2.7802885,54.60754442,23.70000821,30.74688979,71.54235451,0.62305,0.128000006,840.9799805,5.257999897,0.068,67.2460022,171.8300018,116,82.48400116,769,2.069999933,17.78199959,9.657999992,6.147999763,5.748000145
1497,8.911492696,76.64196751,Kollam,23,1.876975,59.17871714,23.67561151,31.34762358,67.47393087,0.57495004,0.128000006,840.9799805,5.257999897,0.068,67.2460022,171.8300018,116,82.48400116,769,2.069999933,17.78199959,9.657999992,6.147999763,5.748000145
1498,9.022102834,76.51725525,Kollam,8,2.078243,54.60754442,23.70000821,30.74688979,71.54235451,0.047524534,0.128000006,840.9799805,5.257999897,0.068,67.2460022,171.8300018,116,82.48400116,769,2.069999933,17.78199959,9.657999992,6.147999763,5.748000145
1499,8.857203351,76.63080404,Kollam,21,0,55.13182306,23.67561151,31.34762358,67.47393087,0.30938587,0.128000006,840.9799805,5.257999897,0.068,67.2460022,171.8300018,116,82.48400116,769,2.069999933,17.78199959,9.657999992,6.147999763,5.748000145
1500,8.885824809,76.63737239,Kollam,11,2.0780842,55.13182306,23.67561151,31.34762358,67.47393087,0.30224755,0.128000006,840.9799805,5.257999897,0.068,67.2460022,171.8300018,116,82.48400116,769,2.069999933,17.78199959,9.657999992,6.147999763,5.748000145
1501,8.985755745,76.61589876,Kollam,0,4.774728,60.09877348,23.14072439,31.5905606,68.97665013,0.72337776,0.128000006,840.9799805,5.257999897,0.068,67.2460022,171.8300018,116,82.48400116,769,2.069999933,17.78199959,9.657999992,6.147999763,5.748000145
1502,8.916850051,76.55687105,Kollam,12,0.92740995,52.64886785,23.67561151,31.34762358,67.47393087,0.3401124,0.128000006,840.9799805,5.257999897,0.068,67.2460022,171.8300018,116,82.48400116,769,2.069999933,17.78199959,9.657999992,6.147999763,5.748000145
1503,8.896477256,76.65030016,Kollam,25,5.6897864,58.73226786,23.27431535,32.03548479,65.77838229,0.41700658,0.128000006,840.9799805,5.257999897,0.068,67.2460022,171.8300018,116,82.48400116,769,2.069999933,17.78199959,9.657999992,6.147999763,5.748000145
1504,9.032574558,76.63068169,Kollam,13,2.09386,61.76597261,23.14072439,31.5905606,68.97665013,0.30734935,0.128000006,840.9799805,5.257999897,0.068,67.2460022,171.8300018,116,82.48400116,769,2.069999933,17.78199959,9.657999992,6.147999763,5.748000145
1505,9.029200258,76.55045804,Kollam,18,2.0782511,56.11790609,23.14072439,31.5905606,68.97665013,0.2347925,0.128000006,840.9799805,5.257999897,0.068,67.2460022,171.8300018,116,82.48400116,769,2.069999933,17.78199959,9.657999992,6.147999763,5.748000145
1506,9.078283335,76.54450473,Kollam,19,2.638165,60.44146395,23.40456885,31.07205063,71.7552182,0.4338312,0.128000006,840.9799805,5.257999897,0.068,67.2460022,171.8300018,116,82.48400116,769,2.069999933,17.78199959,9.657999992,6.147999763,5.748000145
1507,8.91177482,76.63956119,Kollam,15,6.543175,59.17871714,23.67561151,31.34762358,67.47393087,0.56490165,0.128000006,840.9799805,5.257999897,0.068,67.2460022,171.8300018,116,82.48400116,769,2.069999933,17.78199959,9.657999992,6.147999763,5.748000145
1508,8.977089168,76.55164027,Kollam,13,0.9389091,53.59560466,23.14072439,31.5905606,68.97665013,0.6901362,0.128000006,840.9799805,5.257999897,0.068,67.2460022,171.8300018,116,82.48400116,769,2.069999933,17.78199959,9.657999992,6.147999763,5.748000145
1509,8.883559747,76.64901683,Kollam,7,2.8139915,55.13182306,23.67561151,31.34762358,67.47393087,0.49526626,0.128000006,840.9799805,5.257999897,0.068,67.2460022,171.8300018,116,82.48400116,769,2.069999933,17.78199959,9.657999992,6.147999763,5.748000145
1510,8.97398989,76.52685927,Kollam,5,9.150743,49.8855772,23.70000821,30.74688979,71.54235451,0.002697655,0.128000006,840.9799805,5.257999897,0.068,67.2460022,171.8300018,116,82.48400116,769,2.069999933,17.78199959,9.657999992,6.147999763,5.748000145
1511,9.036677024,76.55478799,Kollam,12,2.0938783,56.11790609,23.14072439,31.5905606,68.97665013,0.7798923,0.128000006,840.9799805,5.257999897,0.068,67.2460022,171.8300018,116,82.48400116,769,2.069999933,17.78199959,9.657999992,6.147999763,5.748000145
1512,8.914910606,76.5739578,Kollam,18,1.3194811,52.64886785,23.67561151,31.34762358,67.47393087,0.74947256,0.128000006,840.9799805,5.257999897,0.068,67.2460022,171.8300018,116,82.48400116,769,2.069999933,17.78199959,9.657999992,6.147999763,5.748000145
1513,9.10984347,76.59988985,Kollam,11,6.213304,67.79407787,23.51760254,31.84999316,67.88528204,0.7435056,0.128000006,840.9799805,5.257999897,0.068,67.2460022,171.8300018,116,82.48400116,769,2.069999933,17.78199959,9.657999992,6.147999763,5.748000145
1514,9.055502104,76.62088578,Kollam,16,3.7047918,66.43711901,23.51760254,31.84999316,67.88528204,0.65833336,0.128000006,840.9799805,5.257999897,0.068,67.2460022,171.8300018,116,82.48400116,769,2.069999933,17.78199959,9.657999992,6.147999763,5.748000145
1515,8.935777974,76.64719046,Kollam,28,4.7208304,59.17871714,23.67561151,31.34762358,67.47393087,0.5862439,0.128000006,840.9799805,5.257999897,0.068,67.2460022,171.8300018,116,82.48400116,769,2.069999933,17.78199959,9.657999992,6.147999763,5.748000145
1516,9.062758811,77.18084063,Kollam,403,24.224646,121.5342593,18.69114864,30.32586165,60.12097175,0.802686,0.165999994,761.6099854,6.920000076,0.086,75.72000122,263.7080078,116.5999985,60.95800018,560,2.003999949,24.80800056,24.71800041,7.763999939,5.495999813
1517,9.100413336,76.48257376,Kollam,7,2.6382477,61.39920235,23.40456885,31.07205063,71.7552182,0.5636124,0.122000001,850.5200195,4.958000183,0.09,66.96600342,144.0899963,119.5999985,67.52999878,770.4000244,2.160000086,22.68400002,8.758000374,4.978000164,5.68200016
1518,9.094262276,76.49024132,Kollam,6,3.821348,57.54577303,23.40456885,31.07205063,71.7552182,0.4519206,0.122000001,850.5200195,4.958000183,0.09,66.96600342,144.0899963,119.5999985,67.52999878,770.4000244,2.160000086,22.68400002,8.758000374,4.978000164,5.68200016
1519,9.111755261,76.48141376,Kollam,4,1.3198452,61.39920235,23.40456885,31.07205063,71.7552182,0.5840154,0.122000001,850.5200195,4.958000183,0.09,66.96600342,144.0899963,119.5999985,67.52999878,770.4000244,2.160000086,22.68400002,8.758000374,4.978000164,5.68200016
1520,8.9235897,76.71271607,Kollam,40,2.0781279,67.10294628,23.27431535,32.03548479,65.77838229,0.5699968,0.153999999,838.9799805,4.671999931,0.09,63.04199982,220.4499969,125,79.72599792,758.5999756,2.079999924,22.16200066,9.048000336,6.375999928,5.952000141
1521,9.060696196,76.70209481,Kollam,16,5.4420586,73.44976234,22.96975229,32.73934879,65.1709515,0.77097505,0.153999999,838.9799805,4.671999931,0.09,63.04199982,220.4499969,125,79.72599792,758.5999756,2.079999924,22.16200066,9.048000336,6.375999928,5.952000141
1522,8.935407547,76.67772665,Kollam,37,7.457979,60.48831797,23.27431535,32.03548479,65.77838229,0.4672282,0.153999999,838.9799805,4.671999931,0.09,63.04199982,220.4499969,125,79.72599792,758.5999756,2.079999924,22.16200066,9.048000336,6.375999928,5.952000141
1523,8.960582516,76.68918462,Kollam,34,5.440951,64.69967127,23.15425262,32.33661515,66.1256248,0.68218255,0.153999999,838.9799805,4.671999931,0.09,63.04199982,220.4499969,125,79.72599792,758.5999756,2.079999924,22.16200066,9.048000336,6.375999928,5.952000141
1524,8.859989713,76.76529425,Kollam,38,13.041941,68.75942707,22.90598397,32.46026054,62.94760834,0.5641548,0.153999999,838.9799805,4.671999931,0.09,63.04199982,220.4499969,125,79.72599792,758.5999756,2.079999924,22.16200066,9.048000336,6.375999928,5.952000141
1525,8.871848664,76.6862746,Kollam,28,3.8618808,58.73226786,23.27431535,32.03548479,65.77838229,0.37161958,0.153999999,838.9799805,4.671999931,0.09,63.04199982,220.4499969,125,79.72599792,758.5999756,2.079999924,22.16200066,9.048000336,6.375999928,5.952000141
1526,8.887401768,76.72051944,Kollam,21,2.637464,65.22933578,23.27431535,32.03548479,65.77838229,0.6369119,0.153999999,838.9799805,4.671999931,0.09,63.04199982,220.4499969,125,79.72599792,758.5999756,2.079999924,22.16200066,9.048000336,6.375999928,5.952000141
1527,8.901652686,76.74618246,Kollam,53,2.81413,67.10294628,23.27431535,32.03548479,65.77838229,0.7938089,0.153999999,838.9799805,4.671999931,0.09,63.04199982,220.4499969,125,79.72599792,758.5999756,2.079999924,22.16200066,9.048000336,6.375999928,5.952000141
1528,9.022112729,76.6907365,Kollam,8,6.2129974,63.99862766,23.15425262,32.33661515,66.1256248,0.6853505,0.153999999,838.9799805,4.671999931,0.09,63.04199982,220.4499969,125,79.72599792,758.5999756,2.079999924,22.16200066,9.048000336,6.375999928,5.952000141
1529,8.993015743,76.6591235,Kollam,32,1.3196244,64.69967127,23.15425262,32.33661515,66.1256248,0.63041353,0.153999999,838.9799805,4.671999931,0.09,63.04199982,220.4499969,125,79.72599792,758.5999756,2.079999924,22.16200066,9.048000336,6.375999928,5.952000141
1530,8.863257572,76.7188391,Kollam,42,1.8543341,65.22933578,23.27431535,32.03548479,65.77838229,0.6148909,0.153999999,838.9799805,4.671999931,0.09,63.04199982,220.4499969,125,79.72599792,758.5999756,2.079999924,22.16200066,9.048000336,6.375999928,5.952000141
1531,8.854220403,76.72026519,Kollam,36,4.6630044,65.22933578,23.27431535,32.03548479,65.77838229,0.38373426,0.153999999,838.9799805,4.671999931,0.09,63.04199982,220.4499969,125,79.72599792,758.5999756,2.079999924,22.16200066,9.048000336,6.375999928,5.952000141
1532,8.800443348,76.75222206,Kollam,49,1.3192729,64.43987226,23.18159953,31.7420638,64.30044497,0.76293105,0.153999999,838.9799805,4.671999931,0.09,63.04199982,220.4499969,125,79.72599792,758.5999756,2.079999924,22.16200066,9.048000336,6.375999928,5.952000141
1533,8.903325147,76.70095597,Kollam,41,2.7802885,67.10294628,23.27431535,32.03548479,65.77838229,0.379081,0.153999999,838.9799805,4.671999931,0.09,63.04199982,220.4499969,125,79.72599792,758.5999756,2.079999924,22.16200066,9.048000336,6.375999928,5.952000141
1534,9.102960881,77.04504315,Kollam,214,3.3698132,70.66132069,20.43203046,32.41197252,60.46806419,0.72921705,0.158000007,788.2199707,5.754000187,0.09,71.30400085,222.5079956,120.4000015,69,715.7999878,2.279999971,21.35400009,8.876000404,6.032000065,5.84800005
1535,9.08583936,77.05822175,Kollam,185,6.5315866,85.82796526,19.71719434,31.74036165,58.41951578,0.7828613,0.158000007,788.2199707,5.754000187,0.09,71.30400085,222.5079956,120.4000015,69,715.7999878,2.279999971,21.35400009,8.876000404,6.032000065,5.84800005
1536,8.843443041,77.17104545,Kollam,1006,13.669935,110.8638015,17.83597823,28.08862457,63.82810927,0.8361266,0.158000007,788.2199707,5.754000187,0.09,71.30400085,222.5079956,120.4000015,69,715.7999878,2.279999971,21.35400009,8.876000404,6.032000065,5.84800005
1537,8.895664673,77.15284048,Kollam,288,23.167088,114.5000124,18.42565518,29.51337428,62.55019185,0.8404222,0.158000007,788.2199707,5.754000187,0.09,71.30400085,222.5079956,120.4000015,69,715.7999878,2.279999971,21.35400009,8.876000404,6.032000065,5.84800005
1538,9.058328759,77.03257016,Kollam,192,30.69596,88.52789783,20.43203046,32.41197252,60.46806419,0.71091443,0.158000007,788.2199707,5.754000187,0.09,71.30400085,222.5079956,120.4000015,69,715.7999878,2.279999971,21.35400009,8.876000404,6.032000065,5.84800005
1539,9.010838127,77.08849242,Kollam,413,22.813713,101.151309,20.46632222,32.38834955,59.08196532,0.72591907,0.158000007,788.2199707,5.754000187,0.09,71.30400085,222.5079956,120.4000015,69,715.7999878,2.279999971,21.35400009,8.876000404,6.032000065,5.84800005
1540,8.924692116,77.10325133,Kollam,108,0,81.51562119,19.5424962,31.29321047,62.1581307,-0.06134372,0.158000007,788.2199707,5.754000187,0.09,71.30400085,222.5079956,120.4000015,69,715.7999878,2.279999971,21.35400009,8.876000404,6.032000065,5.84800005
1541,9.074986731,77.08893002,Kollam,244,12.369905,85.82796526,19.71719434,31.74036165,58.41951578,0.7716178,0.158000007,788.2199707,5.754000187,0.09,71.30400085,222.5079956,120.4000015,69,715.7999878,2.279999971,21.35400009,8.876000404,6.032000065,5.84800005
1542,9.040434856,77.03819224,Kollam,650,10.725431,92.72476006,21.2761614,32.78989116,60.24778484,0.82467645,0.158000007,788.2199707,5.754000187,0.09,71.30400085,222.5079956,120.4000015,69,715.7999878,2.279999971,21.35400009,8.876000404,6.032000065,5.84800005
1543,8.880452244,77.14500202,Kollam,659,41.800392,97.46438169,19.5424962,31.29321047,62.1581307,0.84504205,0.158000007,788.2199707,5.754000187,0.09,71.30400085,222.5079956,120.4000015,69,715.7999878,2.279999971,21.35400009,8.876000404,6.032000065,5.84800005
1544,8.912054044,77.11331914,Kollam,177,3.8212323,81.51562119,19.5424962,31.29321047,62.1581307,0.8515073,0.158000007,788.2199707,5.754000187,0.09,71.30400085,222.5079956,120.4000015,69,715.7999878,2.279999971,21.35400009,8.876000404,6.032000065,5.84800005
1545,8.952525925,77.15731226,Kollam,349,25.95394,81.87157536,19.09721264,30.90301298,62.37819364,0.7749565,0.158000007,788.2199707,5.754000187,0.09,71.30400085,222.5079956,120.4000015,69,715.7999878,2.279999971,21.35400009,8.876000404,6.032000065,5.84800005
1546,8.819597359,77.19410495,Kollam,800,15.955944,110.8638015,17.83597823,28.08862457,63.82810927,0.8230958,0.158000007,788.2199707,5.754000187,0.09,71.30400085,222.5079956,120.4000015,69,715.7999878,2.279999971,21.35400009,8.876000404,6.032000065,5.84800005
1547,8.871951819,77.08963937,Kollam,172,4.180661,59.04991984,19.5424962,31.29321047,62.1581307,0.8456469,0.158000007,788.2199707,5.754000187,0.09,71.30400085,222.5079956,120.4000015,69,715.7999878,2.279999971,21.35400009,8.876000404,6.032000065,5.84800005
1548,8.979450032,77.07139569,Kollam,322,17.537058,87.8069644,20.46632222,32.38834955,59.08196532,0.7774668,0.158000007,788.2199707,5.754000187,0.09,71.30400085,222.5079956,120.4000015,69,715.7999878,2.279999971,21.35400009,8.876000404,6.032000065,5.84800005
1549,8.823389582,77.11298341,Kollam,172,2.9619753,94.69759703,19.22359251,30.32725467,64.44955848,0.7883022,0.158000007,788.2199707,5.754000187,0.09,71.30400085,222.5079956,120.4000015,69,715.7999878,2.279999971,21.35400009,8.876000404,6.032000065,5.84800005
1550,8.839662101,77.10632043,Kollam,225,7.2409515,94.69759703,19.22359251,30.32725467,64.44955848,0.8054215,0.158000007,788.2199707,5.754000187,0.09,71.30400085,222.5079956,120.4000015,69,715.7999878,2.279999971,21.35400009,8.876000404,6.032000065,5.84800005
1551,8.825627446,77.18916124,Kollam,1010,33.880722,110.8638015,17.83597823,28.08862457,63.82810927,0.843299,0.158000007,788.2199707,5.754000187,0.09,71.30400085,222.5079956,120.4000015,69,715.7999878,2.279999971,21.35400009,8.876000404,6.032000065,5.84800005
1552,8.835365084,76.68271005,Kollam,44,2.078026,58.90460134,23.20093215,31.74033114,64.83876412,0.74230886,0.158000007,804.9799805,5.18599987,0.096,71.27799988,231.3379974,123.4000015,73.52600098,767.4000244,2.161999941,23.80599976,9.465999603,5.647999763,5.835999966
1553,8.867668166,76.67096131,Kollam,46,1.3193951,58.73226786,23.27431535,32.03548479,65.77838229,0.18912,0.158000007,804.9799805,5.18599987,0.096,71.27799988,231.3379974,123.4000015,73.52600098,767.4000244,2.161999941,23.80599976,9.465999603,5.647999763,5.835999966
1554,8.876743768,76.66374857,Kollam,34,4.9904284,58.73226786,23.27431535,32.03548479,65.77838229,0.27157432,0.158000007,804.9799805,5.18599987,0.096,71.27799988,231.3379974,123.4000015,73.52600098,767.4000244,2.161999941,23.80599976,9.465999603,5.647999763,5.835999966
1555,8.948352331,76.64801981,Kollam,42,2.637686,59.17871714,23.67561151,31.34762358,67.47393087,0.6681922,0.158000007,804.9799805,5.18599987,0.096,71.27799988,231.3379974,123.4000015,73.52600098,767.4000244,2.161999941,23.80599976,9.465999603,5.647999763,5.835999966
1556,8.899362373,76.91584502,Kollam,72,3.862153,66.54501843,22.08040298,32.50484909,62.31699969,0.5635765,0.170000002,809.7800293,5.820000172,0.096,67.95800018,249.2779999,118.8000031,70.62400055,722.5999756,2.203999996,26.12599945,16.40600014,6.559999943,5.906000137
1557,8.929893231,76.94385645,Kollam,92,7.437041,67.59641218,22.08040298,32.50484909,62.31699969,0.6816337,0.170000002,809.7800293,5.820000172,0.096,67.95800018,249.2779999,118.8000031,70.62400055,722.5999756,2.203999996,26.12599945,16.40600014,6.559999943,5.906000137
1558,8.835770899,76.90541511,Kollam,104,7.2563553,66.35318685,22.2303703,32.06794023,64.51377451,0.8071328,0.170000002,809.7800293,5.820000172,0.096,67.95800018,249.2779999,118.8000031,70.62400055,722.5999756,2.203999996,26.12599945,16.40600014,6.559999943,5.906000137
1559,8.92564487,76.94661621,Kollam,94,14.978572,67.59641218,22.08040298,32.50484909,62.31699969,0.7608758,0.170000002,809.7800293,5.820000172,0.096,67.95800018,249.2779999,118.8000031,70.62400055,722.5999756,2.203999996,26.12599945,16.40600014,6.559999943,5.906000137
1560,8.775400084,76.94424215,Kollam,138,2.0926764,67.88513327,22.2303703,32.06794023,64.51377451,0.7693448,0.170000002,809.7800293,5.820000172,0.096,67.95800018,249.2779999,118.8000031,70.62400055,722.5999756,2.203999996,26.12599945,16.40600014,6.559999943,5.906000137
1561,8.838268178,76.82447908,Kollam,39,4.7728815,65.79179573,23.18159953,31.7420638,64.30044497,0.73710763,0.170000002,809.7800293,5.820000172,0.096,67.95800018,249.2779999,118.8000031,70.62400055,722.5999756,2.203999996,26.12599945,16.40600014,6.559999943,5.906000137
1562,9.084500265,76.89512852,Kollam,47,1.8778723,72.86311483,21.7705217,33.04481922,60.72619995,0.79137874,0.170000002,809.7800293,5.820000172,0.096,67.95800018,249.2779999,118.8000031,70.62400055,722.5999756,2.203999996,26.12599945,16.40600014,6.559999943,5.906000137
1563,9.024456055,76.91935546,Kollam,50,13.568043,65.73094463,21.94241959,32.54112028,61.33168647,0.3598988,0.170000002,809.7800293,5.820000172,0.096,67.95800018,249.2779999,118.8000031,70.62400055,722.5999756,2.203999996,26.12599945,16.40600014,6.559999943,5.906000137
1564,8.799605373,76.92407057,Kollam,112,5.409152,67.88513327,22.2303703,32.06794023,64.51377451,0.30564833,0.170000002,809.7800293,5.820000172,0.096,67.95800018,249.2779999,118.8000031,70.62400055,722.5999756,2.203999996,26.12599945,16.40600014,6.559999943,5.906000137
1565,9.09409511,76.78290656,Kollam,39,2.9639618,74.9231782,22.46353512,33.40426446,62.12400633,0.7409537,0.170000002,809.7800293,5.820000172,0.096,67.95800018,249.2779999,118.8000031,70.62400055,722.5999756,2.203999996,26.12599945,16.40600014,6.559999943,5.906000137
1566,8.955143483,76.96298543,Kollam,140,16.697016,75.39339495,21.2761614,32.78989116,60.24778484,0.62491536,0.170000002,809.7800293,5.820000172,0.096,67.95800018,249.2779999,118.8000031,70.62400055,722.5999756,2.203999996,26.12599945,16.40600014,6.559999943,5.906000137
1567,8.820131892,76.86087076,Kollam,80,12.725043,67.36236644,22.2303703,32.06794023,64.51377451,0.7249253,0.170000002,809.7800293,5.820000172,0.096,67.95800018,249.2779999,118.8000031,70.62400055,722.5999756,2.203999996,26.12599945,16.40600014,6.559999943,5.906000137
1568,8.982573614,76.93976139,Kollam,40,11.712618,65.76263523,21.94241959,32.54112028,61.33168647,0.72837317,0.170000002,809.7800293,5.820000172,0.096,67.95800018,249.2779999,118.8000031,70.62400055,722.5999756,2.203999996,26.12599945,16.40600014,6.559999943,5.906000137
1569,8.87921242,77.04971731,Kollam,133,1.3194163,62.36000347,21.20277899,32.7758023,61.75680985,0.6030089,0.170000002,809.7800293,5.820000172,0.096,67.95800018,249.2779999,118.8000031,70.62400055,722.5999756,2.203999996,26.12599945,16.40600014,6.559999943,5.906000137
1570,9.158604675,76.91885074,Kollam,154,12.518924,81.48033142,21.09672567,32.7889096,62.75046204,0.6347576,0.170000002,809.7800293,5.820000172,0.096,67.95800018,249.2779999,118.8000031,70.62400055,722.5999756,2.203999996,26.12599945,16.40600014,6.559999943,5.906000137
1571,8.947056492,76.891512,Kollam,77,4.6637645,69.38293362,22.08040298,32.50484909,62.31699969,0.63837415,0.170000002,809.7800293,5.820000172,0.096,67.95800018,249.2779999,118.8000031,70.62400055,722.5999756,2.203999996,26.12599945,16.40600014,6.559999943,5.906000137
1572,9.018112138,76.91637424,Kollam,20,4.9907002,65.73094463,21.94241959,32.54112028,61.33168647,0.6821926,0.170000002,809.7800293,5.820000172,0.096,67.95800018,249.2779999,118.8000031,70.62400055,722.5999756,2.203999996,26.12599945,16.40600014,6.559999943,5.906000137
1573,8.908146389,76.79785016,Kollam,81,5.9094195,75.37943459,22.90598397,32.46026054,62.94760834,0.74593174,0.170000002,809.7800293,5.820000172,0.096,67.95800018,249.2779999,118.8000031,70.62400055,722.5999756,2.203999996,26.12599945,16.40600014,6.559999943,5.906000137
1574,8.956629199,76.83873165,Kollam,88,13.189463,72.1497674,22.7882661,32.95965387,62.48783227,0.74040127,0.170000002,809.7800293,5.820000172,0.096,67.95800018,249.2779999,118.8000031,70.62400055,722.5999756,2.203999996,26.12599945,16.40600014,6.559999943,5.906000137
1575,8.840125847,77.06553309,Kollam,181,7.5023665,61.88595557,19.22359251,30.32725467,64.44955848,0.7300035,0.170000002,809.7800293,5.820000172,0.096,67.95800018,249.2779999,118.8000031,70.62400055,722.5999756,2.203999996,26.12599945,16.40600014,6.559999943,5.906000137
1576,8.840010258,76.81482204,Kollam,25,6.464861,65.79179573,23.18159953,31.7420638,64.30044497,0.74227846,0.170000002,809.7800293,5.820000172,0.096,67.95800018,249.2779999,118.8000031,70.62400055,722.5999756,2.203999996,26.12599945,16.40600014,6.559999943,5.906000137
1577,9.071134409,76.88888189,Kollam,56,6.2131686,72.86311483,21.7705217,33.04481922,60.72619995,0.717475,0.170000002,809.7800293,5.820000172,0.096,67.95800018,249.2779999,118.8000031,70.62400055,722.5999756,2.203999996,26.12599945,16.40600014,6.559999943,5.906000137
1578,8.955262061,76.82669368,Kollam,95,7.886422,72.1497674,22.7882661,32.95965387,62.48783227,0.5322804,0.170000002,809.7800293,5.820000172,0.096,67.95800018,249.2779999,118.8000031,70.62400055,722.5999756,2.203999996,26.12599945,16.40600014,6.559999943,5.906000137
1579,8.800451204,76.93740452,Kollam,140,8.741037,66.35318685,22.2303703,32.06794023,64.51377451,0.61674565,0.170000002,809.7800293,5.820000172,0.096,67.95800018,249.2779999,118.8000031,70.62400055,722.5999756,2.203999996,26.12599945,16.40600014,6.559999943,5.906000137
1580,8.960714038,76.84492797,Kollam,62,1.3195646,72.1497674,22.7882661,32.95965387,62.48783227,0.6550532,0.170000002,809.7800293,5.820000172,0.096,67.95800018,249.2779999,118.8000031,70.62400055,722.5999756,2.203999996,26.12599945,16.40600014,6.559999943,5.906000137
1581,8.862216189,77.01383501,Kollam,123,3.821201,62.36000347,21.20277899,32.7758023,61.75680985,0.7537155,0.170000002,809.7800293,5.820000172,0.096,67.95800018,249.2779999,118.8000031,70.62400055,722.5999756,2.203999996,26.12599945,16.40600014,6.559999943,5.906000137
1582,8.963279847,76.86441101,Kollam,110,0.92740995,64.99424314,21.94241959,32.54112028,61.33168647,0.57368344,0.170000002,809.7800293,5.820000172,0.096,67.95800018,249.2779999,118.8000031,70.62400055,722.5999756,2.203999996,26.12599945,16.40600014,6.559999943,5.906000137
1583,9.095407423,76.95159683,Kollam,128,9.15329,76.42520189,20.43203046,32.41197252,60.46806419,0.111529134,0.170000002,809.7800293,5.820000172,0.096,67.95800018,249.2779999,118.8000031,70.62400055,722.5999756,2.203999996,26.12599945,16.40600014,6.559999943,5.906000137
1584,8.854880132,77.00634924,Kollam,169,7.6086993,62.36000347,21.20277899,32.7758023,61.75680985,0.76019573,0.170000002,809.7800293,5.820000172,0.096,67.95800018,249.2779999,118.8000031,70.62400055,722.5999756,2.203999996,26.12599945,16.40600014,6.559999943,5.906000137
1585,9.072002411,76.88495833,Kollam,47,9.0772,72.86311483,21.7705217,33.04481922,60.72619995,0.78731227,0.170000002,809.7800293,5.820000172,0.096,67.95800018,249.2779999,118.8000031,70.62400055,722.5999756,2.203999996,26.12599945,16.40600014,6.559999943,5.906000137
1586,9.067049025,77.00192438,Kollam,100,12.194699,88.52789783,20.43203046,32.41197252,60.46806419,0.63210434,0.170000002,809.7800293,5.820000172,0.096,67.95800018,249.2779999,118.8000031,70.62400055,722.5999756,2.203999996,26.12599945,16.40600014,6.559999943,5.906000137
1587,8.95391803,76.83714474,Kollam,68,13.018796,72.1497674,22.7882661,32.95965387,62.48783227,0.7439639,0.170000002,809.7800293,5.820000172,0.096,67.95800018,249.2779999,118.8000031,70.62400055,722.5999756,2.203999996,26.12599945,16.40600014,6.559999943,5.906000137
1588,8.762293552,76.91501617,Kollam,125,17.869291,67.88513327,22.2303703,32.06794023,64.51377451,0.70307785,0.170000002,809.7800293,5.820000172,0.096,67.95800018,249.2779999,118.8000031,70.62400055,722.5999756,2.203999996,26.12599945,16.40600014,6.559999943,5.906000137
1589,8.908034704,76.84908423,Kollam,55,10.535293,68.40326977,22.90598397,32.46026054,62.94760834,0.6450864,0.170000002,809.7800293,5.820000172,0.096,67.95800018,249.2779999,118.8000031,70.62400055,722.5999756,2.203999996,26.12599945,16.40600014,6.559999943,5.906000137
1590,8.836665902,76.8406059,Kollam,51,2.813633,65.79179573,23.18159953,31.7420638,64.30044497,0.6626382,0.170000002,809.7800293,5.820000172,0.096,67.95800018,249.2779999,118.8000031,70.62400055,722.5999756,2.203999996,26.12599945,16.40600014,6.559999943,5.906000137
1591,9.051685849,76.82367247,Kollam,47,4.6273675,79.87610579,22.46353512,33.40426446,62.12400633,0.72760254,0.170000002,809.7800293,5.820000172,0.096,67.95800018,249.2779999,118.8000031,70.62400055,722.5999756,2.203999996,26.12599945,16.40600014,6.559999943,5.906000137
1592,8.858309991,76.92741179,Kollam,119,3.3527572,66.54501843,22.08040298,32.50484909,62.31699969,0.43001226,0.170000002,809.7800293,5.820000172,0.096,67.95800018,249.2779999,118.8000031,70.62400055,722.5999756,2.203999996,26.12599945,16.40600014,6.559999943,5.906000137
1593,8.892842625,77.06642217,Kollam,160,11.103462,59.04991984,19.5424962,31.29321047,62.1581307,0.5385994,0.170000002,809.7800293,5.820000172,0.096,67.95800018,249.2779999,118.8000031,70.62400055,722.5999756,2.203999996,26.12599945,16.40600014,6.559999943,5.906000137
1594,8.89160371,76.78325238,Kollam,70,1.8543341,68.75942707,22.90598397,32.46026054,62.94760834,0.7068257,0.170000002,809.7800293,5.820000172,0.096,67.95800018,249.2779999,118.8000031,70.62400055,722.5999756,2.203999996,26.12599945,16.40600014,6.559999943,5.906000137
1595,9.099440437,76.97569638,Kollam,155,10.992985,76.42520189,20.43203046,32.41197252,60.46806419,0.23825917,0.170000002,809.7800293,5.820000172,0.096,67.95800018,249.2779999,118.8000031,70.62400055,722.5999756,2.203999996,26.12599945,16.40600014,6.559999943,5.906000137
1596,8.892272405,76.77290705,Kollam,87,8.757759,68.75942707,22.90598397,32.46026054,62.94760834,0.65745044,0.170000002,809.7800293,5.820000172,0.096,67.95800018,249.2779999,118.8000031,70.62400055,722.5999756,2.203999996,26.12599945,16.40600014,6.559999943,5.906000137
1597,9.021703959,76.81295532,Kollam,75,9.484932,72.81080866,22.7882661,32.95965387,62.48783227,0.7646905,0.170000002,809.7800293,5.820000172,0.096,67.95800018,249.2779999,118.8000031,70.62400055,722.5999756,2.203999996,26.12599945,16.40600014,6.559999943,5.906000137
1598,8.901814026,76.8932357,Kollam,70,5.409556,69.38293362,22.08040298,32.50484909,62.31699969,0.674392,0.170000002,809.7800293,5.820000172,0.096,67.95800018,249.2779999,118.8000031,70.62400055,722.5999756,2.203999996,26.12599945,16.40600014,6.559999943,5.906000137
1599,8.821453799,77.00972024,Kollam,142,2.7802885,60.73390841,21.17844386,32.26513509,64.36700992,0.7645344,0.170000002,809.7800293,5.820000172,0.096,67.95800018,249.2779999,118.8000031,70.62400055,722.5999756,2.203999996,26.12599945,16.40600014,6.559999943,5.906000137
1600,8.938865695,76.77298739,Kollam,42,6.2127085,75.37943459,22.90598397,32.46026054,62.94760834,0.49749583,0.170000002,809.7800293,5.820000172,0.096,67.95800018,249.2779999,118.8000031,70.62400055,722.5999756,2.203999996,26.12599945,16.40600014,6.559999943,5.906000137
1601,8.855289311,76.98269199,Kollam,126,7.8678045,75.03832674,21.20277899,32.7758023,61.75680985,0.83649725,0.170000002,809.7800293,5.820000172,0.096,67.95800018,249.2779999,118.8000031,70.62400055,722.5999756,2.203999996,26.12599945,16.40600014,6.559999943,5.906000137
1602,8.875910139,76.89621532,Kollam,86,9.378361,69.06893826,22.08040298,32.50484909,62.31699969,0.82852846,0.170000002,809.7800293,5.820000172,0.096,67.95800018,249.2779999,118.8000031,70.62400055,722.5999756,2.203999996,26.12599945,16.40600014,6.559999943,5.906000137
1603,8.829558624,76.87314081,Kollam,63,2.9620175,67.36236644,22.2303703,32.06794023,64.51377451,0.23354909,0.170000002,809.7800293,5.820000172,0.096,67.95800018,249.2779999,118.8000031,70.62400055,722.5999756,2.203999996,26.12599945,16.40600014,6.559999943,5.906000137
1604,9.024748606,76.86675598,Kollam,64,18.485641,68.30044127,21.94241959,32.54112028,61.33168647,0.7513158,0.170000002,809.7800293,5.820000172,0.096,67.95800018,249.2779999,118.8000031,70.62400055,722.5999756,2.203999996,26.12599945,16.40600014,6.559999943,5.906000137
1605,8.961443362,76.86825397,Kollam,106,12.468751,64.99424314,21.94241959,32.54112028,61.33168647,0.78723407,0.170000002,809.7800293,5.820000172,0.096,67.95800018,249.2779999,118.8000031,70.62400055,722.5999756,2.203999996,26.12599945,16.40600014,6.559999943,5.906000137
1606,9.004573323,76.87116797,Kollam,123,10.283798,68.30044127,21.94241959,32.54112028,61.33168647,0.77520174,0.170000002,809.7800293,5.820000172,0.096,67.95800018,249.2779999,118.8000031,70.62400055,722.5999756,2.203999996,26.12599945,16.40600014,6.559999943,5.906000137
1607,9.010965886,76.84667352,Kollam,22,4.6481757,72.81080866,22.7882661,32.95965387,62.48783227,0.60204846,0.170000002,809.7800293,5.820000172,0.096,67.95800018,249.2779999,118.8000031,70.62400055,722.5999756,2.203999996,26.12599945,16.40600014,6.559999943,5.906000137
1608,8.996221588,76.86962415,Kollam,30,5.6254716,64.99424314,21.94241959,32.54112028,61.33168647,0.6733368,0.170000002,809.7800293,5.820000172,0.096,67.95800018,249.2779999,118.8000031,70.62400055,722.5999756,2.203999996,26.12599945,16.40600014,6.559999943,5.906000137
1609,8.955756634,76.74940321,Kollam,45,11.104519,68.08330441,23.15425262,32.33661515,66.1256248,0.743536,0.170000002,809.7800293,5.820000172,0.096,67.95800018,249.2779999,118.8000031,70.62400055,722.5999756,2.203999996,26.12599945,16.40600014,6.559999943,5.906000137
1610,9.070322786,76.90960575,Kollam,107,21.435888,74.75491667,21.7705217,33.04481922,60.72619995,0.13340694,0.170000002,809.7800293,5.820000172,0.096,67.95800018,249.2779999,118.8000031,70.62400055,722.5999756,2.203999996,26.12599945,16.40600014,6.559999943,5.906000137
1611,8.851629831,76.82978041,Kollam,41,3.8616834,69.79423785,22.90598397,32.46026054,62.94760834,0.7003573,0.170000002,809.7800293,5.820000172,0.096,67.95800018,249.2779999,118.8000031,70.62400055,722.5999756,2.203999996,26.12599945,16.40600014,6.559999943,5.906000137
1612,8.967286595,76.9255952,Kollam,65,10.575123,65.76263523,21.94241959,32.54112028,61.33168647,0.23178984,0.170000002,809.7800293,5.820000172,0.096,67.95800018,249.2779999,118.8000031,70.62400055,722.5999756,2.203999996,26.12599945,16.40600014,6.559999943,5.906000137
1613,8.91556851,76.89303769,Kollam,83,4.6837096,69.38293362,22.08040298,32.50484909,62.31699969,0.7955575,0.170000002,809.7800293,5.820000172,0.096,67.95800018,249.2779999,118.8000031,70.62400055,722.5999756,2.203999996,26.12599945,16.40600014,6.559999943,5.906000137
1614,9.078971637,76.83709507,Kollam,27,12.956802,79.87610579,22.46353512,33.40426446,62.12400633,0.46613052,0.170000002,809.7800293,5.820000172,0.096,67.95800018,249.2779999,118.8000031,70.62400055,722.5999756,2.203999996,26.12599945,16.40600014,6.559999943,5.906000137
1615,8.888023556,77.06184943,Kollam,182,7.9907064,59.04991984,19.5424962,31.29321047,62.1581307,0.73267865,0.170000002,809.7800293,5.820000172,0.096,67.95800018,249.2779999,118.8000031,70.62400055,722.5999756,2.203999996,26.12599945,16.40600014,6.559999943,5.906000137
1616,8.91189699,76.78612859,Kollam,68,9.698208,75.37943459,22.90598397,32.46026054,62.94760834,0.59944135,0.170000002,809.7800293,5.820000172,0.096,67.95800018,249.2779999,118.8000031,70.62400055,722.5999756,2.203999996,26.12599945,16.40600014,6.559999943,5.906000137
1617,8.815244376,76.87722455,Kollam,82,11.568814,67.36236644,22.2303703,32.06794023,64.51377451,0.7930122,0.170000002,809.7800293,5.820000172,0.096,67.95800018,249.2779999,118.8000031,70.62400055,722.5999756,2.203999996,26.12599945,16.40600014,6.559999943,5.906000137
1618,9.096275753,76.93416662,Kollam,138,9.378581,74.75491667,21.7705217,33.04481922,60.72619995,0.12685272,0.170000002,809.7800293,5.820000172,0.096,67.95800018,249.2779999,118.8000031,70.62400055,722.5999756,2.203999996,26.12599945,16.40600014,6.559999943,5.906000137
1619,9.080166053,76.78016748,Kollam,21,2.6381721,74.9231782,22.46353512,33.40426446,62.12400633,0.6860123,0.170000002,809.7800293,5.820000172,0.096,67.95800018,249.2779999,118.8000031,70.62400055,722.5999756,2.203999996,26.12599945,16.40600014,6.559999943,5.906000137
1620,9.111967666,76.88223686,Kollam,209,5.853062,75.43382597,21.7705217,33.04481922,60.72619995,0.47778645,0.170000002,809.7800293,5.820000172,0.096,67.95800018,249.2779999,118.8000031,70.62400055,722.5999756,2.203999996,26.12599945,16.40600014,6.559999943,5.906000137
1621,9.07025422,76.93270909,Kollam,57,7.041842,74.75491667,21.7705217,33.04481922,60.72619995,0.21639167,0.170000002,809.7800293,5.820000172,0.096,67.95800018,249.2779999,118.8000031,70.62400055,722.5999756,2.203999996,26.12599945,16.40600014,6.559999943,5.906000137
1622,9.035875343,77.17010162,Kollam,411,19.622204,103.7903595,19.09721264,30.90301298,62.37819364,0.7301723,0.173999995,787.0200195,6.265999794,0.1,73.52999878,241.7700043,118.1999969,64.62000275,647,2.20600009,24.01799965,16.05999947,6.843999863,5.639999866
1623,10.35105293,76.4694172,Thrissur,148,11.031394,59.59195876,21.16806288,32.95265798,55.11126523,0.7299551,0.165999994,676.3699951,6.308000088,0.054,76.84999847,276.8460083,109,63.18199921,635.7999878,1.981999993,31.74200058,25.84600067,7.975999832,5.573999882
1624,10.29374227,76.5108884,Thrissur,73,8.85736,64.43582296,21.69911794,33.8718348,58.47862734,0.6218663,0.165999994,676.3699951,6.308000088,0.054,76.84999847,276.8460083,109,63.18199921,635.7999878,1.981999993,31.74200058,25.84600067,7.975999832,5.573999882
1625,10.56529087,76.406402,Thrissur,118,8.350741,33.802598,22.28214127,33.47106876,51.82763614,0.71829265,0.165999994,676.3699951,6.308000088,0.054,76.84999847,276.8460083,109,63.18199921,635.7999878,1.981999993,31.74200058,25.84600067,7.975999832,5.573999882
1626,10.66251517,76.37815106,Thrissur,66,7.2798843,32.36210418,21.87845712,33.03008186,53.1579176,0.58441955,0.165999994,676.3699951,6.308000088,0.054,76.84999847,276.8460083,109,63.18199921,635.7999878,1.981999993,31.74200058,25.84600067,7.975999832,5.573999882
1627,10.50134237,76.44454878,Thrissur,158,2.6439009,37.9715507,22.25820313,33.50694164,52.64402024,0.7500913,0.165999994,676.3699951,6.308000088,0.054,76.84999847,276.8460083,109,63.18199921,635.7999878,1.981999993,31.74200058,25.84600067,7.975999832,5.573999882
1628,10.53794122,76.38490558,Thrissur,70,0,38.50889182,22.25820313,33.50694164,52.64402024,-0.14652015,0.165999994,676.3699951,6.308000088,0.054,76.84999847,276.8460083,109,63.18199921,635.7999878,1.981999993,31.74200058,25.84600067,7.975999832,5.573999882
1629,10.47647862,76.43153224,Thrissur,729,7.972673,97.39294147,22.25820313,33.50694164,52.64402024,0.86751664,0.165999994,676.3699951,6.308000088,0.054,76.84999847,276.8460083,109,63.18199921,635.7999878,1.981999993,31.74200058,25.84600067,7.975999832,5.573999882
1630,10.36399512,76.51093604,Thrissur,284,30.241846,74.50668454,21.16806288,32.95265798,55.11126523,0.3458156,0.165999994,676.3699951,6.308000088,0.054,76.84999847,276.8460083,109,63.18199921,635.7999878,1.981999993,31.74200058,25.84600067,7.975999832,5.573999882
1631,10.61621365,76.37440647,Thrissur,237,25.3202,48.66096187,22.28214127,33.47106876,51.82763614,0.6348262,0.165999994,676.3699951,6.308000088,0.054,76.84999847,276.8460083,109,63.18199921,635.7999878,1.981999993,31.74200058,25.84600067,7.975999832,5.573999882
1632,10.66171655,76.35881077,Thrissur,76,14.381074,32.36210418,21.87845712,33.03008186,53.1579176,0.54950416,0.165999994,676.3699951,6.308000088,0.054,76.84999847,276.8460083,109,63.18199921,635.7999878,1.981999993,31.74200058,25.84600067,7.975999832,5.573999882
1633,10.38112313,76.47640317,Thrissur,64,2.079967,59.59195876,21.16806288,32.95265798,55.11126523,0.80021715,0.165999994,676.3699951,6.308000088,0.054,76.84999847,276.8460083,109,63.18199921,635.7999878,1.981999993,31.74200058,25.84600067,7.975999832,5.573999882
1634,10.7251664,76.334416,Thrissur,67,3.3814569,37.54811788,22.46536644,33.44735976,52.43614784,0.6649593,0.165999994,676.3699951,6.308000088,0.054,76.84999847,276.8460083,109,63.18199921,635.7999878,1.981999993,31.74200058,25.84600067,7.975999832,5.573999882
1635,10.46721935,76.47656864,Thrissur,262,16.357096,79.17122126,21.02583413,32.44480601,52.84448706,0.51566267,0.165999994,676.3699951,6.308000088,0.054,76.84999847,276.8460083,109,63.18199921,635.7999878,1.981999993,31.74200058,25.84600067,7.975999832,5.573999882
1636,10.67128016,76.25443836,Thrissur,46,7.131658,54.36116505,22.46536644,33.44735976,52.43614784,0.39615482,0.137999997,752.7999878,5.671999931,0.06,76.4280014,235.473999,119.5999985,81.37999725,609.4000244,2.095999956,51.81999969,17.40999985,8.38599968,5.754000187
1637,10.52606947,76.26371222,Thrissur,35,9.185947,43.89089322,23.17819972,33.96383083,53.1523754,0.28804666,0.131999999,758.9799805,5.199999809,0.06,68.12999725,184.4620056,119.1999969,80.19200134,758.2000122,2.252000093,20.76799965,10.2159996,6.659999847,5.973999977
1638,10.54824448,76.25815602,Thrissur,21,2.1015584,43.89089322,23.17819972,33.96383083,53.1523754,0.64221454,0.131999999,758.9799805,5.199999809,0.06,68.12999725,184.4620056,119.1999969,80.19200134,758.2000122,2.252000093,20.76799965,10.2159996,6.659999847,5.973999977
1639,10.61858584,76.2358669,Thrissur,133,13.468455,43.8237493,23.3154249,33.72531386,53.83511021,0.39403042,0.131999999,758.9799805,5.199999809,0.06,68.12999725,184.4620056,119.1999969,80.19200134,758.2000122,2.252000093,20.76799965,10.2159996,6.659999847,5.973999977
1640,10.68924035,76.29967321,Thrissur,125,22.935095,54.36116505,22.46536644,33.44735976,52.43614784,0.70366734,0.140000001,703.3900146,6.981999874,0.062,81.44200134,268.8999939,115.4000015,72.20200348,570.4000244,2.176000118,54.09000015,26.24600029,8.588000298,5.676000118
1641,10.54846596,76.34281794,Thrissur,67,14.632676,42.52739024,23.17819972,33.96383083,53.1523754,0.85718167,0.140000001,703.3900146,6.981999874,0.062,81.44200134,268.8999939,115.4000015,72.20200348,570.4000244,2.176000118,54.09000015,26.24600029,8.588000298,5.676000118
1642,10.66720092,76.32535549,Thrissur,83,2.1022158,46.74659276,22.46536644,33.44735976,52.43614784,0.59564793,0.140000001,703.3900146,6.981999874,0.062,81.44200134,268.8999939,115.4000015,72.20200348,570.4000244,2.176000118,54.09000015,26.24600029,8.588000298,5.676000118
1643,10.68195485,76.31191982,Thrissur,42,3.9635236,46.74659276,22.46536644,33.44735976,52.43614784,0.62231004,0.140000001,703.3900146,6.981999874,0.062,81.44200134,268.8999939,115.4000015,72.20200348,570.4000244,2.176000118,54.09000015,26.24600029,8.588000298,5.676000118
1644,10.72989995,76.29981776,Thrissur,62,4.7989917,43.9593358,22.46536644,33.44735976,52.43614784,0.63665277,0.140000001,703.3900146,6.981999874,0.062,81.44200134,268.8999939,115.4000015,72.20200348,570.4000244,2.176000118,54.09000015,26.24600029,8.588000298,5.676000118
1645,10.57272978,76.30070055,Thrissur,174,2.101693,62.72027421,23.05828194,33.65287986,52.14664719,0.78464305,0.148000002,729.7800293,6.34800005,0.066,73.04599762,213.2899933,113,71.08999634,722.2000122,2.375999928,24.73200035,17.5739994,6.843999863,5.927999973
1646,10.58783054,76.29384861,Thrissur,168,17.915451,48.63175869,23.05828194,33.65287986,52.14664719,0.6707483,0.148000002,729.7800293,6.34800005,0.066,73.04599762,213.2899933,113,71.08999634,722.2000122,2.375999928,24.73200035,17.5739994,6.843999863,5.927999973
1647,10.30460088,76.4040965,Thrissur,18,3.3782456,48.46138716,22.74907705,34.18717609,58.97481025,0.79553634,0.148000002,729.7800293,6.34800005,0.066,73.04599762,213.2899933,113,71.08999634,722.2000122,2.375999928,24.73200035,17.5739994,6.843999863,5.927999973
1648,10.52676217,76.3084559,Thrissur,59,8.3411255,42.52739024,23.17819972,33.96383083,53.1523754,0.6974299,0.148000002,729.7800293,6.34800005,0.066,73.04599762,213.2899933,113,71.08999634,722.2000122,2.375999928,24.73200035,17.5739994,6.843999863,5.927999973
1649,10.51003812,76.32460764,Thrissur,91,5.979035,42.52739024,23.17819972,33.96383083,53.1523754,0.46587995,0.148000002,729.7800293,6.34800005,0.066,73.04599762,213.2899933,113,71.08999634,722.2000122,2.375999928,24.73200035,17.5739994,6.843999863,5.927999973
1650,10.5067459,76.32951071,Thrissur,78,14.4045515,42.52739024,23.17819972,33.96383083,53.1523754,0.75374496,0.148000002,729.7800293,6.34800005,0.066,73.04599762,213.2899933,113,71.08999634,722.2000122,2.375999928,24.73200035,17.5739994,6.843999863,5.927999973
1651,10.36014115,76.29755327,Thrissur,23,2.0799387,51.45714903,23.39185354,34.05244993,56.72195139,0.44351962,0.128000006,840.9799805,5.257999897,0.068,67.2460022,171.8300018,116,82.48400116,769,2.069999933,17.78199959,9.657999992,6.147999763,5.748000145
1652,10.35231834,76.30334325,Thrissur,24,1.8543341,50.21294069,23.39185354,34.05244993,56.72195139,0.42874146,0.128000006,840.9799805,5.257999897,0.068,67.2460022,171.8300018,116,82.48400116,769,2.069999933,17.78199959,9.657999992,6.147999763,5.748000145
1653,10.20496562,76.28050949,Thrissur,9,2.7802885,49.96327519,23.25080419,32.39768529,65.14937567,0.5030832,0.128000006,840.9799805,5.257999897,0.068,67.2460022,171.8300018,116,82.48400116,769,2.069999933,17.78199959,9.657999992,6.147999763,5.748000145
1654,10.34590863,76.30226487,Thrissur,43,4.6549225,48.36443639,23.47534753,33.7344152,60.46774122,0.4424821,0.128000006,840.9799805,5.257999897,0.068,67.2460022,171.8300018,116,82.48400116,769,2.069999933,17.78199959,9.657999992,6.147999763,5.748000145
1655,10.28444371,76.28030048,Thrissur,14,3.7047918,51.40350938,23.47534753,33.7344152,60.46774122,0.6144853,0.128000006,840.9799805,5.257999897,0.068,67.2460022,171.8300018,116,82.48400116,769,2.069999933,17.78199959,9.657999992,6.147999763,5.748000145
1656,10.2702021,76.29728861,Thrissur,17,2.642909,51.40350938,23.47534753,33.7344152,60.46774122,0.5920873,0.128000006,840.9799805,5.257999897,0.068,67.2460022,171.8300018,116,82.48400116,769,2.069999933,17.78199959,9.657999992,6.147999763,5.748000145
1657,10.29564793,76.36130023,Thrissur,18,2.825716,50.40633273,22.74907705,34.18717609,58.97481025,0.2747253,0.140000001,845.7800293,5.892000198,0.068,63.92599869,189.7700043,111.4000015,79.58200073,724.2000122,2.111999989,20.10199928,16.59799957,7.059999943,5.81799984
1658,10.26064759,76.38287875,Thrissur,37,2.079804,50.40633273,22.74907705,34.18717609,58.97481025,0.7940018,0.140000001,845.7800293,5.892000198,0.068,63.92599869,189.7700043,111.4000015,79.58200073,724.2000122,2.111999989,20.10199928,16.59799957,7.059999943,5.81799984
1659,10.29664454,76.34861763,Thrissur,12,3.9610236,51.19442725,23.47534753,33.7344152,60.46774122,0.69512194,0.140000001,845.7800293,5.892000198,0.068,63.92599869,189.7700043,111.4000015,79.58200073,724.2000122,2.111999989,20.10199928,16.59799957,7.059999943,5.81799984
1660,10.5657499,76.26844122,Thrissur,30,10.42621,48.63175869,23.05828194,33.65287986,52.14664719,0.7101687,0.140000001,845.7800293,5.892000198,0.068,63.92599869,189.7700043,111.4000015,79.58200073,724.2000122,2.111999989,20.10199928,16.59799957,7.059999943,5.81799984
1661,10.4047975,76.31795254,Thrissur,15,4.1959195,45.96630335,23.39185354,34.05244993,56.72195139,0.7692308,0.140000001,845.7800293,5.892000198,0.068,63.92599869,189.7700043,111.4000015,79.58200073,724.2000122,2.111999989,20.10199928,16.59799957,7.059999943,5.81799984
1662,10.41367269,76.30903316,Thrissur,68,11.828409,45.96630335,23.39185354,34.05244993,56.72195139,0.8416988,0.140000001,845.7800293,5.892000198,0.068,63.92599869,189.7700043,111.4000015,79.58200073,724.2000122,2.111999989,20.10199928,16.59799957,7.059999943,5.81799984
1663,10.49310368,76.28867438,Thrissur,21,4.6273675,48.44956851,23.17819972,33.96383083,53.1523754,0.5648855,0.140000001,845.7800293,5.892000198,0.068,63.92599869,189.7700043,111.4000015,79.58200073,724.2000122,2.111999989,20.10199928,16.59799957,7.059999943,5.81799984
1664,10.26989973,76.35320237,Thrissur,40,3.7649424,50.40633273,22.74907705,34.18717609,58.97481025,0.6387782,0.140000001,845.7800293,5.892000198,0.068,63.92599869,189.7700043,111.4000015,79.58200073,724.2000122,2.111999989,20.10199928,16.59799957,7.059999943,5.81799984
1665,10.37896239,76.30380255,Thrissur,19,4.6551037,50.21294069,23.39185354,34.05244993,56.72195139,0.36254463,0.140000001,845.7800293,5.892000198,0.068,63.92599869,189.7700043,111.4000015,79.58200073,724.2000122,2.111999989,20.10199928,16.59799957,7.059999943,5.81799984
1666,10.29583074,76.35303313,Thrissur,19,2.6430175,50.40633273,22.74907705,34.18717609,58.97481025,0.66982406,0.140000001,845.7800293,5.892000198,0.068,63.92599869,189.7700043,111.4000015,79.58200073,724.2000122,2.111999989,20.10199928,16.59799957,7.059999943,5.81799984
1667,10.29832962,76.47635232,Thrissur,83,15.439955,65.11006212,21.69911794,33.8718348,58.47862734,0.7936947,0.142000005,796.3699951,7.202000141,0.07,68.94000244,223.1959991,107.1999969,70.40399933,685.2000122,2.191999912,22.37199974,25.43400002,7.262000084,5.739999771
1668,10.31117635,76.46335681,Thrissur,40,5.2749634,70.33174467,21.69911794,33.8718348,58.47862734,0.6411921,0.142000005,796.3699951,7.202000141,0.07,68.94000244,223.1959991,107.1999969,70.40399933,685.2000122,2.191999912,22.37199974,25.43400002,7.262000084,5.739999771
1669,10.51376654,76.34799744,Thrissur,84,5.8555894,42.52739024,23.17819972,33.96383083,53.1523754,0.7966985,0.150000006,708.3699951,7.021999836,0.072,75.37000275,237.1499939,112.8000031,66.63400269,650.4000244,2.257999897,25.70199966,26.23600006,7.673999786,5.688000202
1670,10.40160469,76.42248991,Thrissur,78,18.133556,58.95564127,22.51730789,34.04771497,55.35879094,0.600713,0.150000006,708.3699951,7.021999836,0.072,75.37000275,237.1499939,112.8000031,66.63400269,650.4000244,2.257999897,25.70199966,26.23600006,7.673999786,5.688000202
1671,10.52342691,76.35290158,Thrissur,101,1.8860354,38.50889182,22.25820313,33.50694164,52.64402024,0.39659053,0.150000006,708.3699951,7.021999836,0.072,75.37000275,237.1499939,112.8000031,66.63400269,650.4000244,2.257999897,25.70199966,26.23600006,7.673999786,5.688000202
1672,10.43099187,76.40933482,Thrissur,31,4.1962013,58.95564127,22.51730789,34.04771497,55.35879094,0.7924472,0.150000006,708.3699951,7.021999836,0.072,75.37000275,237.1499939,112.8000031,66.63400269,650.4000244,2.257999897,25.70199966,26.23600006,7.673999786,5.688000202
1673,10.28630994,76.50495155,Thrissur,80,8.546523,64.43582296,21.69911794,33.8718348,58.47862734,0.74604124,0.167999998,768.3699951,6.507999897,0.072,70.55400085,264.8139954,104.8000031,66.15799713,685.7999878,2,28.59199905,25.04800034,7.473999977,5.53000021
1674,10.35836042,76.45041893,Thrissur,96,16.464119,59.59195876,21.16806288,32.95265798,55.11126523,0.749919,0.167999998,768.3699951,6.507999897,0.072,70.55400085,264.8139954,104.8000031,66.15799713,685.7999878,2,28.59199905,25.04800034,7.473999977,5.53000021
1675,10.71881952,76.43793298,Thrissur,60,6.464861,26.3043716,21.87845712,33.03008186,53.1579176,0.678217,0.167999998,728.3699951,6.073999882,0.074,74.65399933,412.2340088,108.8000031,57.73600006,662.4000244,1.779999971,27.07600021,24.36800003,7.794000149,5.546000004
1676,10.71635874,76.42902722,Thrissur,37,4.1553936,26.3043716,21.87845712,33.03008186,53.1579176,0.28966987,0.167999998,728.3699951,6.073999882,0.074,74.65399933,412.2340088,108.8000031,57.73600006,662.4000244,1.779999971,27.07600021,24.36800003,7.794000149,5.546000004
1677,10.72297315,76.43758518,Thrissur,60,1.323142,26.3043716,21.87845712,33.03008186,53.1579176,0.64963865,0.167999998,728.3699951,6.073999882,0.074,74.65399933,412.2340088,108.8000031,57.73600006,662.4000244,1.779999971,27.07600021,24.36800003,7.794000149,5.546000004
1678,10.70539774,76.38712268,Thrissur,84,5.7198806,32.78158021,21.87845712,33.03008186,53.1579176,0.643406,0.167999998,728.3699951,6.073999882,0.074,74.65399933,412.2340088,108.8000031,57.73600006,662.4000244,1.779999971,27.07600021,24.36800003,7.794000149,5.546000004
1679,10.40529838,76.51831259,Thrissur,804,28.52525,70.80086446,21.16806288,32.95265798,55.11126523,0.82033616,0.167999998,728.3699951,6.073999882,0.074,74.65399933,412.2340088,108.8000031,57.73600006,662.4000244,1.779999971,27.07600021,24.36800003,7.794000149,5.546000004
1680,10.54615324,76.32916244,Thrissur,70,10.822689,42.52739024,23.17819972,33.96383083,53.1523754,0.49755958,0.148000002,728.7999878,6.328000069,0.076,79.2519989,246.9620056,117,75.86399841,657.4000244,2.378000021,53.29999924,17.58799934,7.668000221,5.820000172
1681,10.73655033,76.23470507,Thrissur,128,21.215954,48.55230689,23.26413458,34.07978789,52.08977288,0.63633347,0.150000006,688.7999878,6.165999889,0.078,85.60199738,270.2539978,119.1999969,73.38600159,578.7999878,2.318000078,54.84400177,18.48600006,8.041999817,5.940000057
1682,10.31756113,76.7300859,Thrissur,823,24.733788,72.15768576,19.25506823,30.09957302,62.43047644,0.81976116,0.175999999,734.8099976,5.714000225,0.078,75.10800171,286.0639954,116.4000015,61.09199905,629.4000244,1.886000037,28.36400032,17.14800072,7.164000034,5.493999958
1683,10.56005207,76.24255464,Thrissur,45,16.240595,45.32783556,23.3154249,33.72531386,53.83511021,0.37622908,0.134000003,854.9799805,4.708000183,0.08,59.32600021,170.8659973,111.4000015,88.73600006,742.7999878,2.00999999,15.98200035,9.25399971,6.909999847,5.889999866
1684,10.69763542,76.19680993,Thrissur,30,6.2194185,40.71489668,23.26413458,34.07978789,52.08977288,0.49099022,0.134000003,854.9799805,4.708000183,0.08,59.32600021,170.8659973,111.4000015,88.73600006,742.7999878,2.00999999,15.98200035,9.25399971,6.909999847,5.889999866
1685,10.57866662,76.22648068,Thrissur,27,3.358162,45.32783556,23.3154249,33.72531386,53.83511021,0.41655958,0.134000003,854.9799805,4.708000183,0.08,59.32600021,170.8659973,111.4000015,88.73600006,742.7999878,2.00999999,15.98200035,9.25399971,6.909999847,5.889999866
1686,10.35293488,76.30371998,Thrissur,21,3.9613814,50.21294069,23.39185354,34.05244993,56.72195139,0.7145406,0.134000003,854.9799805,4.708000183,0.08,59.32600021,170.8659973,111.4000015,88.73600006,742.7999878,2.00999999,15.98200035,9.25399971,6.909999847,5.889999866
1687,10.51271539,76.24371527,Thrissur,34,9.740137,47.74122477,23.61360768,33.47900596,55.59075775,0.69259834,0.134000003,854.9799805,4.708000183,0.08,59.32600021,170.8659973,111.4000015,88.73600006,742.7999878,2.00999999,15.98200035,9.25399971,6.909999847,5.889999866
1688,10.49774552,76.25162709,Thrissur,23,2.643884,48.44956851,23.17819972,33.96383083,53.1523754,0.47087675,0.134000003,854.9799805,4.708000183,0.08,59.32600021,170.8659973,111.4000015,88.73600006,742.7999878,2.00999999,15.98200035,9.25399971,6.909999847,5.889999866
1689,10.37467588,76.29420445,Thrissur,15,1.3223808,51.45714903,23.39185354,34.05244993,56.72195139,0.76052004,0.134000003,854.9799805,4.708000183,0.08,59.32600021,170.8659973,111.4000015,88.73600006,742.7999878,2.00999999,15.98200035,9.25399971,6.909999847,5.889999866
1690,10.60799745,76.21869045,Thrissur,36,1.8543341,43.8237493,23.3154249,33.72531386,53.83511021,0.48442018,0.134000003,854.9799805,4.708000183,0.08,59.32600021,170.8659973,111.4000015,88.73600006,742.7999878,2.00999999,15.98200035,9.25399971,6.909999847,5.889999866
1691,10.65947255,76.20175826,Thrissur,48,12.384139,41.79854751,23.26413458,34.07978789,52.08977288,0.71438485,0.134000003,854.9799805,4.708000183,0.08,59.32600021,170.8659973,111.4000015,88.73600006,742.7999878,2.00999999,15.98200035,9.25399971,6.909999847,5.889999866
1692,10.33970678,76.56216935,Thrissur,254,23.887747,77.13388872,20.07347707,31.57309507,60.88853973,0.6441996,0.187999994,756.3699951,5.78000021,0.084,71.76200104,312.8340149,114.8000031,62.7159996,636.2000122,1.809999943,33.13600159,24.6779995,7.691999912,5.552000046
1693,10.30321718,76.62643076,Thrissur,357,7.8903527,70.41898012,20.07347707,31.57309507,60.88853973,0.7645161,0.187999994,756.3699951,5.78000021,0.084,71.76200104,312.8340149,114.8000031,62.7159996,636.2000122,1.809999943,33.13600159,24.6779995,7.691999912,5.552000046
1694,10.32321841,76.58541872,Thrissur,288,4.1950417,77.13388872,20.07347707,31.57309507,60.88853973,0.68123925,0.187999994,756.3699951,5.78000021,0.084,71.76200104,312.8340149,114.8000031,62.7159996,636.2000122,1.809999943,33.13600159,24.6779995,7.691999912,5.552000046
1695,10.32296322,76.60621481,Thrissur,553,33.172775,70.41898012,20.07347707,31.57309507,60.88853973,0.89959186,0.187999994,756.3699951,5.78000021,0.084,71.76200104,312.8340149,114.8000031,62.7159996,636.2000122,1.809999943,33.13600159,24.6779995,7.691999912,5.552000046
1696,10.32545418,76.53131082,Thrissur,367,21.59616,84.90287876,21.69911794,33.8718348,58.47862734,0.7401212,0.187999994,756.3699951,5.78000021,0.084,71.76200104,312.8340149,114.8000031,62.7159996,636.2000122,1.809999943,33.13600159,24.6779995,7.691999912,5.552000046
1697,10.35143886,76.62564531,Thrissur,482,8.745071,50.11939764,19.46394106,30.68196101,56.40680608,0.80423754,0.187999994,756.3699951,5.78000021,0.084,71.76200104,312.8340149,114.8000031,62.7159996,636.2000122,1.809999943,33.13600159,24.6779995,7.691999912,5.552000046
1698,10.27772623,76.67845926,Thrissur,459,16.095438,69.06238365,19.25506823,30.09957302,62.43047644,0.8271605,0.187999994,756.3699951,5.78000021,0.084,71.76200104,312.8340149,114.8000031,62.7159996,636.2000122,1.809999943,33.13600159,24.6779995,7.691999912,5.552000046
1699,10.3346139,76.54447235,Thrissur,354,10.418853,84.90287876,21.69911794,33.8718348,58.47862734,0.7562479,0.187999994,756.3699951,5.78000021,0.084,71.76200104,312.8340149,114.8000031,62.7159996,636.2000122,1.809999943,33.13600159,24.6779995,7.691999912,5.552000046
1700,10.7102477,76.22519077,Thrissur,49,4.709042,48.55230689,23.26413458,34.07978789,52.08977288,0.6450991,0.140000001,698.5800171,4.46999979,0.088,80.21800232,238.076004,122.1999969,71.91799927,621.5999756,2.095999956,22.26799965,15.95800018,8.06000042,5.934000015
1701,10.37873399,76.17051386,Thrissur,15,2.643372,47.96605706,23.86613748,33.33863878,58.66771131,0.66728127,0.122000001,850.5200195,4.958000183,0.09,66.96600342,144.0899963,119.5999985,67.52999878,770.4000244,2.160000086,22.68400002,8.758000374,4.978000164,5.68200016
1702,10.28292257,76.21856618,Thrissur,8,3.8221633,51.67973757,23.95077509,32.74798473,62.42143169,0.4625075,0.122000001,850.5200195,4.958000183,0.09,66.96600342,144.0899963,119.5999985,67.52999878,770.4000244,2.160000086,22.68400002,8.758000374,4.978000164,5.68200016
1703,10.62449307,76.06358692,Thrissur,3,2.976385,39.25604439,23.72721805,32.78547637,57.17137801,0.26681393,0.122000001,850.5200195,4.958000183,0.09,66.96600342,144.0899963,119.5999985,67.52999878,770.4000244,2.160000086,22.68400002,8.758000374,4.978000164,5.68200016
1704,10.70201144,76.09851495,Thrissur,40,4.6568913,40.34673834,23.42633209,33.58330952,55.18723366,0.69966996,0.122000001,850.5200195,4.958000183,0.09,66.96600342,144.0899963,119.5999985,67.52999878,770.4000244,2.160000086,22.68400002,8.758000374,4.978000164,5.68200016
1705,10.47186832,76.1160157,Thrissur,11,3.9621468,41.66307402,23.98908886,32.40902126,58.15682304,0.5755639,0.122000001,850.5200195,4.958000183,0.09,66.96600342,144.0899963,119.5999985,67.52999878,770.4000244,2.160000086,22.68400002,8.758000374,4.978000164,5.68200016
1706,10.6642957,76.09653194,Thrissur,11,13.768532,38.2015655,23.42633209,33.58330952,55.18723366,0.28145897,0.122000001,850.5200195,4.958000183,0.09,66.96600342,144.0899963,119.5999985,67.52999878,770.4000244,2.160000086,22.68400002,8.758000374,4.978000164,5.68200016
1707,10.32505793,76.17779275,Thrissur,5,2.7802885,47.29484081,23.95077509,32.74798473,62.42143169,0.58661085,0.122000001,850.5200195,4.958000183,0.09,66.96600342,144.0899963,119.5999985,67.52999878,770.4000244,2.160000086,22.68400002,8.758000374,4.978000164,5.68200016
1708,10.58285876,76.15477842,Thrissur,17,1.3228322,42.03940964,23.3154249,33.72531386,53.83511021,0.29842776,0.122000001,850.5200195,4.958000183,0.09,66.96600342,144.0899963,119.5999985,67.52999878,770.4000244,2.160000086,22.68400002,8.758000374,4.978000164,5.68200016
1709,10.23061788,76.2573984,Thrissur,7,8.4948,49.96327519,23.25080419,32.39768529,65.14937567,0.66591275,0.122000001,850.5200195,4.958000183,0.09,66.96600342,144.0899963,119.5999985,67.52999878,770.4000244,2.160000086,22.68400002,8.758000374,4.978000164,5.68200016
1710,10.56264478,76.13791552,Thrissur,11,11.112382,41.69895387,23.72721805,32.78547637,57.17137801,0.6224625,0.122000001,850.5200195,4.958000183,0.09,66.96600342,144.0899963,119.5999985,67.52999878,770.4000244,2.160000086,22.68400002,8.758000374,4.978000164,5.68200016
1711,10.35643714,76.15005718,Thrissur,4,2.1005137,47.96605706,23.86613748,33.33863878,58.66771131,0.5584416,0.122000001,850.5200195,4.958000183,0.09,66.96600342,144.0899963,119.5999985,67.52999878,770.4000244,2.160000086,22.68400002,8.758000374,4.978000164,5.68200016
1712,10.57725126,76.12675527,Thrissur,25,7.7256117,41.69895387,23.72721805,32.78547637,57.17137801,0.713878,0.122000001,850.5200195,4.958000183,0.09,66.96600342,144.0899963,119.5999985,67.52999878,770.4000244,2.160000086,22.68400002,8.758000374,4.978000164,5.68200016
1713,10.64780935,76.08075742,Thrissur,50,1.8543341,39.25604439,23.72721805,32.78547637,57.17137801,0.552855,0.122000001,850.5200195,4.958000183,0.09,66.96600342,144.0899963,119.5999985,67.52999878,770.4000244,2.160000086,22.68400002,8.758000374,4.978000164,5.68200016
1714,10.46696326,76.18081759,Thrissur,14,2.1011128,44.71165299,23.61360768,33.47900596,55.59075775,0.35972062,0.122000001,850.5200195,4.958000183,0.09,66.96600342,144.0899963,119.5999985,67.52999878,770.4000244,2.160000086,22.68400002,8.758000374,4.978000164,5.68200016
1715,10.55438344,76.09802018,Thrissur,16,3.3801372,40.17691255,23.72721805,32.78547637,57.17137801,0.7739753,0.122000001,850.5200195,4.958000183,0.09,66.96600342,144.0899963,119.5999985,67.52999878,770.4000244,2.160000086,22.68400002,8.758000374,4.978000164,5.68200016
1716,10.34854144,76.19030627,Thrissur,14,3.8777564,47.29484081,23.95077509,32.74798473,62.42143169,0.619768,0.122000001,850.5200195,4.958000183,0.09,66.96600342,144.0899963,119.5999985,67.52999878,770.4000244,2.160000086,22.68400002,8.758000374,4.978000164,5.68200016
1717,10.54316298,76.10192743,Thrissur,12,8.788654,43.32248497,23.98908886,32.40902126,58.15682304,0.7728505,0.122000001,850.5200195,4.958000183,0.09,66.96600342,144.0899963,119.5999985,67.52999878,770.4000244,2.160000086,22.68400002,8.758000374,4.978000164,5.68200016
1718,10.51031495,76.06882531,Thrissur,7,2.0801444,41.73312211,23.98908886,32.40902126,58.15682304,0.6579391,0.122000001,850.5200195,4.958000183,0.09,66.96600342,144.0899963,119.5999985,67.52999878,770.4000244,2.160000086,22.68400002,8.758000374,4.978000164,5.68200016
1719,10.5352022,76.16546484,Thrissur,-2,2.7802885,43.10746312,23.61360768,33.47900596,55.59075775,0.90740055,0.122000001,850.5200195,4.958000183,0.09,66.96600342,144.0899963,119.5999985,67.52999878,770.4000244,2.160000086,22.68400002,8.758000374,4.978000164,5.68200016
1720,10.32282816,76.20994212,Thrissur,-2,5.547545,50.55547214,23.95077509,32.74798473,62.42143169,0.48046875,0.122000001,850.5200195,4.958000183,0.09,66.96600342,144.0899963,119.5999985,67.52999878,770.4000244,2.160000086,22.68400002,8.758000374,4.978000164,5.68200016
1721,10.67651338,76.09484842,Thrissur,19,1.3230392,38.2015655,23.42633209,33.58330952,55.18723366,0.34195128,0.122000001,850.5200195,4.958000183,0.09,66.96600342,144.0899963,119.5999985,67.52999878,770.4000244,2.160000086,22.68400002,8.758000374,4.978000164,5.68200016
1722,10.59941919,76.09935391,Thrissur,18,0.943506,40.17691255,23.72721805,32.78547637,57.17137801,0.72197175,0.122000001,850.5200195,4.958000183,0.09,66.96600342,144.0899963,119.5999985,67.52999878,770.4000244,2.160000086,22.68400002,8.758000374,4.978000164,5.68200016
1723,10.61197045,76.19943953,Thrissur,30,2.0802858,40.93948436,23.3154249,33.72531386,53.83511021,0.7306761,0.123999998,854,4.619999886,0.096,58.44599915,142.326004,113.5999985,83.20400238,784.2000122,1.973999977,13.94799995,3.79399991,6,5.708000183
1724,10.54119926,76.18093036,Thrissur,2,3.8800182,43.10746312,23.61360768,33.47900596,55.59075775,0.54632777,0.123999998,854,4.619999886,0.096,58.44599915,142.326004,113.5999985,83.20400238,784.2000122,1.973999977,13.94799995,3.79399991,6,5.708000183
1725,10.70882198,76.12225741,Thrissur,20,0,42.36018658,23.42633209,33.58330952,55.18723366,0.78230053,0.123999998,854,4.619999886,0.096,58.44599915,142.326004,113.5999985,83.20400238,784.2000122,1.973999977,13.94799995,3.79399991,6,5.708000183
1726,10.31942634,76.25324406,Thrissur,13,2.9352713,52.18550825,23.47534753,33.7344152,60.46774122,0.8086053,0.123999998,854,4.619999886,0.096,58.44599915,142.326004,113.5999985,83.20400238,784.2000122,1.973999977,13.94799995,3.79399991,6,5.708000183
1727,10.48764337,76.21238273,Thrissur,15,2.935434,47.60540605,23.61360768,33.47900596,55.59075775,0.45276073,0.123999998,854,4.619999886,0.096,58.44599915,142.326004,113.5999985,83.20400238,784.2000122,1.973999977,13.94799995,3.79399991,6,5.708000183
1728,10.6143755,76.17575132,Thrissur,22,1.886593,40.93948436,23.3154249,33.72531386,53.83511021,0.44506106,0.123999998,854,4.619999886,0.096,58.44599915,142.326004,113.5999985,83.20400238,784.2000122,1.973999977,13.94799995,3.79399991,6,5.708000183
1729,10.40439514,76.24436605,Thrissur,5,3.9617128,49.02751112,23.86613748,33.33863878,58.66771131,0.8126055,0.123999998,854,4.619999886,0.096,58.44599915,142.326004,113.5999985,83.20400238,784.2000122,1.973999977,13.94799995,3.79399991,6,5.708000183
1730,10.52479415,76.21539833,Thrissur,32,2.8277874,47.74122477,23.61360768,33.47900596,55.59075775,0.2656271,0.123999998,854,4.619999886,0.096,58.44599915,142.326004,113.5999985,83.20400238,784.2000122,1.973999977,13.94799995,3.79399991,6,5.708000183
1731,10.41190582,76.21699619,Thrissur,11,0.92740995,49.02751112,23.86613748,33.33863878,58.66771131,0.58769345,0.123999998,854,4.619999886,0.096,58.44599915,142.326004,113.5999985,83.20400238,784.2000122,1.973999977,13.94799995,3.79399991,6,5.708000183
1732,10.68434285,76.01486529,Thrissur,-6,0,34.85697532,23.83029275,32.97698627,57.6895027,0.40188128,0.119999997,836.2399902,5.526000023,0.1,75.59799957,153.404007,120.8000031,52.20399857,733.4000244,2.461999893,30.44199944,9.515999794,4.176000118,5.731999874
1733,10.55921056,76.01739916,Thrissur,7,1.8543341,37.50769234,24.05427967,32.19229305,59.37870759,0.58410454,0.119999997,836.2399902,5.526000023,0.1,75.59799957,153.404007,120.8000031,52.20399857,733.4000244,2.461999893,30.44199944,9.515999794,4.176000118,5.731999874
1734,10.60248242,76.0127356,Thrissur,2,2.8285022,36.39570808,24.05427967,32.19229305,59.37870759,0.7755647,0.119999997,836.2399902,5.526000023,0.1,75.59799957,153.404007,120.8000031,52.20399857,733.4000244,2.461999893,30.44199944,9.515999794,4.176000118,5.731999874
1735,10.58877854,76.00415636,Thrissur,6,3.962909,37.50769234,24.05427967,32.19229305,59.37870759,0.57553154,0.119999997,836.2399902,5.526000023,0.1,75.59799957,153.404007,120.8000031,52.20399857,733.4000244,2.461999893,30.44199944,9.515999794,4.176000118,5.731999874
1736,10.66155489,76.01128906,Thrissur,16,0,34.85697532,23.83029275,32.97698627,57.6895027,0.5140959,0.119999997,836.2399902,5.526000023,0.1,75.59799957,153.404007,120.8000031,52.20399857,733.4000244,2.461999893,30.44199944,9.515999794,4.176000118,5.731999874
1737,8.634000477,76.80476089,Thiruvananthapuram,16,2.0920427,50.41063809,23.39725647,29.93408382,68.52276609,0.69432074,0.153999999,838.9799805,4.671999931,0.09,63.04199982,220.4499969,125,79.72599792,758.5999756,2.079999924,22.16200066,9.048000336,6.375999928,5.952000141
1738,8.754295132,76.73668699,Thiruvananthapuram,29,7.5010586,62.7181685,23.20093215,31.74033114,64.83876412,0.74968946,0.153999999,838.9799805,4.671999931,0.09,63.04199982,220.4499969,125,79.72599792,758.5999756,2.079999924,22.16200066,9.048000336,6.375999928,5.952000141
1739,8.65011405,76.78050047,Thiruvananthapuram,16,2.9607356,45.1712029,23.36155301,30.94106366,65.66001376,0.37339354,0.153999999,838.9799805,4.671999931,0.09,63.04199982,220.4499969,125,79.72599792,758.5999756,2.079999924,22.16200066,9.048000336,6.375999928,5.952000141
1740,8.659507613,76.8270278,Thiruvananthapuram,51,7.3788605,44.42846203,23.36155301,30.94106366,65.66001376,0.49408028,0.153999999,838.9799805,4.671999931,0.09,63.04199982,220.4499969,125,79.72599792,758.5999756,2.079999924,22.16200066,9.048000336,6.375999928,5.952000141
1741,8.61072484,76.84324986,Thiruvananthapuram,30,3.366674,50.41063809,23.39725647,29.93408382,68.52276609,0.5588135,0.153999999,838.9799805,4.671999931,0.09,63.04199982,220.4499969,125,79.72599792,758.5999756,2.079999924,22.16200066,9.048000336,6.375999928,5.952000141
1742,8.638412526,76.83053062,Thiruvananthapuram,42,8.543845,50.41063809,23.39725647,29.93408382,68.52276609,0.6418473,0.153999999,838.9799805,4.671999931,0.09,63.04199982,220.4499969,125,79.72599792,758.5999756,2.079999924,22.16200066,9.048000336,6.375999928,5.952000141
1743,8.703979609,76.79908646,Thiruvananthapuram,16,5.438166,56.93816376,23.36155301,30.94106366,65.66001376,0.46594524,0.153999999,838.9799805,4.671999931,0.09,63.04199982,220.4499969,125,79.72599792,758.5999756,2.079999924,22.16200066,9.048000336,6.375999928,5.952000141
1744,8.655311634,76.77404286,Thiruvananthapuram,18,1.8543341,45.1712029,23.36155301,30.94106366,65.66001376,0.516496,0.153999999,838.9799805,4.671999931,0.09,63.04199982,220.4499969,125,79.72599792,758.5999756,2.079999924,22.16200066,9.048000336,6.375999928,5.952000141
1745,8.66511466,76.7780458,Thiruvananthapuram,12,2.0778325,45.1712029,23.36155301,30.94106366,65.66001376,0.6587246,0.153999999,838.9799805,4.671999931,0.09,63.04199982,220.4499969,125,79.72599792,758.5999756,2.079999924,22.16200066,9.048000336,6.375999928,5.952000141
1746,8.785897357,76.71753575,Thiruvananthapuram,42,1.3192469,62.7181685,23.20093215,31.74033114,64.83876412,0.47123545,0.153999999,838.9799805,4.671999931,0.09,63.04199982,220.4499969,125,79.72599792,758.5999756,2.079999924,22.16200066,9.048000336,6.375999928,5.952000141
1747,8.518458446,77.18854194,Thiruvananthapuram,92,8.542297,76.86479759,21.13776787,30.93271868,65.68631702,0.71737057,0.158000007,788.2199707,5.754000187,0.09,71.30400085,222.5079956,120.4000015,69,715.7999878,2.279999971,21.35400009,8.876000404,6.032000065,5.84800005
1748,8.726873931,77.1408928,Thiruvananthapuram,796,28.595573,113.9520617,20.23771689,30.44333538,66.17749837,0.4912183,0.158000007,788.2199707,5.754000187,0.09,71.30400085,222.5079956,120.4000015,69,715.7999878,2.279999971,21.35400009,8.876000404,6.032000065,5.84800005
1749,8.715993989,77.16156841,Thiruvananthapuram,609,32.033466,109.8257432,18.48275699,28.02242695,65.61171027,0.8344827,0.158000007,788.2199707,5.754000187,0.09,71.30400085,222.5079956,120.4000015,69,715.7999878,2.279999971,21.35400009,8.876000404,6.032000065,5.84800005
1750,8.700262256,77.14703639,Thiruvananthapuram,437,20.14339,113.9520617,20.23771689,30.44333538,66.17749837,0.7696355,0.158000007,788.2199707,5.754000187,0.09,71.30400085,222.5079956,120.4000015,69,715.7999878,2.279999971,21.35400009,8.876000404,6.032000065,5.84800005
1751,8.7285263,77.12080316,Thiruvananthapuram,219,2.8128145,113.9520617,20.23771689,30.44333538,66.17749837,0.77926564,0.158000007,788.2199707,5.754000187,0.09,71.30400085,222.5079956,120.4000015,69,715.7999878,2.279999971,21.35400009,8.876000404,6.032000065,5.84800005
1752,8.75246299,77.14143318,Thiruvananthapuram,1000,16.950876,95.26791334,19.22359251,30.32725467,64.44955848,0.83288217,0.158000007,788.2199707,5.754000187,0.09,71.30400085,222.5079956,120.4000015,69,715.7999878,2.279999971,21.35400009,8.876000404,6.032000065,5.84800005
1753,8.655552852,77.16915126,Thiruvananthapuram,257,3.352187,126.7542849,18.48275699,28.02242695,65.61171027,0.7473877,0.158000007,788.2199707,5.754000187,0.09,71.30400085,222.5079956,120.4000015,69,715.7999878,2.279999971,21.35400009,8.876000404,6.032000065,5.84800005
1754,8.750502114,77.12598366,Thiruvananthapuram,782,20.482185,95.26791334,19.22359251,30.32725467,64.44955848,0.82721573,0.158000007,788.2199707,5.754000187,0.09,71.30400085,222.5079956,120.4000015,69,715.7999878,2.279999971,21.35400009,8.876000404,6.032000065,5.84800005
1755,8.784126606,77.10349038,Thiruvananthapuram,806,32.150864,95.26791334,19.22359251,30.32725467,64.44955848,0.7962778,0.158000007,788.2199707,5.754000187,0.09,71.30400085,222.5079956,120.4000015,69,715.7999878,2.279999971,21.35400009,8.876000404,6.032000065,5.84800005
1756,8.473758403,76.98943552,Thiruvananthapuram,39,2.091335,49.11489439,22.53850129,30.35710691,68.50168295,0.12312549,0.170000002,809.7800293,5.820000172,0.096,67.95800018,249.2779999,118.8000031,70.62400055,722.5999756,2.203999996,26.12599945,16.40600014,6.559999943,5.906000137
1757,8.462607758,77.07521519,Thiruvananthapuram,57,2.9336622,68.08835793,22.30454538,30.93968643,68.66169215,0.31668383,0.170000002,809.7800293,5.820000172,0.096,67.95800018,249.2779999,118.8000031,70.62400055,722.5999756,2.203999996,26.12599945,16.40600014,6.559999943,5.906000137
1758,8.57571548,76.94497404,Thiruvananthapuram,79,15.412393,52.08876824,22.88421152,30.54030499,67.21910332,0.5868809,0.170000002,809.7800293,5.820000172,0.096,67.95800018,249.2779999,118.8000031,70.62400055,722.5999756,2.203999996,26.12599945,16.40600014,6.559999943,5.906000137
1759,8.660692477,77.03953972,Thiruvananthapuram,138,6.464861,63.13491845,21.75368126,31.71451327,66.48998295,0.7061413,0.170000002,809.7800293,5.820000172,0.096,67.95800018,249.2779999,118.8000031,70.62400055,722.5999756,2.203999996,26.12599945,16.40600014,6.559999943,5.906000137
1760,8.814931182,76.81128365,Thiruvananthapuram,89,5.6885643,65.79179573,23.18159953,31.7420638,64.30044497,0.53781766,0.170000002,809.7800293,5.820000172,0.096,67.95800018,249.2779999,118.8000031,70.62400055,722.5999756,2.203999996,26.12599945,16.40600014,6.559999943,5.906000137
1761,8.43566581,77.12382473,Thiruvananthapuram,72,7.514817,68.5303719,22.65772637,30.5093378,68.85684487,0.12115807,0.170000002,809.7800293,5.820000172,0.096,67.95800018,249.2779999,118.8000031,70.62400055,722.5999756,2.203999996,26.12599945,16.40600014,6.559999943,5.906000137
1762,8.40809578,77.02057884,Thiruvananthapuram,42,2.0775483,64.35830331,22.86141594,29.52774437,69.77051574,0.09262243,0.170000002,809.7800293,5.820000172,0.096,67.95800018,249.2779999,118.8000031,70.62400055,722.5999756,2.203999996,26.12599945,16.40600014,6.559999943,5.906000137
1763,8.643921048,77.11416238,Thiruvananthapuram,135,16.628256,73.50639701,21.31276882,30.87235597,67.92487203,0.74067163,0.170000002,809.7800293,5.820000172,0.096,67.95800018,249.2779999,118.8000031,70.62400055,722.5999756,2.203999996,26.12599945,16.40600014,6.559999943,5.906000137
1764,8.513554874,77.10001731,Thiruvananthapuram,61,13.554045,67.0889082,22.30454538,30.93968643,68.66169215,0.533121,0.170000002,809.7800293,5.820000172,0.096,67.95800018,249.2779999,118.8000031,70.62400055,722.5999756,2.203999996,26.12599945,16.40600014,6.559999943,5.906000137
1765,8.482284378,76.9693897,Thiruvananthapuram,34,2.9336772,49.11489439,22.53850129,30.35710691,68.50168295,0.14529221,0.170000002,809.7800293,5.820000172,0.096,67.95800018,249.2779999,118.8000031,70.62400055,722.5999756,2.203999996,26.12599945,16.40600014,6.559999943,5.906000137
1766,8.413020431,77.11851167,Thiruvananthapuram,53,9.601142,68.5303719,22.65772637,30.5093378,68.85684487,0.1325833,0.170000002,809.7800293,5.820000172,0.096,67.95800018,249.2779999,118.8000031,70.62400055,722.5999756,2.203999996,26.12599945,16.40600014,6.559999943,5.906000137
1767,8.489259791,77.06173962,Thiruvananthapuram,81,7.4971213,68.08835793,22.30454538,30.93968643,68.66169215,0.43920594,0.170000002,809.7800293,5.820000172,0.096,67.95800018,249.2779999,118.8000031,70.62400055,722.5999756,2.203999996,26.12599945,16.40600014,6.559999943,5.906000137
1768,8.596719412,76.95199295,Thiruvananthapuram,97,7.8650827,52.83023334,22.54902986,31.15693554,67.84561487,0.10998971,0.170000002,809.7800293,5.820000172,0.096,67.95800018,249.2779999,118.8000031,70.62400055,722.5999756,2.203999996,26.12599945,16.40600014,6.559999943,5.906000137
1769,8.59704171,77.04490829,Thiruvananthapuram,77,11.495089,65.26549387,22.54902986,31.15693554,67.84561487,0.6834179,0.170000002,809.7800293,5.820000172,0.096,67.95800018,249.2779999,118.8000031,70.62400055,722.5999756,2.203999996,26.12599945,16.40600014,6.559999943,5.906000137
1770,8.552220305,77.14773772,Thiruvananthapuram,85,4.646084,68.81095099,21.31276882,30.87235597,67.92487203,0.7021588,0.170000002,809.7800293,5.820000172,0.096,67.95800018,249.2779999,118.8000031,70.62400055,722.5999756,2.203999996,26.12599945,16.40600014,6.559999943,5.906000137
1771,8.601639173,76.87788903,Thiruvananthapuram,45,5.0307436,48.52207041,22.88421152,30.54030499,67.21910332,0.7147365,0.170000002,809.7800293,5.820000172,0.096,67.95800018,249.2779999,118.8000031,70.62400055,722.5999756,2.203999996,26.12599945,16.40600014,6.559999943,5.906000137
1772,8.712837486,76.99580902,Thiruvananthapuram,104,9.966769,64.80819583,21.75368126,31.71451327,66.48998295,0.67057705,0.170000002,809.7800293,5.820000172,0.096,67.95800018,249.2779999,118.8000031,70.62400055,722.5999756,2.203999996,26.12599945,16.40600014,6.559999943,5.906000137
1773,8.665396863,76.8860034,Thiruvananthapuram,54,7.456631,58.57366133,22.78874675,31.21920271,66.14518933,0.7147573,0.170000002,809.7800293,5.820000172,0.096,67.95800018,249.2779999,118.8000031,70.62400055,722.5999756,2.203999996,26.12599945,16.40600014,6.559999943,5.906000137
1774,8.64897672,77.04198149,Thiruvananthapuram,206,9.826267,58.73757958,22.54902986,31.15693554,67.84561487,0.75507385,0.170000002,809.7800293,5.820000172,0.096,67.95800018,249.2779999,118.8000031,70.62400055,722.5999756,2.203999996,26.12599945,16.40600014,6.559999943,5.906000137
1775,8.550595088,77.11212848,Thiruvananthapuram,120,3.858766,68.81095099,21.31276882,30.87235597,67.92487203,0.58422667,0.170000002,809.7800293,5.820000172,0.096,67.95800018,249.2779999,118.8000031,70.62400055,722.5999756,2.203999996,26.12599945,16.40600014,6.559999943,5.906000137
1776,8.730809586,76.99980998,Thiruvananthapuram,67,5.90688,64.80819583,21.75368126,31.71451327,66.48998295,0.77655745,0.170000002,809.7800293,5.820000172,0.096,67.95800018,249.2779999,118.8000031,70.62400055,722.5999756,2.203999996,26.12599945,16.40600014,6.559999943,5.906000137
1777,8.487146146,77.11335307,Thiruvananthapuram,81,10.006392,70.98308396,22.30454538,30.93968643,68.66169215,0.40249163,0.170000002,809.7800293,5.820000172,0.096,67.95800018,249.2779999,118.8000031,70.62400055,722.5999756,2.203999996,26.12599945,16.40600014,6.559999943,5.906000137
1778,8.751812577,76.89110728,Thiruvananthapuram,36,6.6821136,61.68591022,22.2303703,32.06794023,64.51377451,0.77993715,0.170000002,809.7800293,5.820000172,0.096,67.95800018,249.2779999,118.8000031,70.62400055,722.5999756,2.203999996,26.12599945,16.40600014,6.559999943,5.906000137
1779,8.784514197,77.04443402,Thiruvananthapuram,130,13.918761,67.995435,21.17844386,32.26513509,64.36700992,0.75524026,0.170000002,809.7800293,5.820000172,0.096,67.95800018,249.2779999,118.8000031,70.62400055,722.5999756,2.203999996,26.12599945,16.40600014,6.559999943,5.906000137
1780,8.468675316,77.04119712,Thiruvananthapuram,42,5.957283,68.83418918,22.53850129,30.35710691,68.50168295,0.6363245,0.170000002,809.7800293,5.820000172,0.096,67.95800018,249.2779999,118.8000031,70.62400055,722.5999756,2.203999996,26.12599945,16.40600014,6.559999943,5.906000137
1781,8.531736705,76.97134098,Thiruvananthapuram,47,2.6361969,50.35692239,22.53850129,30.35710691,68.50168295,0.15155639,0.170000002,809.7800293,5.820000172,0.096,67.95800018,249.2779999,118.8000031,70.62400055,722.5999756,2.203999996,26.12599945,16.40600014,6.559999943,5.906000137
1782,8.43754638,77.16063191,Thiruvananthapuram,88,9.809311,76.93974113,22.78368267,31.92423006,64.65084138,0.72176933,0.170000002,809.7800293,5.820000172,0.096,67.95800018,249.2779999,118.8000031,70.62400055,722.5999756,2.203999996,26.12599945,16.40600014,6.559999943,5.906000137
1783,8.618148343,76.8689317,Thiruvananthapuram,31,4.6799774,48.52207041,22.88421152,30.54030499,67.21910332,0.5918495,0.170000002,809.7800293,5.820000172,0.096,67.95800018,249.2779999,118.8000031,70.62400055,722.5999756,2.203999996,26.12599945,16.40600014,6.559999943,5.906000137
1784,8.516301184,77.0833245,Thiruvananthapuram,66,6.5363197,67.0889082,22.30454538,30.93968643,68.66169215,0.68910456,0.170000002,809.7800293,5.820000172,0.096,67.95800018,249.2779999,118.8000031,70.62400055,722.5999756,2.203999996,26.12599945,16.40600014,6.559999943,5.906000137
1785,8.590794854,77.12704265,Thiruvananthapuram,111,7.9577107,68.81095099,21.31276882,30.87235597,67.92487203,0.7122233,0.170000002,809.7800293,5.820000172,0.096,67.95800018,249.2779999,118.8000031,70.62400055,722.5999756,2.203999996,26.12599945,16.40600014,6.559999943,5.906000137
1786,8.477709195,77.14611113,Thiruvananthapuram,72,13.055386,70.98308396,22.30454538,30.93968643,68.66169215,0.75838745,0.170000002,809.7800293,5.820000172,0.096,67.95800018,249.2779999,118.8000031,70.62400055,722.5999756,2.203999996,26.12599945,16.40600014,6.559999943,5.906000137
1787,8.436760526,77.12182186,Thiruvananthapuram,80,12.801332,68.5303719,22.65772637,30.5093378,68.85684487,0.07133717,0.170000002,809.7800293,5.820000172,0.096,67.95800018,249.2779999,118.8000031,70.62400055,722.5999756,2.203999996,26.12599945,16.40600014,6.559999943,5.906000137
1788,8.694260181,77.02271672,Thiruvananthapuram,103,8.820705,63.13491845,21.75368126,31.71451327,66.48998295,0.7730457,0.170000002,809.7800293,5.820000172,0.096,67.95800018,249.2779999,118.8000031,70.62400055,722.5999756,2.203999996,26.12599945,16.40600014,6.559999943,5.906000137
1789,8.486305512,76.98019939,Thiruvananthapuram,48,6.726827,49.11489439,22.53850129,30.35710691,68.50168295,0.31478658,0.170000002,809.7800293,5.820000172,0.096,67.95800018,249.2779999,118.8000031,70.62400055,722.5999756,2.203999996,26.12599945,16.40600014,6.559999943,5.906000137
1790,8.75675571,77.06554045,Thiruvananthapuram,114,9.146284,96.03098297,19.22359251,30.32725467,64.44955848,0.7149942,0.170000002,809.7800293,5.820000172,0.096,67.95800018,249.2779999,118.8000031,70.62400055,722.5999756,2.203999996,26.12599945,16.40600014,6.559999943,5.906000137
1791,8.798939007,77.09011033,Thiruvananthapuram,341,28.311642,96.03098297,19.22359251,30.32725467,64.44955848,0.7797573,0.170000002,809.7800293,5.820000172,0.096,67.95800018,249.2779999,118.8000031,70.62400055,722.5999756,2.203999996,26.12599945,16.40600014,6.559999943,5.906000137
1792,8.685966171,76.83666747,Thiruvananthapuram,36,2.6367402,44.42846203,23.36155301,30.94106366,65.66001376,0.45245805,0.170000002,809.7800293,5.820000172,0.096,67.95800018,249.2779999,118.8000031,70.62400055,722.5999756,2.203999996,26.12599945,16.40600014,6.559999943,5.906000137
1793,8.787874251,77.04024861,Thiruvananthapuram,166,4.9902606,67.995435,21.17844386,32.26513509,64.36700992,0.7316501,0.170000002,809.7800293,5.820000172,0.096,67.95800018,249.2779999,118.8000031,70.62400055,722.5999756,2.203999996,26.12599945,16.40600014,6.559999943,5.906000137
1794,8.744891785,76.93626711,Thiruvananthapuram,98,5.262774,67.05598092,22.78874675,31.21920271,66.14518933,0.6316712,0.170000002,809.7800293,5.820000172,0.096,67.95800018,249.2779999,118.8000031,70.62400055,722.5999756,2.203999996,26.12599945,16.40600014,6.559999943,5.906000137
1795,8.622860642,76.96894595,Thiruvananthapuram,102,11.68785,63.00865674,22.54902986,31.15693554,67.84561487,0.11244057,0.170000002,809.7800293,5.820000172,0.096,67.95800018,249.2779999,118.8000031,70.62400055,722.5999756,2.203999996,26.12599945,16.40600014,6.559999943,5.906000137
1796,8.515454954,76.9955771,Thiruvananthapuram,19,1.8543341,50.35692239,22.53850129,30.35710691,68.50168295,0.093895406,0.170000002,809.7800293,5.820000172,0.096,67.95800018,249.2779999,118.8000031,70.62400055,722.5999756,2.203999996,26.12599945,16.40600014,6.559999943,5.906000137
1797,8.689396506,77.04502009,Thiruvananthapuram,140,5.408725,63.13491845,21.75368126,31.71451327,66.48998295,0.6875092,0.170000002,809.7800293,5.820000172,0.096,67.95800018,249.2779999,118.8000031,70.62400055,722.5999756,2.203999996,26.12599945,16.40600014,6.559999943,5.906000137
1798,8.542166283,77.10898771,Thiruvananthapuram,149,7.4560313,65.94258094,22.30454538,30.93968643,68.66169215,0.6582746,0.170000002,809.7800293,5.820000172,0.096,67.95800018,249.2779999,118.8000031,70.62400055,722.5999756,2.203999996,26.12599945,16.40600014,6.559999943,5.906000137
1799,8.794984104,76.85129119,Thiruvananthapuram,53,5.439145,61.68591022,22.2303703,32.06794023,64.51377451,0.68317425,0.170000002,809.7800293,5.820000172,0.096,67.95800018,249.2779999,118.8000031,70.62400055,722.5999756,2.203999996,26.12599945,16.40600014,6.559999943,5.906000137
1800,8.483311052,77.01807941,Thiruvananthapuram,35,6.535761,68.83418918,22.53850129,30.35710691,68.50168295,0.15214564,0.170000002,809.7800293,5.820000172,0.096,67.95800018,249.2779999,118.8000031,70.62400055,722.5999756,2.203999996,26.12599945,16.40600014,6.559999943,5.906000137
1801,8.687043888,76.88096218,Thiruvananthapuram,31,4.150264,58.57366133,22.78874675,31.21920271,66.14518933,0.75093687,0.170000002,809.7800293,5.820000172,0.096,67.95800018,249.2779999,118.8000031,70.62400055,722.5999756,2.203999996,26.12599945,16.40600014,6.559999943,5.906000137
1802,8.60738585,77.12428449,Thiruvananthapuram,110,2.9604335,73.50639701,21.31276882,30.87235597,67.92487203,0.7394564,0.170000002,809.7800293,5.820000172,0.096,67.95800018,249.2779999,118.8000031,70.62400055,722.5999756,2.203999996,26.12599945,16.40600014,6.559999943,5.906000137
1803,8.6984864,76.94578907,Thiruvananthapuram,44,6.7929015,61.74483776,22.78874675,31.21920271,66.14518933,0.58565855,0.170000002,809.7800293,5.820000172,0.096,67.95800018,249.2779999,118.8000031,70.62400055,722.5999756,2.203999996,26.12599945,16.40600014,6.559999943,5.906000137
1804,8.791570219,77.09216851,Thiruvananthapuram,551,12.946978,96.03098297,19.22359251,30.32725467,64.44955848,0.86315954,0.170000002,809.7800293,5.820000172,0.096,67.95800018,249.2779999,118.8000031,70.62400055,722.5999756,2.203999996,26.12599945,16.40600014,6.559999943,5.906000137
1805,8.516148866,76.93643859,Thiruvananthapuram,22,3.858439,45.37050653,23.06548041,29.89402976,67.70596695,0.11844253,0.170000002,809.7800293,5.820000172,0.096,67.95800018,249.2779999,118.8000031,70.62400055,722.5999756,2.203999996,26.12599945,16.40600014,6.559999943,5.906000137
1806,8.683578716,76.82586273,Thiruvananthapuram,48,4.770979,44.42846203,23.36155301,30.94106366,65.66001376,0.5452941,0.170000002,809.7800293,5.820000172,0.096,67.95800018,249.2779999,118.8000031,70.62400055,722.5999756,2.203999996,26.12599945,16.40600014,6.559999943,5.906000137
1807,8.364073817,77.13085878,Thiruvananthapuram,46,6.707286,59.97612834,22.65772637,30.5093378,68.85684487,0.29101497,0.170000002,809.7800293,5.820000172,0.096,67.95800018,249.2779999,118.8000031,70.62400055,722.5999756,2.203999996,26.12599945,16.40600014,6.559999943,5.906000137
1808,8.417101464,77.17985903,Thiruvananthapuram,73,7.6081753,76.93974113,22.78368267,31.92423006,64.65084138,0.7633844,0.170000002,809.7800293,5.820000172,0.096,67.95800018,249.2779999,118.8000031,70.62400055,722.5999756,2.203999996,26.12599945,16.40600014,6.559999943,5.906000137
1809,8.626346142,76.91381785,Thiruvananthapuram,62,12.01249,60.58518004,22.88421152,30.54030499,67.21910332,0.52232724,0.170000002,809.7800293,5.820000172,0.096,67.95800018,249.2779999,118.8000031,70.62400055,722.5999756,2.203999996,26.12599945,16.40600014,6.559999943,5.906000137
1810,8.622037768,76.84841063,Thiruvananthapuram,53,0,50.41063809,23.39725647,29.93408382,68.52276609,0.39911112,0.170000002,809.7800293,5.820000172,0.096,67.95800018,249.2779999,118.8000031,70.62400055,722.5999756,2.203999996,26.12599945,16.40600014,6.559999943,5.906000137
1811,8.421927997,77.15891678,Thiruvananthapuram,68,11.164766,76.93974113,22.78368267,31.92423006,64.65084138,0.7413648,0.170000002,809.7800293,5.820000172,0.096,67.95800018,249.2779999,118.8000031,70.62400055,722.5999756,2.203999996,26.12599945,16.40600014,6.559999943,5.906000137
1812,8.706098683,77.10360034,Thiruvananthapuram,105,4.179163,113.9520617,20.23771689,30.44333538,66.17749837,0.67643315,0.170000002,809.7800293,5.820000172,0.096,67.95800018,249.2779999,118.8000031,70.62400055,722.5999756,2.203999996,26.12599945,16.40600014,6.559999943,5.906000137
1813,8.78773092,77.05081067,Thiruvananthapuram,246,13.172718,96.03098297,19.22359251,30.32725467,64.44955848,0.8055605,0.170000002,809.7800293,5.820000172,0.096,67.95800018,249.2779999,118.8000031,70.62400055,722.5999756,2.203999996,26.12599945,16.40600014,6.559999943,5.906000137
1814,8.505690557,76.96156226,Thiruvananthapuram,44,4.7688365,50.35692239,22.53850129,30.35710691,68.50168295,0.16219735,0.170000002,809.7800293,5.820000172,0.096,67.95800018,249.2779999,118.8000031,70.62400055,722.5999756,2.203999996,26.12599945,16.40600014,6.559999943,5.906000137
1815,8.467728646,76.96542252,Thiruvananthapuram,16,1.3186853,49.11489439,22.53850129,30.35710691,68.50168295,0.30027547,0.170000002,809.7800293,5.820000172,0.096,67.95800018,249.2779999,118.8000031,70.62400055,722.5999756,2.203999996,26.12599945,16.40600014,6.559999943,5.906000137
1816,8.404452865,77.09157083,Thiruvananthapuram,22,2.933617,62.99983406,22.65772637,30.5093378,68.85684487,0.31615385,0.170000002,809.7800293,5.820000172,0.096,67.95800018,249.2779999,118.8000031,70.62400055,722.5999756,2.203999996,26.12599945,16.40600014,6.559999943,5.906000137
1817,8.54035695,76.91327438,Thiruvananthapuram,43,5.904208,45.37050653,23.06548041,29.89402976,67.70596695,0.3387526,0.170000002,809.7800293,5.820000172,0.096,67.95800018,249.2779999,118.8000031,70.62400055,722.5999756,2.203999996,26.12599945,16.40600014,6.559999943,5.906000137
1818,8.449290578,77.10323772,Thiruvananthapuram,34,2.9593291,68.5303719,22.65772637,30.5093378,68.85684487,0.27176067,0.170000002,809.7800293,5.820000172,0.096,67.95800018,249.2779999,118.8000031,70.62400055,722.5999756,2.203999996,26.12599945,16.40600014,6.559999943,5.906000137
1819,11.68879986,76.28620148,Wayanad,921,5.738718,12.86354589,14.73629282,27.72364407,59.73813951,0.6515048,0.076339286,305.3571428,6.840000153,0.02,124.4353125,346.9584961,101.7857143,39.69642856,381.6964285,1.526785714,74.84999847,49.56549835,4.989999771,6.099999905
1820,11.72210598,76.149667,Wayanad,800,1.3254768,18.84184039,16.32744619,29.33652412,62.41055442,0.52288216,0.078000002,312,1.960000038,0.02,88.7872467,222.25,104,40.56000137,390,1.559999943,145.4488525,31.75,9.696590424,6.550000191
1821,11.78339386,76.189161,Wayanad,824,1.8543341,23.74894345,16.4266591,28.94855652,58.86110322,0.74318343,0.034449998,137.8000031,3.140000105,0.03,106.4562531,250.2149963,45.93333333,17.91399956,172.25,0.68900001,59.43000031,35.74499893,3.961999893,5.5
1822,11.81589127,76.179327,Wayanad,796,2.9368205,25.52896392,16.4266591,28.94855652,58.86110322,0.5225206,0.235714286,942.8571428,5.690000057,0.03,62.35649872,217.5075073,314.2857143,122.5714286,1178.571429,4.714285714,70.34999847,31.07250023,4.690000057,5.679999828
1823,11.6076231,76.152951,Wayanad,791,5.0714335,30.04404676,15.18494752,27.48131372,62.53044412,0.70471305,0.100000001,414,8.93999958,0.03,89.08999634,294.769989,138,53.81999969,517.5,2.069999933,80.54000092,42.11000061,5.369999886,4.789999962
1824,11.80012798,76.202187,Wayanad,766,6.6668835,27.14290547,16.4266591,28.94855652,58.86110322,0.6227933,0.043523316,174.0932642,3.470000029,0.04,62.5523625,0,58.03108808,22.63212435,217.6165803,0.870466321,60.0617115,0,4.0041141,5.489999771
1825,11.64340019,76.30951691,Wayanad,851,4.7224317,20.57959223,14.72673187,27.51860673,62.38642216,0.24487162,0.128571429,514.2857142,3.25999999,0.04,74.875,633.5,171.4285714,66.85714285,642.8571428,2.571428571,80.69999695,90.5,5.380000114,5.800000191
1826,11.65338039,76.168083,Wayanad,762,7.4740334,20.85900843,16.04212262,28.8355131,60.19013451,0.6740032,0.109999999,442,6.119999886,0.04,67.5,474.8500061,147.3300018,57.45999908,552.5,2.210000038,44.77999878,67.83999634,2.99000001,5.610000134
1827,11.62379265,76.13618469,Wayanad,761,4.2098947,32.90189242,15.89819567,27.89625965,63.8170557,0.54966885,0.119999997,460,3.150000095,0.04,75.58999634,278.8999939,153.3300018,59.79999924,575,2.299999952,74.29000092,39.84000015,4.949999809,4.949999809
1828,11.79652691,76.175803,Wayanad,800,3.8958342,23.74894345,16.4266591,28.94855652,58.86110322,0.3559993,0.057512953,230.0518135,2.50999999,0.05,73.01578625,261.491125,76.68393782,29.90673575,287.5647668,1.150259067,78.03749847,37.355875,5.202499866,5.570000172
1829,11.74510002,76.21029663,Wayanad,857,7.9040895,19.57235852,16.04212262,28.8355131,60.19013451,0.54385966,0.069642857,278.5714286,6.420000076,0.05,126,139.125,92.85714287,36.21428572,348.2142858,1.392857143,121.9499969,19.875,8.130000114,5.599999905
1830,11.85135746,76.162776,Wayanad,713,3.7047918,23.41175294,16.39262411,28.42335742,58.95388257,0.6158237,0.097499996,390,6.869999886,0.05,87.7324375,301.5075073,130,50.70000076,487.5,1.950000048,120.3216019,43.07249832,8.021439552,5.320000172
1831,11.61200047,76.23549652,Wayanad,923,4.6273675,19.43977642,15.18494752,27.48131372,62.53044412,0.7665996,0.104464286,417.8571428,6.960000038,0.05,106.25,290.8628975,139.2857143,54.32142856,522.3214285,2.089285714,53.54999924,41.5518425,3.569999933,6.210000038
1832,11.69040966,76.33579254,Wayanad,864,5.993897,15.09248847,14.73629282,27.72364407,59.73813951,0.62656534,0.139285714,557.1428572,2.869999886,0.05,89.06874847,515.375,185.7142857,72.42857144,696.4285715,2.785714286,61.79999924,73.625,4.119999886,5.400000095
1833,11.8595314,76.15131378,Wayanad,727,6.7580466,23.41175294,16.39262411,28.42335742,58.95388257,0.4076293,0.228,912,5.962999821,0.05,115.75,734.72875,304,118.5599976,1140,4.559999943,135.1499939,104.9612503,9.010000229,5.889999866
1834,11.66153145,76.07001495,Wayanad,769,5.663717,24.71585375,16.32744619,29.33652412,62.41055442,0.6692673,0.090000004,354,8.970000267,0.05,51.04999924,266.8800049,118,46.02000046,442.5,1.769999981,32.84999847,38.13000107,2.190000057,5.909999847
1835,11.63309574,76.116244,Wayanad,758,3.3619869,32.90189242,15.89819567,27.89625965,63.8170557,0.64801866,0.109999999,436,3.900000095,0.05,79.84999847,320.019989,145.3300018,56.68000031,545,2.180000067,63.38000107,45.72000122,4.230000019,5.010000229
1836,11.59531116,76.079891,Wayanad,750,5.9545364,47.83427739,15.89819567,27.89625965,63.8170557,0.30362016,0.119999997,720,5.880000114,0.05,55.40000153,190.5099945,192,68.25,512,1.850000024,11.43999958,43.13000107,4.300000191,5.619999886
1837,11.54069996,76.0039978,Wayanad,898,11.105647,107.3562555,17.93006102,29.24338868,65.56911816,0.83154184,0.129999995,520,2.25999999,0.05,125.5,676.375,173.3333333,67.59999847,650,2.599999905,46.79999924,96.625,3.119999886,6.210000038
1838,11.67562389,76.180613,Wayanad,793,9.878807,20.85900843,16.04212262,28.8355131,60.19013451,0.35352358,0.140000001,550,7.599999905,0.05,66.52999878,426.7999878,183.3300018,71.5,687.5,2.75,46.90000153,60.97000122,3.130000114,5.639999866
1839,11.53398132,76.199641,Wayanad,822,18.73541,76.31769872,15.23309242,27.17794821,67.63693221,0.60694826,0.150000006,618,6.130000114,0.05,55.63000107,859.25,206,80.33999634,772.5,3.089999914,73.65000153,122.75,4.909999847,5.849999905
1840,11.85760975,76.075791,Wayanad,772,8.749668,16.73580408,16.83110778,29.11615906,58.51796847,0.6362416,0.059,236,7.889999866,0.06,40.625,784.4375,78.66666667,30.68000031,295,1.179999948,85.94999695,112.0625,5.730000019,5.900000095
1841,11.66788101,76.280134,Wayanad,892,8.656583,12.86354589,14.73629282,27.72364407,59.73813951,0.67490065,0.061500002,246,6.769999981,0.06,81.94337463,337.502725,82,31.97999954,307.5,1.230000019,76.89884949,48.214675,5.126589775,6.269999981
1842,11.81845665,76.155338,Wayanad,764,5.074767,25.52896392,16.4266591,28.94855652,58.86110322,0.4981846,0.0625,250,5.151500225,0.06,103.2987518,600.0064875,83.33333333,32.5,312.5,1.25,49.34999847,85.7152125,3.289999962,5.269999981
1843,11.72473145,76.16958618,Wayanad,782,7.29574,26.4541409,16.04212262,28.8355131,60.19013451,0.77483845,0.065499999,262,2.289999962,0.06,86.84075165,222.903975,87.33333333,34.06000137,327.5,1.309999943,113.4853516,31.843425,7.565690041,6.625
1844,11.71794415,76.108579,Wayanad,737,5.96682,18.84184039,16.32744619,29.33652412,62.41055442,0.49635267,0.068499997,274,8.999199867,0.06,80.625,250.222875,91.33333333,35.61999893,342.5,1.370000005,58.34999847,35.746125,3.890000105,4.949999809
1845,11.88209057,76.079554,Wayanad,736,6.6051726,16.73580408,16.83110778,29.11615906,58.51796847,0.7457627,0.075499997,302,6.630000114,0.06,61.375,544.7575073,100.6666667,39.25999832,377.5,1.50999999,142.6499939,77.82250214,9.510000229,5.900000095
1846,11.81859589,76.150439,Wayanad,761,2.9875052,25.52896392,16.4266591,28.94855652,58.86110322,0.47799465,0.093264249,373.0569948,2.339999914,0.06,87.30202484,337.12455,124.3523316,48.49740933,466.3212435,1.865284974,74.94953918,48.16064835,4.996635914,5.800000191
1847,11.66954994,76.29099274,Wayanad,909,3.8232534,12.86354589,14.73629282,27.72364407,59.73813951,0.78621477,0.093999997,376,2.430000067,0.06,71.19799805,658.875,125.3333333,48.88000107,470,1.879999995,57.29999924,94.125,3.819999933,5.199999809
1848,11.6491003,76.34010315,Wayanad,871,8.341526,20.57959223,14.72673187,27.51860673,62.38642216,0.7033963,0.108999997,436,3.85800004,0.06,71.08750153,182.875,145.3333333,56.68000031,545,2.180000067,86.09999847,26.125,5.739999771,5.170000076
1849,11.85468769,76.04518127,Wayanad,809,8.662115,22.39653182,16.24917229,28.74895919,59.53256002,0.55320317,0.111000001,444,5.368700027,0.06,37,819,148,57.72000122,555,2.220000029,89.40000153,117,5.960000038,5.050000191
1850,11.82974625,76.159763,Wayanad,743,4.663605,25.52896392,16.4266591,28.94855652,58.86110322,0.521346,0.253500015,1014,6.25880003,0.06,109.25,752.4824829,338,131.8200073,1267.5,5.070000172,121.0500031,107.4974976,8.069999695,6.320000172
1851,11.59751892,76.072517,Wayanad,769,11.15594,47.83427739,15.89819567,27.89625965,63.8170557,0.7029549,0.07,268,5.96999979,0.06,72.75,639.6300049,89.33000183,34.84000015,335,1.340000033,78.15000153,91.37999725,5.210000038,5.860000134
1852,11.65892601,76.074309,Wayanad,766,5.626793,24.71585375,16.32744619,29.33652412,62.41055442,0.74478763,0.090000004,358,9.649999619,0.06,53.25,327.8800049,119.3300018,46.54000092,447.5,1.789999962,80.05000305,46.84000015,5.340000153,5.599999905
1853,11.66021919,76.083177,Wayanad,741,11.1471,24.71585375,16.32744619,29.33652412,62.41055442,0.6702478,0.090000004,374,7.570000172,0.06,46.75,646.6300049,124.6699982,48.61999893,467.5,1.870000005,63.75,92.37999725,4.25,5.210000038
1854,11.68211174,76.075711,Wayanad,771,5.956201,24.71585375,16.32744619,29.33652412,62.41055442,0.24279678,0.090000004,765,5.099999905,0.06,72.80000305,135.6100006,148,47.22000122,526,2.299999952,7.579999924,35.88000107,4.78000021,5.960000038
1855,11.54861832,76.157682,Wayanad,844,2.7802885,76.31769872,15.23309242,27.17794821,67.63693221,0.6494919,0.100000001,750,4.980000019,0.06,23.34000015,156.4700012,94,52.27999878,721,1.419999957,10.56000042,81.75,2.559999943,5.829999924
1856,11.6450386,76.123802,Wayanad,739,3.9702075,32.90189242,15.89819567,27.89625965,63.8170557,0.76358694,0.100000001,402,5.699999809,0.06,84.41000366,314.730011,134,52.25999832,502.5,2.00999999,79.94999695,44.95999908,5.329999924,5.690000057
1857,11.70708847,76.098787,Wayanad,723,1.32544,23.00255585,16.32744619,29.33652412,62.41055442,0.74646175,0.109999999,340,4.21999979,0.06,122.0999985,90.94000244,128,71.52999878,214,1.820000052,12.38000011,43.88000107,6.119999886,5.599999905
1858,11.70370007,76.202013,Wayanad,805,8.511778,19.57235852,16.04212262,28.8355131,60.19013451,0.7233315,0.109999999,440,1.379999995,0.06,80.1875,348.9899875,146.6666667,57.20000076,550,2.200000048,54.90000153,49.8557125,3.660000086,6.269999981
1859,11.62318516,76.046184,Wayanad,788,8.460155,28.24711943,16.42856882,28.34290703,66.35653247,0.7214536,0.140000001,552,7.900000095,0.06,79.06999969,279.0299988,184,71.76000214,690,2.75999999,37.34999847,39.86000061,2.49000001,4.809999943
1860,11.59601593,76.351252,Wayanad,929,21.00556,34.10699952,14.17607795,27.1836571,62.29562671,0.7269022,0.059999999,240,3.269999981,0.062,74.4858125,361.624837,80,31.20000076,300,1.200000048,144.8999939,51.660691,9.659999847,6.519999981
1861,11.82287121,76.16398621,Wayanad,777,2.9368281,25.52896392,16.4266591,28.94855652,58.86110322,0.40604183,0.008,32,6.996900082,0.07,105.8249969,284.151735,10.66666667,4.159999847,40,0.159999996,109.6500015,40.59310532,7.309999943,5.949999809
1862,11.66957378,76.221739,Wayanad,900,12.583707,20.14771375,16.04212262,28.8355131,60.19013451,0.7318989,0.0305,122,11.30000019,0.07,27.375,347.375,40.66666667,15.85999966,152.5,0.610000014,110.0999985,49.625,7.340000153,5.519999981
1863,11.80097008,76.103944,Wayanad,749,7.5556,18.98152125,16.52675229,29.36926422,61.01049218,0.6294938,0.032642487,130.5699482,1.600000024,0.07,62.32450104,286.125,43.52331606,16.97409326,163.2124352,0.652849741,95.33699799,40.875,6.355800152,6.099999905
1864,11.85930824,76.071256,Wayanad,747,7.905753,16.73580408,16.83110778,29.11615906,58.51796847,0.55809456,0.037500001,150,6.130000114,0.07,53.125,781.375,50,19.5,187.5,0.75,78.30000305,111.625,5.21999979,6.099999905
1865,11.84696293,76.021869,Wayanad,782,2.9877844,30.68331051,16.44396231,28.94347639,62.13998578,0.571555,0.037500001,150,7.5,0.07,21.875,837.0250244,50,19.5,187.5,0.75,149.6999969,119.5749969,9.979999542,6.090000153
1866,11.92031002,76.046578,Wayanad,834,2.0822375,48.84901595,16.24917229,28.74895919,59.53256002,0.4336943,0.037999999,152,8.300000191,0.07,65.125,185.016125,50.66666667,19.76000023,190,0.75999999,81.59999847,26.430875,5.440000057,5.590000153
1867,11.84436703,76.022808,Wayanad,790,10.078678,30.68331051,16.44396231,28.94347639,62.13998578,0.7250409,0.041999999,168,6.960000038,0.07,16.5,570.9375,56,21.84000015,210,0.839999974,91.65000153,81.5625,6.110000134,6.119999886
1868,11.66372299,76.309482,Wayanad,874,4.689764,15.09248847,14.73629282,27.72364407,59.73813951,0.6464684,0.046,184,7.670000076,0.07,48.23749924,202.125,61.33333333,23.92000008,230,0.920000017,74.32875061,28.875,4.955249786,5.809999943
1869,11.79491711,76.13535309,Wayanad,789,2.987273,20.37845039,16.52675229,29.36926422,61.01049218,0.5453411,0.046632124,186.5284974,3.430000067,0.07,40.368875,360.373825,62.1761658,24.24870466,233.1606218,0.932642487,134.4329987,51.481975,8.962200165,5.610000134
1870,11.94756794,76.056651,Wayanad,871,5.290002,17.41042399,16.83110778,29.11615906,58.51796847,0.31849104,0.064499997,258,6.119999886,0.07,45.625,460.11875,86,33.54000092,322.5,1.289999962,62.54999924,65.73124695,4.170000076,5.699999809
1871,11.78744411,76.140868,Wayanad,799,2.8400853,20.37845039,16.52675229,29.36926422,61.01049218,0.7054595,0.067000002,268,3.995899916,0.07,77.67675018,320.2140883,89.33333333,34.84000015,335,1.340000033,47.70000076,45.74486975,3.180000067,5.610000134
1872,11.95285416,76.066489,Wayanad,863,9.323795,20.7626797,16.48564406,28.27886458,59.28743418,0.5091813,0.067000002,268,5.989999771,0.07,24,522.0250244,89.33333333,34.84000015,335,1.340000033,55.04999924,74.57499695,3.670000076,5.829999924
1873,11.71129036,76.19319916,Wayanad,811,6.601097,26.4541409,16.04212262,28.8355131,60.19013451,0.6277081,0.070982143,283.9285714,9.369999886,0.07,88,337.5924988,94.64285713,36.91071428,354.9107143,1.419642857,37.20000076,48.22750092,2.480000019,6.260000229
1874,11.88204575,76.03170013,Wayanad,805,16.466402,22.39653182,16.24917229,28.74895919,59.53256002,0.7864244,0.072321429,289.2857142,7.130000114,0.07,65.192725,683.375,96.4285714,37.60714285,361.6071428,1.446428571,71.40000153,97.625,4.760000229,5.21999979
1875,11.84920979,76.19210052,Wayanad,757,7.4381332,25.52896392,16.4266591,28.94855652,58.86110322,0.6719004,0.095089286,380.3571428,5.230000019,0.07,99.875,730.625,126.7857143,49.44642856,475.4464285,1.901785714,57.59999847,104.375,3.839999914,5.639999866
1876,11.65550041,76.33999634,Wayanad,854,0.9469315,15.09248847,14.73629282,27.72364407,59.73813951,0.30120483,0.099107143,396.4285714,7.679999828,0.07,68.625,230.125,132.1428571,51.53571428,495.5357143,1.982142857,55.65000153,32.875,3.710000038,5.510000229
1877,11.71759987,76.11299896,Wayanad,759,2.7802885,18.84184039,16.32744619,29.33652412,62.41055442,0.7087264,0.125892857,503.5714286,1.470000029,0.07,120.6927138,672,167.8571429,65.46428572,629.4642858,2.517857143,51.45000076,96,3.430000067,6.150000095
1878,11.81468391,76.182541,Wayanad,792,2.0820708,25.52896392,16.4266591,28.94855652,58.86110322,0.6046706,0.154499993,618,2.579999924,0.07,73.08882141,192.3765979,206,80.33999634,772.5,3.089999914,125.6999969,27.48237113,8.380000114,5.820000172
1879,11.79840183,76.151237,Wayanad,772,6.6668444,23.74894345,16.4266591,28.94855652,58.86110322,0.67257094,0.264499992,1058,3.96359992,0.07,87.73000336,358.3866825,352.6666667,137.5399933,1322.5,5.289999962,87.30000305,51.1980975,5.820000172,4.980000019
1880,11.63943768,76.020411,Wayanad,735,4.722429,28.24711943,16.42856882,28.34290703,66.35653247,0.6802444,0.059999999,248,5.420000076,0.07,54.99000168,305.2000122,82.66999817,32.24000168,310,1.24000001,54.75,43.59999847,3.650000095,5.119999886
1881,11.62796211,76.040026,Wayanad,758,5.8578777,28.24711943,16.42856882,28.34290703,66.35653247,0.7216368,0.07,292,8.020000458,0.07,106.9899979,230.1300049,97.33000183,37.95999908,365,1.460000038,56.40000153,32.88000107,3.75999999,5.650000095
1882,11.61497688,76.081475,Wayanad,750,5.547545,30.44018316,15.89819567,27.89625965,63.8170557,0.6851816,0.079999998,304,5.150000095,0.07,68.43000031,729.75,101.3300018,39.52000046,380,1.519999981,83.25,104.25,5.550000191,6.21999979
1883,11.63986206,76.023368,Wayanad,730,2.6491342,28.24711943,16.42856882,28.34290703,66.35653247,0.7481752,0.079999998,322,3.210000038,0.07,62.04999924,250.25,107.3300018,41.86000061,402.5,1.610000014,78.44999695,35.75,5.230000019,5.710000038
1884,11.71498489,76.089288,Wayanad,748,8.564199,23.00255585,16.32744619,29.33652412,62.41055442,0.6907298,0.090000004,295,3.849999905,0.07,98.59999847,85.55999756,121,61.52999878,589,1.700000048,11.5,35.75,5.949999809,5.829999924
1885,11.72140026,76.19740295,Wayanad,854,6.8524313,26.4541409,16.04212262,28.8355131,60.19013451,0.6851558,0.090000004,360,9.340000153,0.07,68.09999847,319.1490225,120,46.79999924,450,1.799999952,36.75,45.5927175,2.450000048,6.340000153
1886,11.67920017,76.02200317,Wayanad,735,0.94701296,26.82352638,15.94865307,28.43124674,65.52757814,0.6404648,0.090000004,615,5.300000191,0.07,79.43000031,199.4799957,108,68.26000214,526,2.049999952,16.5,66.5,6.099999905,5.619999886
1887,11.65409374,76.098884,Wayanad,744,4.66251,24.71585375,16.32744619,29.33652412,62.41055442,0.6717198,0.100000001,825,2.75,0.07,58.5,658.4699707,92,25.25,578,1.5,18.68000031,39.13000107,9.680000305,6.079999924
1888,11.63336182,76.148014,Wayanad,793,13.956936,32.90189242,15.89819567,27.89625965,63.8170557,0.6750773,0.100000001,382,9.25,0.07,81.43000031,183.75,127.3300018,49.65999985,477.5,1.909999967,93.19000244,26.25,6.210000038,5.789999962
1889,11.64520073,76.032113,Wayanad,749,9.263967,28.24711943,16.42856882,28.34290703,66.35653247,0.565699,0.109999999,434,5.860000134,0.07,62.36000061,307.1300049,144.6699982,56.41999817,542.5,2.170000076,70.05000305,43.88000107,4.670000076,4.989999771
1890,11.66928101,76.065118,Wayanad,772,2.7802885,24.71585375,16.32744619,29.33652412,62.41055442,0.5035791,0.109999999,442,10,0.07,39.13000107,436.5,147.3300018,57.45999908,552.5,2.210000038,31.35000038,62.36000061,2.089999914,6.199999809
1891,11.66410065,76.086707,Wayanad,763,4.9966435,24.71585375,16.32744619,29.33652412,62.41055442,0.58850574,0.129999995,534,4.96999979,0.07,74.86000061,216.5399933,178,69.41999817,667.5,2.670000076,123.2099991,30.93000031,8.210000038,4.920000076
1892,11.66525173,76.080247,Wayanad,761,12.425651,24.71585375,16.32744619,29.33652412,62.41055442,0.65324235,0.140000001,562,5.010000229,0.07,69.48999786,275.5100098,187.3300018,73.05999756,702.5,2.809999943,74.34999847,39.36000061,4.960000038,5.309999943
1893,11.70693398,76.10025024,Wayanad,720,1.3254393,18.84184039,16.32744619,29.33652412,62.41055442,0.49336195,0.0095,38,7.995900154,0.08,94.95375061,287.7751581,12.66666667,4.940000057,47.5,0.189999998,52.79999924,41.11073688,3.519999981,5
1894,11.84157658,76.103798,Wayanad,716,10.472888,18.98152125,16.52675229,29.36926422,61.01049218,0.46783626,0.0295,118,8.050000191,0.08,47,708.192625,39.33333333,15.34000015,147.5,0.589999974,153.75,101.170375,10.25,5.139999866
1895,11.65909958,76.12409973,Wayanad,735,5.4223013,19.87357426,16.32744619,29.33652412,62.41055442,0.7612113,1.350000024,402.2900085,3.039999962,0.08,39.88000107,218.25,129,58.52999878,359,0.75,51.52000046,35.54999924,6,4.889999866
1896,11.65761089,76.232673,Wayanad,891,8.2891,20.14771375,16.04212262,28.8355131,60.19013451,0.6977872,0.0405,162,9.779999733,0.08,26.375,204.75,54,21.05999947,202.5,0.810000002,71.25,29.25,4.75,5.840000153
1897,11.85189533,76.031317,Wayanad,771,6.757913,22.39653182,16.24917229,28.74895919,59.53256002,0.5555964,0.041000001,164,8.100000381,0.08,68.25,815.950625,54.66666667,21.31999969,205,0.819999993,102.1500015,116.564375,6.809999943,5.909999847
1898,11.79092407,76.195278,Wayanad,779,5.7407713,23.74894345,16.4266591,28.94855652,58.86110322,0.6413822,0.041099999,164.3999939,3.25999999,0.08,101.5824375,266.4286538,54.79999924,21.37199974,205.5,0.822000027,56.78879929,38.06123625,3.785919905,5.619999886
1899,11.60599041,76.347284,Wayanad,880,4.996496,20.57959223,14.72673187,27.51860673,62.38642216,0.64005804,0.046,184,6.340000153,0.08,54.97499847,277.375,61.33333333,23.92000008,230,0.920000017,136.87725,39.625,9.125149727,5.679999828
1900,11.8339653,76.003081,Wayanad,759,11.1612425,30.68331051,16.44396231,28.94347639,62.13998578,0.5051508,0.980000019,501.2900085,4.880000114,0.08,58.52000046,305.2200012,0,29.86000061,396,0.959999979,35.27999878,30.25,1.220000029,5.329999924
1901,11.79618073,76.199925,Wayanad,769,4.7267523,23.74894345,16.4266591,28.94855652,58.86110322,0.522198,0.049740933,198.9637306,3.269999981,0.08,69.26750183,175.875,66.32124352,25.86528497,248.7046632,0.994818653,78.76499939,25.125,5.250999928,5.570000172
1902,11.7132597,76.167361,Wayanad,815,5.9568076,26.4541409,16.04212262,28.8355131,60.19013451,0.6559331,0.0535,214,1.940000057,0.08,77.307375,293.87575,71.33333333,27.81999969,267.5,1.070000052,150.3000031,41.98225021,10.02000046,6.199999809
1903,11.84167099,76.056171,Wayanad,773,1.8946264,18.88560307,16.52675229,29.36926422,61.01049218,0.62476724,0.054499999,218,5.112130165,0.08,71.375,323.4874878,72.66666667,28.34000015,272.5,1.090000033,106.8000031,46.21250153,7.119999886,4.090000153
1904,11.73225498,76.156873,Wayanad,747,2.839516,26.4541409,16.04212262,28.8355131,60.19013451,0.58236355,0.056000002,224,9.014100075,0.08,77.03500366,426.8908081,74.66666667,29.12000084,280,1.120000005,79.65000153,60.9844017,5.309999943,4.800000191
1905,11.83861065,76.1558075,Wayanad,758,4.691692,25.52896392,16.4266591,28.94855652,58.86110322,0.60319626,0.056249999,225,3.329999924,0.08,100.1620375,360.7589081,75,29.25,281.25,1.125,45.15000153,51.53698688,3.00999999,5.409999847
1906,11.68999958,76.27449799,Wayanad,908,4.158269,12.86354589,14.73629282,27.72364407,59.73813951,0.5049187,0.060249999,241,7.429999828,0.08,67.5,259.2625122,80.33333333,31.32999992,301.25,1.205000043,79.19999695,37.03749847,5.28000021,6.900000095
1907,11.70876026,76.30384064,Wayanad,925,0.92740995,11.06208867,14.73629282,27.72364407,59.73813951,0.5471985,0.0625,250,2.859999895,0.08,125.3572464,334.6875,83.33333333,32.5,312.5,1.25,44.84999847,47.8125,2.99000001,6.099999905
1908,11.83619595,76.156656,Wayanad,742,6.7025294,25.52896392,16.4266591,28.94855652,58.86110322,0.53778887,0.064000003,256,5.454999924,0.08,101.625,523.991475,85.33333333,33.27999878,320,1.279999971,134.8500061,74.855925,8.989999771,4.829999924
1909,11.73301029,76.24456787,Wayanad,956,1.8938776,19.57235852,16.04212262,28.8355131,60.19013451,0.75378853,0.070500001,282,6.322000027,0.08,122.4574509,496.0851875,94,36.65999985,352.5,1.409999967,150.1499939,70.8693125,10.01000023,5.900000095
1910,11.59955502,76.348588,Wayanad,900,13.894304,24.06327093,14.72673187,27.51860673,62.38642216,0.74078834,0.071999997,288,2.789999962,0.08,74.476625,320.8333352,96,37.43999863,360,1.440000057,88.28835297,45.8333336,5.885890007,5.699999809
1911,11.75113678,76.1924057,Wayanad,903,7.051418,23.74894345,16.4266591,28.94855652,58.86110322,0.61207896,0.075999998,304,4.980000019,0.08,29,719.73125,101.3333333,39.52000046,380,1.519999981,153.3000031,102.8187485,10.22000027,5.820000172
1912,11.80252647,76.207176,Wayanad,766,4.9970007,27.14290547,16.4266591,28.94855652,58.86110322,0.53755957,0.077720207,310.880829,3.119999886,0.08,75.033625,212.625,103.626943,40.41450777,388.6010363,1.554404145,80.98500061,30.375,5.399000168,5.619999886
1913,11.66576481,76.260484,Wayanad,882,2.6492612,12.86354589,14.73629282,27.72364407,59.73813951,0.6433727,0.077720207,310.880829,4.900000095,0.08,74.20249939,321.125,103.626943,40.41450777,388.6010363,1.554404145,88.65000153,45.875,5.909999847,5.760000229
1914,11.76977158,76.196389,Wayanad,833,5.547545,23.74894345,16.4266591,28.94855652,58.86110322,0.71563464,0.079000004,316,5.362619877,0.08,73.625,285.12575,105.3333333,41.08000183,395,1.580000043,115.0500031,40.73225021,7.670000076,5.360000134
1915,11.88833046,76.040081,Wayanad,778,12.200328,22.39653182,16.24917229,28.74895919,59.53256002,0.68117595,0.079017857,316.0714286,3.160000086,0.08,75.17732438,261.403625,105.3571429,41.08928572,395.0892858,1.580357143,46.95000076,37.343375,3.130000114,5.349999905
1916,11.85163593,76.155663,Wayanad,768,6.6008034,23.41175294,16.39262411,28.42335742,58.95388257,0.53572226,0.079499997,318,3.650000095,0.08,0,237.60975,106,41.34000015,397.5,1.590000033,51.15000153,33.9442482,3.410000086,5.760000229
1917,11.64801979,76.3349762,Wayanad,859,12.199783,20.57959223,14.72673187,27.51860673,62.38642216,0.6193694,0.080357143,321.4285714,10.30000019,0.08,74.80000305,635.25,107.1428571,41.78571428,401.7857143,1.607142857,63.45000076,90.75,4.230000019,5.519999981
1918,11.76952744,76.187032,Wayanad,846,7.9044476,23.74894345,16.4266591,28.94855652,58.86110322,0.3809524,0.080499999,322,4.841100216,0.08,53.625,323.6099854,107.3333333,41.86000061,402.5,1.610000014,19.20000076,46.22999954,1.279999971,5.110000134
1919,11.68410015,76.28450012,Wayanad,919,5.28742,12.86354589,14.73629282,27.72364407,59.73813951,0.7699984,0.082500003,330,7.599999905,0.08,77.67500305,553.5075073,110,42.90000153,412.5,1.649999976,63.15000153,79.07250214,4.210000038,6.150000095
1920,11.91123009,76.03600311,Wayanad,829,9.267228,48.84901595,16.24917229,28.74895919,59.53256002,0.5104386,0.088392857,353.5714286,3.119999886,0.08,62.04399872,270.2480113,117.8571429,45.96428572,441.9642858,1.767857143,75.15000153,38.60685875,5.010000229,5.670000076
1921,11.84592819,76.164457,Wayanad,712,8.380178,25.52896392,16.4266591,28.94855652,58.86110322,0.50371325,0.091071429,364.2857142,7.300000191,0.08,89.0032025,240.2626625,121.4285714,47.35714285,455.3571428,1.821428571,118.4534378,34.3232375,7.896895885,5.900000095
1922,11.71899033,76.27913666,Wayanad,914,7.753932,13.73950768,14.73629282,27.72364407,59.73813951,0.4733082,0.092410714,369.6428572,3.309999943,0.08,112.032025,732.375,123.2142857,48.05357144,462.0535715,1.848214286,44.84999847,104.625,2.99000001,6.150000095
1923,11.67278957,76.33415222,Wayanad,847,2.9366622,15.09248847,14.73629282,27.72364407,59.73813951,0.63832754,0.104464286,417.8571428,6.619999886,0.08,87.32299805,592.375,139.2857143,54.32142856,522.3214285,2.089285714,78.15000153,84.625,5.210000038,5.599999905
1924,11.85466957,76.060557,Wayanad,749,17.3491,16.73580408,16.83110778,29.11615906,58.51796847,0.8067376,0.105999999,424,4.368768215,0.08,51.5,718.375,141.3333333,55.11999893,530,2.119999886,40.65000153,102.625,2.710000038,5.239999771
1925,11.65346241,76.116557,Wayanad,737,7.2946277,19.87357426,16.32744619,29.33652412,62.41055442,0.4856342,0.850000024,410,2.549999952,0.08,79.84999847,222.4499969,178,46.61999893,654,2.140000105,15.64000034,28.87999916,4.889999866,5.619999886
1926,11.72237968,76.29638672,Wayanad,895,1.3254775,13.73950768,14.73629282,27.72364407,59.73813951,0.5825961,0.122500002,490,3.170000076,0.08,111.8899994,735.875,163.3333333,63.70000076,612.5,2.450000048,79.80000305,105.125,5.320000172,6.079999924
1927,11.83657455,76.160551,Wayanad,736,2.9368432,25.52896392,16.4266591,28.94855652,58.86110322,0.6835566,0.125,500,6.829999924,0.08,62.55144119,219.9190063,166.6666667,65,625,2.5,122.183619,31.41699982,8.1455746,5.760000229
1928,11.64987946,76.247203,Wayanad,896,13.151206,19.43977642,15.18494752,27.48131372,62.53044412,0.6308966,0.155499995,622,8.409999847,0.08,76.75,163.625,207.3333333,80.86000061,777.5,3.109999895,88.65000153,23.375,5.909999847,5.389999866
1929,11.6406002,76.32350159,Wayanad,852,4.1581163,20.57959223,14.72673187,27.51860673,62.38642216,0.21478188,0.183500007,734,7.260000229,0.08,76.5,159.25,244.6666667,95.41999817,917.5,3.670000076,90.15000153,22.75,6.010000229,5.210000038
1930,11.78188038,76.166205,Wayanad,785,9.5645485,23.74894345,16.4266591,28.94855652,58.86110322,0.4527299,0.240500003,962,3.115849972,0.08,80.698125,301.1037575,320.6666667,125.0599976,1202.5,4.809999943,52.65000153,43.0148225,3.50999999,4.900000095
1931,11.59543324,76.081705,Wayanad,758,11.919517,47.83427739,15.89819567,27.89625965,63.8170557,0.6801494,0.059999999,224,3.960000038,0.08,91.87999725,222.8999939,74.66999817,29.12000084,280,1.120000005,84.90000153,31.84000015,5.659999847,5.349999905
1932,11.70322895,76.089758,Wayanad,747,5.664563,23.00255585,16.32744619,29.33652412,62.41055442,0.5993405,0.059999999,840,4.849999905,0.08,150.1999969,142.8000031,99,51.11000061,478,1.75,9.420000076,40,4.829999924,5.869999886
1933,11.61480141,76.065302,Wayanad,757,9.428086,30.44018316,15.89819567,27.89625965,63.8170557,0.72337383,0.07,264,5.599999905,0.08,65.19000244,674.6300049,88,34.31999969,330,1.320000052,93.59999847,96.37999725,6.239999771,5.900000095
1934,11.66460133,76.171515,Wayanad,769,12.1998205,20.85900843,16.04212262,28.8355131,60.19013451,0.63666016,0.07,296,4,0.08,52.81999969,553,98.66999817,38.47999954,370,1.480000019,46.65000153,79,3.109999895,5.309999943
1935,11.83150005,76.03620148,Wayanad,815,14.278016,30.68331051,16.44396231,28.94347639,62.13998578,0.7497545,0.079999998,309.6300049,2.900000095,0.08,42.27999878,204.25,145,18.28000069,458,1.049999952,28.5,35.40000153,6.099999905,5.079999924
1936,11.74338055,76.021414,Wayanad,759,5.9670415,29.12201726,15.94865307,28.43124674,65.52757814,0.42147157,0.079999998,660,6.579999924,0.08,72.80000305,200.5899963,85,68.52999878,785,1.429999948,37.5,19.37999916,4.449999809,5.650000095
1937,11.60979843,76.045892,Wayanad,776,7.050845,28.24711943,16.42856882,28.34290703,66.35653247,0.4094813,0.079999998,840,2.230000019,0.08,31,680.960022,152,95.27999878,487,2.220000029,6.849999905,49.63000107,4.210000038,5.800000191
1938,11.66119957,76.23500061,Wayanad,888,10.472405,20.14771375,16.04212262,28.8355131,60.19013451,0.6306593,0.090000004,360,7.309999943,0.08,113.0625,240.377375,120,46.79999924,450,1.799999952,58.34999847,34.339625,3.890000105,6.28000021
1939,11.59220982,76.09546661,Wayanad,777,8.016605,47.83427739,15.89819567,27.89625965,63.8170557,0.5548961,0.090000004,600,3.440000057,0.08,37.5,330.9599915,158,68.25,542,2.24000001,8.800000191,36,1.769999981,5.75
1940,11.70212841,76.077567,Wayanad,755,5.287595,23.00255585,16.32744619,29.33652412,62.41055442,0.62476045,0.090000004,320,3.589999914,0.08,62.79999924,92.95999908,128,60.29000092,578,2.50999999,18.84000015,40,3.150000095,6.119999886
1941,11.54710293,76.201944,Wayanad,861,10.472103,99.89254713,15.23309242,27.17794821,67.63693221,0.7171806,0.100000001,440,5.199999809,0.08,48.5,215.3999939,108,56.56000137,752,2.700000048,8.5,37,6.5,5.5
1942,11.66959953,76.30000305,Wayanad,910,2.9860494,15.09248847,14.73629282,27.72364407,59.73813951,0.76708937,0.109999999,560.4000244,4.900000095,0.08,59.47999954,146.25,104,55.52999878,578,1.360000014,13.46000004,65.75,5.610000134,5.519999981
1943,11.5918169,76.0854187,Wayanad,754,2.7802885,47.83427739,15.89819567,27.89625965,63.8170557,0.6184534,0.109999999,680,4.820000172,0.08,56.59000015,168.9499969,185,71.51999664,578,1.720000029,10.44999981,39,3.579999924,5.579999924
1944,11.80860043,76.05999756,Wayanad,765,6.53276,18.88560307,16.52675229,29.36926422,61.01049218,0.6672604,0.119999997,582.5,3.849999905,0.08,48.25999832,412.2999878,123,52.63999939,624,1.539999962,42.56000137,45,4.099999905,6.050000191
1945,11.66615105,76.146266,Wayanad,761,5.955896,19.87357426,16.32744619,29.33652412,62.41055442,0.6648688,0.119999997,625,5.900000095,0.08,85.5,205.3999939,94,39.63000107,398,2.099999905,10.57999992,51.25,5.800000191,5.739999771
1946,11.76589966,75.86000061,Wayanad,754,7.4380975,45.62537098,16.7309212,28.49599162,65.09255946,0.53240246,0.129999995,715,4.300000191,0.08,63.29999924,298.7600098,145,55.86000061,785,1.340000033,28.55999947,80,4.099999905,5.699999809
1947,11.62674618,76.154401,Wayanad,794,4.8132377,30.04404676,15.18494752,27.48131372,62.53044412,0.72321105,0.129999995,502,10.03999996,0.08,87.37000275,3762.5,167.3300018,65.26000214,627.5,2.50999999,106.9000015,537.5,7.130000114,4.849999905
1948,11.71420002,76.11830139,Wayanad,757,4.72248,18.84184039,16.32744619,29.33652412,62.41055442,0.53341943,0.140000001,560,1.360000014,0.08,0,720.125,186.6666667,72.80000305,700,2.799999952,9.449999809,102.875,0.629999995,6.289999962
1949,11.66224003,76.04190063,Wayanad,748,4.6273675,26.82352638,15.94865307,28.43124674,65.52757814,0.6468115,0.150000006,560,4.599999905,0.08,71.5,205.1999969,99,80.27999878,508,1.960000038,11.25,51.88000107,6.099999905,5.400000095
1950,11.79445171,76.140874,Wayanad,797,2.9367964,20.37845039,16.52675229,29.36926422,61.01049218,0.571653,0.150000006,600,3.359999895,0.08,36.98012543,0,200,78,750,3,138.6750031,0,9.244999886,5.579999924
1951,11.8135004,75.98999786,Wayanad,727,6.7023563,38.24488544,16.44396231,28.94347639,62.13998578,0.7867074,0.180000007,592,4.190000057,0.08,45.52999878,412.1600037,80,84.27999878,598,0.870000005,41.77999878,57,3.24000001,5.619999886
1952,11.60068035,76.25794983,Wayanad,906,9.877302,14.42213708,14.72673187,27.51860673,62.38642216,0.3750213,0.200000003,348,2.369999886,0.08,27.56999969,558.8800049,98.51999664,27.28000069,473,1.289999962,83.26000214,20.02000046,3.470000029,6.119999886
1953,11.8262434,76.005457,Wayanad,776,6.85483,30.68331051,16.44396231,28.94347639,62.13998578,0.45151514,0.349999994,396.519989,5.03000021,0.09,71.33000183,420.3200073,0,35.95999908,413,0.469999999,22.21999931,22.28000069,7.539999962,5.170000076
1954,11.63370037,76.11959839,Wayanad,752,0.94685864,32.90189242,15.89819567,27.89625965,63.8170557,0.4065971,0.959999979,385.3500061,4.860000134,0.09,18.55999947,312.7999878,102,53.95000076,298,0.600000024,28.21999931,21.52000046,4.199999809,5.389999866
1955,11.7394104,75.911467,Wayanad,751,6.7320786,97.94591713,16.55277457,28.31941534,68.3520686,0.43313855,0.097400002,320,4.119999886,0.09,29.79999924,115.3600006,156,75.19999695,275,0.642857143,30.25119972,51.3828125,3.390000105,5.369999886
1956,11.83776474,76.092977,Wayanad,720,9.854497,18.88560307,16.52675229,29.36926422,61.01049218,0.5184859,0.032499999,130,8.979999542,0.09,31.125,696.8150024,43.33333333,16.89999962,162.5,0.649999976,104.25,99.54499817,6.949999809,5.539999962
1957,11.79481983,76.074666,Wayanad,723,2.84016,20.04994082,16.52675229,29.36926422,61.01049218,0.72235733,1.399999976,402.2000122,3.960000038,0.09,49.63000107,450.3599854,0,38.27999878,465,0.790000021,95.44000244,51.90000153,5.239999771,4.989999771
1958,11.9094162,76.030879,Wayanad,823,4.692481,48.84901595,16.24917229,28.74895919,59.53256002,0.5558679,0.052499998,210,7.269999981,0.09,70.75,281.35625,70,27.29999924,262.5,1.049999952,46.95000076,40.19374847,3.130000114,5.519999981
1959,11.83156586,75.99347687,Wayanad,786,6.3045063,38.24488544,16.44396231,28.94347639,62.13998578,0.46836913,1.059999943,798.25,6.579999924,0.09,41.59999847,428.6300049,0,50.84999847,448,1.230000019,28.95999908,31.22999954,5.980000019,5.539999962
1960,11.90969944,76.033638,Wayanad,816,4.692484,48.84901595,16.24917229,28.74895919,59.53256002,0.658298,0.061500002,246,8.729999542,0.09,87.5,275.1653625,82,31.97999954,307.5,1.230000019,47.54999924,39.3093375,3.170000076,5.679999828
1961,11.75991344,76.190264,Wayanad,853,12.427664,23.74894345,16.4266591,28.94855652,58.86110322,0.75106347,0.061500002,246,5.010000229,0.09,96.375,822.5,82,31.97999954,307.5,1.230000019,166.5,117.5,11.10000038,5.619999886
1962,11.58309555,76.168116,Wayanad,784,10.139059,34.01385522,15.18494752,27.48131372,62.53044412,0.72976565,0.709999979,241.2599945,3.529999971,0.09,65.51999664,198.5200043,0,31.86000061,475,1.24000001,104.2799988,33.97000122,2.319999933,5.869999886
1963,11.92616463,76.046233,Wayanad,842,2.0822468,48.84901595,16.24917229,28.74895919,59.53256002,0.43794236,0.064000003,256,9.119999886,0.09,69.375,259.317625,85.33333333,33.27999878,320,1.279999971,85.05000305,37.045375,5.670000076,6.190000057
1964,11.65398407,76.123846,Wayanad,749,6.598405,19.87357426,16.32744619,29.33652412,62.41055442,0.3216198,0.99000001,358.519989,2.779999971,0.09,49.95000076,208.2200012,124,53.63999939,645,1.289999962,41.27999878,28.88999939,7.599999905,5.869999886
1965,11.65614223,76.280811,Wayanad,881,8.749014,12.86354589,14.73629282,27.72364407,59.73813951,0.6252837,0.083999999,336,6.369999886,0.09,49.48324966,327.25,112,43.68000031,420,1.679999948,94.88700104,46.75,6.325799942,5.139999866
1966,11.74232197,76.230145,Wayanad,948,3.3624067,19.57235852,16.04212262,28.8355131,60.19013451,0.47286478,0.088,352,5.590000153,0.09,125.1605988,217.7511875,117.3333333,45.75999832,440,1.75999999,192,31.1073125,12.80000019,6.03000021
1967,11.7181654,76.169343,Wayanad,755,2.108369,26.4541409,16.04212262,28.8355131,60.19013451,0.65010005,0.089000002,356,2.890000105,0.09,64.04875183,284.5744934,118.6666667,46.27999878,445,1.779999971,129.9869995,40.6534996,8.665800095,6.420000076
1968,11.65687275,76.285743,Wayanad,863,8.461163,12.86354589,14.73629282,27.72364407,59.73813951,0.3943341,0.092500001,370,5.33589983,0.09,73.18875122,444.0517804,123.3333333,48.09999847,462.5,1.850000024,96.59999847,63.43596862,6.440000057,5.550000191
1969,11.85669518,76.174662,Wayanad,747,5.478337,23.41175294,16.39262411,28.42335742,58.95388257,0.74995625,0.092500001,370,7.260000229,0.09,76.65724945,204.2940288,123.3333333,48.09999847,462.5,1.850000024,57.90000153,29.18486125,3.859999895,5.809999943
1970,11.82382107,76.075099,Wayanad,800,12.200181,18.88560307,16.52675229,29.36926422,61.01049218,0.70063365,0.093500003,374,9.109999657,0.09,34.5,726.1624756,124.6666667,48.61999893,467.5,1.870000005,74.40000153,103.7375031,4.960000038,5.519999981
1971,11.71986389,76.035314,Wayanad,746,8.341552,29.12201726,15.94865307,28.43124674,65.52757814,0.66373736,1.200000048,412.2799988,5.170000076,0.09,38.52999878,245.2200012,0,36.52999878,423,2.00999999,120.2900009,35.54999924,8.239999771,5.239999771
1972,11.66349888,76.317974,Wayanad,893,2.0818346,15.09248847,14.73629282,27.72364407,59.73813951,0.6904717,0.108000003,432,6.510000229,0.09,67.121125,348.25,144,56.15999985,540,2.160000086,138.8699951,49.75,9.258000374,5.570000172
1973,11.65997982,76.30299377,Wayanad,882,11.988901,15.09248847,14.73629282,27.72364407,59.73813951,0.53333336,0.117857143,471.4285714,3.74000001,0.09,76.43109894,730.625,157.1428571,61.28571428,589.2857143,2.357142857,55.65000153,104.375,3.710000038,5.400000095
1974,11.65724468,76.303145,Wayanad,899,0,15.09248847,14.73629282,27.72364407,59.73813951,0.42808378,0.1215,486,8.430000305,0.09,50.319125,329,162,63.18000031,607.5,2.430000067,150,47,10,5.599999905
1975,11.86100006,76.18219757,Wayanad,770,1.3258193,23.41175294,16.39262411,28.42335742,58.95388257,0.540715,0.139285714,557.1428572,1.779999971,0.09,106.6013245,346.3361125,185.7142857,72.42857144,696.4285715,2.785714286,106.9499969,49.4765875,7.130000114,5.599999905
1976,11.81158829,76.175862,Wayanad,794,5.0746603,25.52896392,16.4266591,28.94855652,58.86110322,0.57587343,0.154017857,616.0714286,5.829999924,0.09,56.40457375,310.404325,205.3571429,80.08928572,770.0892858,3.080357143,125.0999985,44.34347534,8.340000153,5.760000229
1977,11.59230042,76.2009964,Wayanad,781,5.4744606,31.79931426,15.18494752,27.48131372,62.53044412,0.76342624,0.079999998,385.6300049,2.980000019,0.09,51.38999939,291.25,96,27.21999931,398,0.959999979,28.28000069,18.59000015,7.199999809,3.779999971
1978,11.53038883,76.134974,Wayanad,856,27.701674,85.95577717,15.76325405,27.00017963,65.88075098,0.67298853,0.079999998,252.8000031,4.519999981,0.09,49.95800018,75.58000183,96,41.29000092,589,1.100000024,75.2519989,14.375,2.894999981,4.800000191
1979,11.60420036,76.3438797,Wayanad,885,6.5326605,20.57959223,14.72673187,27.51860673,62.38642216,0.7308156,0.079999998,420,4.099999905,0.09,24.55999947,165.4199982,99,82.27999878,356,1.350000024,125.25,73.62999725,5.889999866,5.849999905
1980,11.64799976,76.03859711,Wayanad,771,13.060991,28.24711943,16.42856882,28.34290703,66.35653247,0.7547278,0.079999998,742.6500244,2.099999905,0.09,28.55999947,612,141,71.23000336,524,2.099999905,65.55000305,44.5,4.199999809,5.860000134
1981,11.67271328,75.975566,Wayanad,743,13.678625,25.51089454,15.94865307,28.43124674,65.52757814,0.5376008,0.090000004,120,2.180000067,0.09,61.29999924,254.128006,60,55.52500153,358,0.43902439,70.79519653,53.546875,3.109999895,5.340000153
1982,11.76362801,76.092045,Wayanad,758,9.853336,20.04994082,16.52675229,29.36926422,61.01049218,0.52738655,0.090000004,498.5299988,3.170000076,0.09,68.51999664,463.230011,0,35.70000076,428,0.959999979,96.40000153,72.22000122,6.349999905,5.139999866
1983,11.73764324,76.068219,Wayanad,736,6.224002,23.00255585,16.32744619,29.33652412,62.41055442,0.40352595,0.090000004,610,5.900000095,0.09,60.40000153,182.5599976,110,39.86000061,768,1.799999952,32.15000153,27.5,3.099999905,5.800000191
1984,11.79100037,76.2161026,Wayanad,761,5.9674487,27.34880829,16.4266591,28.94855652,58.86110322,0.76319087,0.090000004,360,5.329999924,0.09,102.836875,212.625,120,46.79999924,450,1.799999952,48.75,30.375,3.25,5.550000191
1985,11.63391972,76.30819702,Wayanad,883,15.455096,20.57959223,14.72673187,27.51860673,62.38642216,0.61482745,0.090000004,360,7.519999981,0.09,79.02515188,284.2420044,120,46.79999924,450,1.799999952,73.80000305,40.60599899,4.920000076,5.199999809
1986,11.71609974,76.0358963,Wayanad,759,3.3895762,29.12201726,15.94865307,28.43124674,65.52757814,0.6846862,0.100000001,312.4899902,4.5,0.09,41.09999847,398.3399963,99,61.52999878,618,1.49000001,69.41999817,25.75,3.700000048,5.5
1987,11.62539291,76.07176971,Wayanad,741,4.15807,30.44018316,15.89819567,27.89625965,63.8170557,0.5662556,0.100000001,700,5.320000172,0.09,71.59999847,351.8999939,112,80.52999878,505,1.919999957,14.92000008,38.88000107,2.019999981,5.400000095
1988,11.66764641,76.022074,Wayanad,730,2.9860306,26.82352638,15.94865307,28.43124674,65.52757814,0.5246839,0.109999999,658,5.960000038,0.09,86.90000153,214.0299988,85,85.59999847,599,1.820000052,19.95000076,67,7.360000134,5.869999886
1989,11.61297131,76.040937,Wayanad,791,4.1580315,28.24711943,16.42856882,28.34290703,66.35653247,0.5463838,0.109999999,570,3.799999952,0.09,55.5,375.5,123,88.97000122,502,2.200000048,18.48999977,38.75,4.699999809,5.570000172
1990,11.74522591,76.043124,Wayanad,762,8.273524,29.12201726,15.94865307,28.43124674,65.52757814,0.6948251,0.119999997,520,4.900000095,0.09,56.77999878,149.4199982,94,64.52999878,798,1.450000048,34.15999985,35.63000107,3.599999905,5.380000114
1991,11.68221092,76.034042,Wayanad,731,3.362175,26.82352638,15.94865307,28.43124674,65.52757814,0.656621,0.119999997,560,4.199999809,0.09,60.59999847,253.1199951,136,72.52999878,689,1.649999976,32.65999985,37.88000107,17,5.230000019
1992,11.76659966,75.95999908,Wayanad,807,14.043398,32.2228713,16.44396231,28.94347639,62.13998578,0.47663254,0.129999995,685.539978,3.900000095,0.09,69.80000305,251.6000061,182,78.27999878,712,1.710000038,22.5,76.5,3.799999952,5.53000021
1993,11.80496788,75.98605347,Wayanad,734,6.8543444,38.24488544,16.44396231,28.94347639,62.13998578,0.70542914,0.140000001,652,3.75,0.09,52.13000107,412.75,86,100.2399979,699,1.120000005,48.52999878,65.37999725,3.299999952,5.869999886
1994,11.80673981,76.030478,Wayanad,756,2.9873903,30.68331051,16.44396231,28.94347639,62.13998578,0.44492406,0.140000001,320,3.809999943,0.09,57.20000076,468.3800049,93,51.52999878,689,1.470000029,15.89999962,42,4.079999924,5.840000153
1995,11.75833607,76.029186,Wayanad,754,11.789246,24.35911709,16.44396231,28.94347639,62.13998578,0.60334647,0.140000001,530,7.199999809,0.09,88,157.6999969,102,48.52999878,485,1.480000019,35.20000076,22.5,4.599999905,5.699999809
1996,11.53991604,76.162498,Wayanad,896,8.732759,76.31769872,15.23309242,27.17794821,67.63693221,0.65441966,0.140000001,860,5.900000095,0.09,28.20000076,210.5599976,128,59.84999847,798,2.049999952,13.09000015,91.75,3,5.940000057
1997,11.70379925,76.185289,Wayanad,806,2.9366963,26.4541409,16.04212262,28.8355131,60.19013451,0.53512186,0.140000001,485,5.199999809,0.09,84,175.6499939,78,64.26000214,516,2.160000086,8.5,56.25,4.099999905,5.300000191
1998,11.67057133,76.177322,Wayanad,791,1.3253505,20.85900843,16.04212262,28.8355131,60.19013451,0.6623037,0.170000002,206.6000061,6.5,0.09,65.33000183,266.5151978,172,67.08000183,645,1.200000048,295.4599915,4.300000191,2.849999905,4.610000134
1999,11.68676376,76.15219879,Wayanad,761,9.089867,20.85900843,16.04212262,28.8355131,60.19013451,0.54950994,0.200000003,327.2000122,3.960000038,0.09,41.29000092,521.4000244,142,19.87999916,598,1.960000038,58.58000183,38.29000092,3.900000095,4.989999771
2000,11.84774971,76.07424164,Wayanad,796,13.95989,18.88560307,16.52675229,29.36926422,61.01049218,0.42569786,0.035500001,142,8.010000229,0.1,49,434.5249939,47.33333333,18.45999908,177.5,0.709999979,122.5500031,62.07500076,8.170000076,5.869999886
2001,11.73049164,76.060611,Wayanad,732,8.02008,23.00255585,16.32744619,29.33652412,62.41055442,0.48396206,1.070000052,365.2799988,3.470000029,0.1,43.27999878,328.519989,0,46.29000092,358,0.899999976,72.25,61.36000061,8.25,5.230000019
2002,11.72695065,76.1550203,Wayanad,775,0,26.4541409,16.04212262,28.8355131,60.19013451,0.63514465,0.061000001,244,8.145179749,0.1,75.93699646,480.36625,81.33333333,31.71999931,305,1.220000029,93.44999695,68.62374878,6.230000019,6.090000153
2003,11.68500042,76.3946991,Wayanad,857,10.853378,16.56945914,14.49134927,27.75986239,58.65480935,0.49573892,0.067500003,270,8.270000458,0.1,40.5,308.7420044,90,35.09999847,337.5,1.350000024,57.75,44.10599899,3.849999905,5.590000153
2004,11.84602642,76.17953491,Wayanad,783,8.3416,25.52896392,16.4266591,28.94855652,58.86110322,0.6972298,0.070982143,283.9285714,6.920000076,0.1,62.55218619,261.3974915,94.64285713,36.91071428,354.9107143,1.419642857,58.79999924,37.34249878,3.920000076,5.5
2005,11.65839958,76.23336029,Wayanad,878,6.301334,20.14771375,16.04212262,28.8355131,60.19013451,0.58028436,0.072321429,289.2857142,7.28000021,0.1,101.375,222.8774625,96.4285714,37.60714285,361.6071428,1.446428571,47.70000076,31.8396375,3.180000067,6.119999886
2006,11.93014908,76.04679108,Wayanad,835,2.650564,48.84901595,16.24917229,28.74895919,59.53256002,0.6649801,0.077,308,2.319999933,0.1,78,522.0250244,102.6666667,40.04000092,385,1.539999962,111.1500015,74.57499695,7.409999847,5.860000134
2007,11.83915043,76.046756,Wayanad,776,2.9877076,30.68331051,16.44396231,28.94347639,62.13998578,0.45882353,0.078000002,312,8.414580345,0.1,55.125,277.7903625,104,40.56000137,390,1.559999943,85.05000305,39.6843375,5.670000076,4.550000191
2008,11.70359993,76.39546204,Wayanad,843,4.210867,12.20905042,14.49134927,27.75986239,58.65480935,0.44657218,0.082500003,330,7.820000172,0.1,63.875,310.1000061,110,42.90000153,412.5,1.649999976,92.09999847,44.29999924,6.139999866,5.389999866
2009,11.64214993,76.3394928,Wayanad,865,14.371885,20.57959223,14.72673187,27.51860673,62.38642216,0.7082862,0.0845,338,6.429999828,0.1,116.5647507,659.75,112.6666667,43.93999863,422.5,1.690000057,71.40000153,94.25,4.760000229,5.699999809
2010,11.92835808,76.048375,Wayanad,827,7.1580086,48.84901595,16.24917229,28.74895919,59.53256002,0.47214273,0.088500001,354,4.440000057,0.1,65.375,845.20625,118,46.02000046,442.5,1.769999981,101.5500031,120.7437515,6.769999981,6.090000153
2011,11.81153488,76.189175,Wayanad,786,8.2891,25.52896392,16.4266591,28.94855652,58.86110322,0.68903965,0.094999999,380,3.710000038,0.1,61.8553325,368.7341156,126.6666667,49.40000153,475,1.899999976,123.5999985,52.67630223,8.239999771,5.059999943
2012,11.73418045,76.27593231,Wayanad,925,6.2239866,13.73950768,14.73629282,27.72364407,59.73813951,0.5962055,0.100500003,402,7.429999828,0.1,108.1605988,220.5,134,52.25999832,502.5,2.00999999,57.90000153,31.5,3.859999895,5.550000191
2013,11.6496582,76.121273,Wayanad,747,14.965778,32.90189242,15.89819567,27.89625965,63.8170557,0.6187816,1.039999962,560,3.440000057,0.1,81.90000153,261.9700012,128,28.53000069,721,2.609999895,18.82999992,33,5.699999809,5.639999866
2014,11.85367966,76.078785,Wayanad,771,8.593908,16.73580408,16.83110778,29.11615906,58.51796847,0.37350234,0.136999995,548,6.849999905,0.1,52.625,465.94625,182.6666667,71.23999786,685,2.74000001,126.1500015,66.56375122,8.409999847,6.150000095
2015,11.81153584,76.189172,Wayanad,786,8.2891,25.52896392,16.4266591,28.94855652,58.86110322,0.68903965,0.141964286,567.8571428,2.269999981,0.1,45.67731094,211.55575,189.2857143,73.82142856,709.8214285,2.839285714,35.54999924,30.22224998,2.369999886,5.650000095
2016,11.68900013,76.39240265,Wayanad,853,5.966574,16.56945914,14.49134927,27.75986239,58.65480935,0.50361747,0.143303571,573.2142858,7.690000057,0.1,51.25,270.2349854,191.0714286,74.51785715,716.5178573,2.866071429,44.70000076,38.60499954,2.980000019,5.309999943
2017,11.63765144,76.253239,Wayanad,881,10.065536,14.42213708,14.72673187,27.51860673,62.38642216,0.47988608,0.1435,574,9.415800095,0.1,75.21749878,251.125,191.3333333,74.62000275,717.5,2.869999886,123.1500015,35.875,8.210000038,5.210000038
2018,11.76527023,76.174036,Wayanad,795,8.749367,23.74894345,16.4266591,28.94855652,58.86110322,0.66529673,0.264499992,1058,4.559000015,0.1,65.86250305,281.238825,352.6666667,137.5399933,1322.5,5.289999962,19.35000038,40.17697525,1.289999962,6.130000114
2019,11.58992577,76.080004,Wayanad,774,3.361823,47.83427739,15.89819567,27.89625965,63.8170557,0.7588847,0.07,292,4.130000114,0.1,89.37999725,285.1300049,97.33000183,37.95999908,365,1.460000038,105,40.72999954,7,5.989999771
2020,11.63327408,76.038419,Wayanad,758,10.754725,28.24711943,16.42856882,28.34290703,66.35653247,0.55046374,0.079999998,308,4.25,0.1,123.2399979,196.6600037,102.6699982,40.04000092,385,1.539999962,78.15000153,28.09000015,5.210000038,5.429999828
2021,11.52975178,76.191632,Wayanad,875,13.060747,76.31769872,15.23309242,27.17794821,67.63693221,0.684882,0.100000001,412,6.03000021,0.1,61.25,284.2399902,137.3300018,53.56000137,515,2.059999943,28.79999924,40.61000061,1.919999957,5.269999981
2022,11.59980679,76.067905,Wayanad,769,6.5326586,47.83427739,15.89819567,27.89625965,63.8170557,0.41323134,0.109999999,625,5.760000229,0.1,50.81999969,145.4799957,180,75.52999878,523,1.74000001,9.649999619,39,4.150000095,5.349999905
2023,11.68039989,76.04000092,Wayanad,760,6.2237387,26.82352638,15.94865307,28.43124674,65.52757814,0.49465021,0.109999999,630,5.559999943,0.1,82.45999908,205.6799927,124,72.27999878,588,1.799999952,20.43000031,68.12999725,6.480000019,5.730000019
2024,11.68661594,76.1539917,Wayanad,738,4.8142343,20.85900843,16.04212262,28.8355131,60.19013451,0.4160668,0.119999997,780,6.199999809,0.1,101.5,226.0200043,85,85.52999878,478,1.899999976,17.27000046,43.88000107,6.099999905,5.579999924
2025,11.71619987,75.98069763,Wayanad,755,4.2110233,31.56662369,15.94865307,28.43124674,65.52757814,0.44164085,0.159999996,521.4199829,3.849999905,0.1,56.52999878,220.4900055,85,98.84999847,689,1.5,22.12999916,73.87999725,4.019999981,5.230000019
2026,11.64519978,76.18229675,Wayanad,771,5.287041,30.04404676,15.18494752,27.48131372,62.53044412,0.7399863,0.189999998,325.519989,3.640000105,0.1,58.97999954,168.25,126,31.28000069,396,0.850000024,39.99000168,18.96999931,7.099999905,4.179999828
2027,11.62331963,76.03209686,Wayanad,757,12.930296,28.24711943,16.42856882,28.34290703,66.35653247,0.6108962,0.5,328.519989,1.120000005,0.11,63.95000076,210.3300018,112,27.28000069,456,0.689999998,55.97000122,21.26000023,8.199999809,3.960000038
2028,11.55350018,76.22509766,Wayanad,891,5.070586,31.79931426,15.18494752,27.48131372,62.53044412,0.73096347,1.039999962,333.6000061,3.799999952,0.11,28.98999977,223.9600067,99,40,358,0.959999979,65.25,36.29000092,9.5,5.130000114
2029,11.67791557,76.280965,Wayanad,903,4.689922,12.86354589,14.73629282,27.72364407,59.73813951,0.48796955,0.052000001,208,5.889999866,0.11,74.832995,426.7724915,69.33333333,27.04000092,260,1.039999962,79.85442352,60.96749878,5.323627949,6.400000095
2030,11.60166645,76.031968,Wayanad,756,14.908069,28.24711943,16.42856882,28.34290703,66.35653247,0.7015778,1.299999952,429.8999939,3.00999999,0.11,56.22800064,553.1904297,86,19.95985031,612,1.139999986,71.81439972,67.96875,6.150000095,4.590000153
2031,11.71742535,76.13638306,Wayanad,787,2.9865117,18.84184039,16.32744619,29.33652412,62.41055442,0.46843854,0.0625,250,10.57999992,0.11,77.31900024,493.07125,83.33333333,32.5,312.5,1.25,149.8500061,70.43875122,9.989999771,4
2032,11.57325745,76.094821,Wayanad,764,10.850212,47.83427739,15.89819567,27.89625965,63.8170557,0.41783777,0.670000017,415.8580017,4.320000172,0.11,52.22000122,305.2520142,102,51.24700165,654,1.330000043,80.2519989,22.52000046,3.24000001,3.99000001
2033,11.93493176,76.053887,Wayanad,862,3.9723408,17.41042399,16.83110778,29.11615906,58.51796847,0.52216506,0.067500003,270,4.650000095,0.11,58.375,455.984725,90,35.09999847,337.5,1.350000024,47.25,65.140675,3.150000095,5.820000172
2034,11.66310024,76.30000305,Wayanad,900,5.9935346,15.09248847,14.73629282,27.72364407,59.73813951,0.6963807,0.080357143,321.4285714,6.429999828,0.11,101.5,197.61875,107.1428571,41.78571428,401.7857143,1.607142857,63.45000076,28.23125076,4.230000019,6.210000038
2035,11.65231895,76.3614287,Wayanad,892,7.4740257,16.56945914,14.49134927,27.75986239,58.65480935,0.5354839,0.108499996,434,7.239999771,0.11,32.96175003,221.375,144.6666667,56.41999817,542.5,2.170000076,37.31999969,31.625,2.487999916,5.650000095
2036,11.64039993,76.3234024,Wayanad,855,4.1581154,20.57959223,14.72673187,27.51860673,62.38642216,0.3224432,0.125499994,502,8.029999733,0.11,73.25,191.625,167.3333333,65.26000214,627.5,2.50999999,93,27.375,6.199999809,5.639999866
2037,11.71263027,76.30602264,Wayanad,921,2.9367058,11.06208867,14.73629282,27.72364407,59.73813951,0.7674499,0.128571429,514.2857142,3.180000067,0.11,112.7724991,650.125,171.4285714,66.85714285,642.8571428,2.571428571,51.29999924,92.875,3.420000076,6.039999962
2038,11.67210102,76.280425,Wayanad,884,11.647836,12.86354589,14.73629282,27.72364407,59.73813951,0.64212984,0.134499997,538,6.050000191,0.11,69.49849701,358.75,179.3333333,69.94000244,672.5,2.690000057,104.4944992,51.25,6.966300011,6.349999905
2039,11.7031002,76.39557648,Wayanad,847,5.4760737,12.20905042,14.49134927,27.75986239,58.65480935,0.45524296,0.144999996,580,8.270000458,0.11,85.59249878,261.1700134,193.3333333,75.40000153,725,2.900000095,99.44999695,37.31000137,6.630000114,5.340000153
2040,11.59134483,76.088228,Wayanad,753,10.74848,47.83427739,15.89819567,27.89625965,63.8170557,0.5207311,0.050000001,192,4.320000172,0.11,93.62999725,669.3800049,64,24.95999908,240,0.959999979,88.5,95.62999725,5.900000095,5.210000038
2041,11.66536427,76.203177,Wayanad,789,11.031737,20.14771375,16.04212262,28.8355131,60.19013451,0.5243624,0.07,292,4.260000229,0.11,48.13000107,336.6199951,97.33000183,37.95999908,365,1.460000038,104.3899994,48.09000015,6.960000038,5.900000095
2042,11.68927479,76.223454,Wayanad,845,3.894409,20.14771375,16.04212262,28.8355131,60.19013451,0.6473703,0.079999998,185,4.289999962,0.11,69.49250031,359.625,58,25,218,1.010455959,75.30000305,51.375,5.019999981,5.96999979
2043,11.65219975,76.26830292,Wayanad,893,7.4380493,12.86354589,14.73629282,27.72364407,59.73813951,0.29838187,0.079999998,270,3.99000001,0.11,15.68000031,99.44999695,80,71.25,712,1.100000024,105.2200012,62.25,7.099999905,5.699999809
2044,11.60179996,76.32420349,Wayanad,921,10.426406,20.57959223,14.72673187,27.51860673,62.38642216,0.7938181,0.079999998,375,4.099999905,0.11,22.39999962,182.6399994,73,75.52999878,412,1.299999952,126.2200012,73.12999725,5.800000191,5.949999809
2045,11.68756008,76.112001,Wayanad,770,6.6005387,19.87357426,16.32744619,29.33652412,62.41055442,0.6654601,0.079999998,500,5.269999981,0.11,101.4000015,314.6099854,144,81.25,487,3.089999914,20.65999985,57.5,4.010000229,5.840000153
2046,11.63679981,76.04599762,Wayanad,746,1.8932192,28.24711943,16.42856882,28.34290703,66.35653247,0.82746905,0.090000004,662.1900024,1.460000038,0.11,26.46999931,556.4199829,145,71.58000183,529,1.860000014,64.26000214,46.88000107,3.859999895,5.710000038
2047,11.62066078,76.030152,Wayanad,764,10.343265,28.24711943,16.42856882,28.34290703,66.35653247,0.6808712,0.090000004,376,10.02999973,0.11,73.56999969,251.4799957,125.3300018,48.88000107,470,1.879999995,63.15000153,35.93000031,4.210000038,5.349999905
2048,11.75209999,75.94000244,Wayanad,758,7.474703,38.21623826,16.7309212,28.49599162,65.09255946,0.70666134,0.109999999,750,4.800000191,0.11,58.22999954,315.4700012,102,63.52999878,702,1.669999957,25.20999908,45.75,4.099999905,5.480000019
2049,11.6341091,76.100338,Wayanad,759,6.7009892,32.90189242,15.89819567,27.89625965,63.8170557,0.21830153,0.109999999,442,4.639999866,0.11,74.54000092,359.6300049,147.3300018,57.45999908,552.5,2.210000038,124.6600037,51.38000107,8.31000042,5.53000021
2050,11.55210114,76.215268,Wayanad,872,12.739034,31.79931426,15.18494752,27.48131372,62.53044412,0.70761865,0.109999999,460,5.110000134,0.11,52.40000153,227.3600006,148,69.97000122,712,2.609999895,9.229999542,43.13000107,8.100000381,5.539999962
2051,11.65873623,76.0981369,Wayanad,763,5.955752,24.71585375,16.32744619,29.33652412,62.41055442,0.7400865,0.129999995,880,2.950000048,0.11,63,709.9699707,148,41.27999878,586,1.389999986,23.52000046,44.75,10.5,6.170000076
2052,11.61164665,76.033206,Wayanad,751,13.503375,28.24711943,16.42856882,28.34290703,66.35653247,0.7630758,0.129999995,680,5.820000172,0.11,62,323.6799927,175,85.27999878,588,1.570000052,16.68000031,57.75,3.109999895,5.949999809
2053,11.5883503,76.221869,Wayanad,865,3.8231852,31.79931426,15.18494752,27.48131372,62.53044412,0.7011873,0.129999995,560.5999756,1.039999962,0.11,57.84999847,125.8899994,134.2799988,51.29000092,534,1.629999995,86.98999786,24.10000038,5.260000229,5.820000172
2054,11.61585045,76.27877808,Wayanad,864,2.8383262,14.42213708,14.72673187,27.51860673,62.38642216,0.44978005,0.129999995,438,6.019999981,0.11,13.23999977,537.9400024,120.1999969,25.38999939,456,1.769999981,64.43000031,66.33999634,7.539999962,5.96999979
2055,11.61573315,76.051607,Wayanad,754,9.214222,30.44018316,15.89819567,27.89625965,63.8170557,0.5646454,0.129999995,655,5.78000021,0.11,51.15000153,172.4900055,145.25,81.26000214,478,2.130000114,10.53999996,36.25,3.75,5.309999943
2056,11.60243034,76.22068787,Wayanad,913,4.6273675,19.43977642,15.18494752,27.48131372,62.53044412,0.6135581,0.140000001,394,3.00999999,0.11,24.05999947,456.8500061,0,43.63000107,523,1.980000019,60.52000046,70.55000305,7.949999809,5.380000114
2057,11.8208704,76.019519,Wayanad,763,14.903241,30.68331051,16.44396231,28.94347639,62.13998578,0.55711704,0.150000006,700,6.789999962,0.11,112,440.1600037,115,35.27999878,711,1.320000052,52.91999817,55.75,3.559999943,6.03000021
2058,11.63137722,76.12644196,Wayanad,754,5.2869096,32.90189242,15.89819567,27.89625965,63.8170557,0.57127196,0.209999993,751.5,3.099999905,0.11,55.59999847,560.75,101,21.20999908,523,1.25999999,36.40000153,35.63000107,10.68000031,5.889999866
2059,11.66375732,76.3128742,Wayanad,885,7.152199,15.09248847,14.73629282,27.72364407,59.73813951,0.2467502,0.081,324,6.360000134,0.111,66.43487549,221.1487579,108,42.11999893,405,1.620000005,52.88700104,31.59267998,3.52579999,5.400000095
2060,11.60828495,76.288781,Wayanad,920,10.072765,14.42213708,14.72673187,27.51860673,62.38642216,0.5428971,0.039999999,204.6499939,6.329999924,0.12,45.65000153,226.4600067,0,55.29000092,245,0.319999993,15.39000034,57.97000122,4.320000172,4.840000153
2061,11.79307556,76.178227,Wayanad,801,5.7408166,23.74894345,16.4266591,28.94855652,58.86110322,0.65294564,0.029533679,118.134715,3.269999981,0.12,63.02249908,272.2224888,39.37823834,15.35751295,147.6683938,0.590673575,71.28900146,38.88892698,4.752600193,5.670000076
2062,11.83526707,76.103906,Wayanad,722,11.261719,18.98152125,16.52675229,29.36926422,61.01049218,0.60547,0.035751295,143.0051813,3.119999886,0.12,37.68600082,281.386875,47.66839378,18.59067358,178.7564767,0.715025907,80.51802063,40.198125,5.367867947,5.190000057
2063,11.72080517,76.12957764,Wayanad,757,11.131848,18.84184039,16.32744619,29.33652412,62.41055442,0.69894046,0.0405,162,7.025100231,0.12,78.96859741,302.71325,54,21.05999947,202.5,0.810000002,143.3999939,43.24475098,9.56000042,5.289999962
2064,11.88277054,76.07926941,Wayanad,732,0.947715,16.73580408,16.83110778,29.11615906,58.51796847,0.6121435,0.041999999,168,5.980000019,0.12,51.875,844.890375,56,21.84000015,210,0.839999974,142.0500031,120.698625,9.470000267,5.960000038
2065,11.71958828,76.137477,Wayanad,795,4.2110605,18.84184039,16.32744619,29.33652412,62.41055442,0.49822316,0.0425,170,9.181480408,0.12,75.18099976,572.903625,56.66666667,22.10000038,212.5,0.850000024,163.5,81.843375,10.89999962,5.010000229
2066,11.78681564,76.158196,Wayanad,761,9.38175,23.74894345,16.4266591,28.94855652,58.86110322,0.70248806,0.044500001,178,2.130000114,0.12,89.078725,279.125,59.33333333,23.13999939,222.5,0.889999986,134.3984985,39.875,8.959899902,6.170000076
2067,11.57967281,76.105824,Wayanad,771,9.876886,37.31223035,15.89819567,27.89625965,63.8170557,0.65257615,0.085000001,380,7.289999962,0.12,70,136.5279999,180,38.52799988,596,0.965853659,20.69759941,48,4.829999924,5.550000191
2068,11.60461521,76.34226227,Wayanad,883,14.520768,20.57959223,14.72673187,27.51860673,62.38642216,0.72703326,0.0495,198,3.75999999,0.12,74.186125,183.75,66,25.73999977,247.5,0.99000001,93.227205,26.25,6.215147018,5.710000038
2069,11.83812714,76.115227,Wayanad,724,9.242192,18.98152125,16.52675229,29.36926422,61.01049218,0.45506564,0.049740933,198.9637306,1.669999957,0.12,76.46847534,283.408825,66.32124352,25.86528497,248.7046632,0.994818653,76.81880951,40.486975,5.121253967,5.400000095
2070,11.66011906,76.31721497,Wayanad,886,5.966327,15.09248847,14.73629282,27.72364407,59.73813951,0.6821078,0.055,220,7.449999809,0.12,60.95750046,304.0362549,73.33333333,28.60000038,275,1.100000024,133.5,43.43375015,8.899999619,5.619999886
2071,11.65690041,76.1210022,Wayanad,752,9.089703,19.87357426,16.32744619,29.33652412,62.41055442,0.522673,1.179999948,425.6300049,5.139999866,0.12,28.21999931,257.2799988,135,49.52999878,401,1.230000019,28.29000092,18.57999992,9.300000191,5.119999886
2072,11.78732491,76.151373,Wayanad,791,14.703761,23.74894345,16.4266591,28.94855652,58.86110322,0.5792459,0.062176166,248.7046632,2.430000067,0.12,67.1210022,218.75,82.9015544,32.33160622,310.880829,1.243523316,91.83000183,31.25,6.122000217,6.130000114
2073,11.87634563,76.040167,Wayanad,868,12.40353,22.39653182,16.24917229,28.74895919,59.53256002,0.5412496,0.075499997,302,4.558968067,0.12,50.625,630,100.6666667,39.25999832,377.5,1.50999999,44.09999847,90,2.940000057,4.440000057
2074,11.69900036,76.2743988,Wayanad,926,0,12.86354589,14.73629282,27.72364407,59.73813951,0.4692584,0.079017857,316.0714286,7.139999866,0.12,75.125,572.903625,105.3571429,41.08928572,395.0892858,1.580357143,77.55000305,81.843375,5.170000076,5.480000019
2075,11.54527473,76.031749,Wayanad,785,12.863582,107.3562555,17.93006102,29.24338868,65.56911816,0.5203908,1.279999971,149.1499939,4.980000019,0.12,46.27999878,173.6448059,114,52.3390007,487,1.580487805,6.924960136,18.75,4.570000172,4.730000019
2076,11.82480621,75.929554,Wayanad,820,17.23424,41.8546958,16.7309212,28.49599162,65.09255946,0.80116534,0.093999997,100,2.589999914,0.12,24.39999962,88.48000336,48,23.04000092,857,1.653061224,17.69599915,44.8828125,3.069999933,5.489999771
2077,11.8010416,76.215141,Wayanad,744,6.532757,27.14290547,16.4266591,28.94855652,58.86110322,0.69345796,0.083937824,335.7512953,1.559999943,0.12,90.22499847,207.375,111.9170984,43.64766839,419.6891192,1.678756477,87.87000275,29.625,5.857999802,6.150000095
2078,11.67546177,76.350943,Wayanad,852,2.9861062,16.56945914,14.49134927,27.75986239,58.65480935,0.5774363,0.0845,338,1.950000048,0.12,76.625,357.875,112.6666667,43.93999863,422.5,1.690000057,71.20500183,51.125,4.747000217,4.949999809
2079,11.67445946,75.961661,Wayanad,743,10.139087,25.51089454,15.94865307,28.43124674,65.52757814,0.75109094,0.078000002,220,2.460000038,0.12,45,121.7900009,72,63.52000046,478,2.099999905,55.13100052,109.875,2.869999886,5.309999943
2080,11.73929214,75.918204,Wayanad,758,5.7397285,97.94591713,16.55277457,28.31941534,68.3520686,0.59190494,0.1118,680,9.069999695,0.12,17.5,146.4960022,84,81.95899963,614,2.418367347,18.37919998,79.8828125,4.769999981,6.019999981
2081,11.65254021,76.33866882,Wayanad,853,2.9366398,15.09248847,14.73629282,27.72364407,59.73813951,0.62161267,0.125,500,6.849999905,0.12,62.65399933,581,166.6666667,65,625,2.5,30.14999962,83,2.00999999,5.599999905
2082,11.67786121,76.287643,Wayanad,923,6.5986924,12.86354589,14.73629282,27.72364407,59.73813951,0.3694449,0.161500007,646,6.670000076,0.12,64.03624725,278.7718413,215.3333333,83.98000336,807.5,3.230000019,94.87827301,39.82454875,6.325218201,6.239999771
2083,11.80655098,76.19632721,Wayanad,725,2.9873877,25.52896392,16.4266591,28.94855652,58.86110322,0.63874173,0.07,601.2000122,5.889999866,0.12,39.52000046,305.25,0,51.86000061,258,0.519999981,72.22000122,29.95999908,7.5,4.960000038
2084,11.59825039,76.22292328,Wayanad,910,6.6621623,31.79931426,15.18494752,27.48131372,62.53044412,0.614176,0.079999998,492,1.279999971,0.12,26.42000008,610.8499756,0,51.38999939,586,1.370000005,73.40000153,25.70000076,5.239999771,5.260000229
2085,11.68519592,76.028766,Wayanad,723,5.475814,26.82352638,15.94865307,28.43124674,65.52757814,0.40550515,0.090000004,546,6.099999905,0.12,72.5,210.5599976,102,80,648,1.399999976,14.75,76.25,5.5,5.699999809
2086,11.63647842,76.078893,Wayanad,768,1.3252673,30.44018316,15.89819567,27.89625965,63.8170557,0.7023951,0.090000004,352,4.860000134,0.12,99.84999847,736.0300293,117.3300018,45.75999832,440,1.75999999,88.19999695,105.1500015,5.880000114,5.769999981
2087,11.69111347,76.109286,Wayanad,760,3.3893619,19.87357426,16.32744619,29.33652412,62.41055442,0.65867364,0.090000004,875,4.849999905,0.12,102,186.6000061,88,45.52999878,324,2.200000048,11.10000038,45,8.600000381,5.400000095
2088,11.7599411,76.009397,Wayanad,767,4.2115583,24.35911709,16.44396231,28.94347639,62.13998578,0.35102618,0.119999997,920,5.880000114,0.12,65.30000305,327.8200073,73,71.27999878,685,1.590000033,27.79999924,46.75,4.210000038,5.449999809
2089,11.77330017,75.97750092,Wayanad,778,1.3256023,32.2228713,16.44396231,28.94347639,62.13998578,0.37502313,0.129999995,604.2000122,3.849999905,0.12,65.5,225.3999939,159,71.29000092,698,1.25,22.40999985,72,3.599999905,5.599999905
2090,11.59984016,76.26860809,Wayanad,873,8.036001,20.42471892,14.72673187,27.51860673,62.38642216,0.54905224,0.140000001,450,1.210000038,0.12,67.55999756,264.3200073,124.1999969,24.25,752,0.680000007,56.25999832,28.89999962,2.359999895,5.070000172
2091,11.68176079,76.21553802,Wayanad,777,9.386201,20.14771375,16.04212262,28.8355131,60.19013451,0.33941418,0.140000001,562,5.210000038,0.12,24.87999916,351.0799866,187.3300018,73.05999756,702.5,2.809999943,94.69000244,50.15000153,6.309999943,5.78000021
2092,11.66549969,76.01100159,Wayanad,742,5.6267967,26.82352638,15.94865307,28.43124674,65.52757814,0.7162305,0.150000006,582.5,5.119999886,0.12,61.52999878,145.6999969,142,59.84000015,598,1.75,16.60000038,65,6.050000191,5.820000172
2093,11.60949993,76.30560303,Wayanad,932,12.025444,20.57959223,14.72673187,27.51860673,62.38642216,0.40448374,0.189999998,450,1.25999999,0.12,21.25,195.6100006,79,68.68000031,486,2.650000095,36.41999817,69.83000183,8.390000343,5.599999905
2094,11.65178776,76.266617,Wayanad,892,11.336481,12.86354589,14.73629282,27.72364407,59.73813951,0.61894464,0.021761658,87.04663212,6.539999962,0.13,49.26910019,208.25,29.01554404,11.31606218,108.8082902,0.435233161,105.1500015,29.75,7.010000229,5.239999771
2095,11.65640163,76.251263,Wayanad,919,4.6625257,12.86354589,14.73629282,27.72364407,59.73813951,0.49918434,0.031088083,124.3523316,3.920000076,0.13,62.0424375,329,41.4507772,16.16580311,155.4404145,0.621761658,91.5,47,6.099999905,5.849999905
2096,11.78908157,76.078668,Wayanad,742,17.688753,20.04994082,16.52675229,29.36926422,61.01049218,0.45357075,1.149999976,398.2799988,4.190000057,0.13,52.29000092,501.25,0,41.29999924,387,0.649999976,80.27999878,50.25999832,5.099999905,5.539999962
2097,11.52371883,76.184858,Wayanad,885,3.8231313,76.31769872,15.23309242,27.17794821,67.63693221,0.42605224,0.980000019,325.2799988,2.390000105,0.13,49.54999924,96.97000122,0,29.85000038,405,0.800000012,81.25,60.25,6.369999886,5.25
2098,11.67160034,76.06739807,Wayanad,782,1.3253531,24.71585375,16.32744619,29.33652412,62.41055442,0.6577057,1.080000043,408.2799988,5.360000134,0.13,21.28000069,369.9500122,98,46.52999878,365,0.959999979,31.29000092,31.29000092,5.599999905,4.869999886
2099,11.59528732,76.186227,Wayanad,776,9.263367,34.01385522,15.18494752,27.48131372,62.53044412,0.7373835,0.899999976,298.5299988,5.96999979,0.13,84.27999878,218.2799988,0,28.98999977,399,0.99000001,81.19999695,35.52000046,10.34000015,6.050000191
2100,11.64004803,76.323221,Wayanad,857,5.73774,20.57959223,14.72673187,27.51860673,62.38642216,0.3175906,0.056000002,224,5.900000095,0.13,62.320375,320.25,74.66666667,29.12000084,280,1.120000005,98.27700043,45.75,6.551799774,5.570000172
2101,11.76459312,76.218815,Wayanad,784,10.308617,27.34880829,16.4266591,28.94855652,58.86110322,0.7106631,0.061999999,248,1.598999977,0.13,16.5,519.1900024,82.66666667,32.24000168,310,1.24000001,168.8999939,74.16999817,11.26000023,6.010000229
2102,11.68165493,75.96942139,Wayanad,739,11.883978,25.51089454,15.94865307,28.43124674,65.52757814,0.52873564,0.095200002,420,4.860000134,0.13,32.20000076,187.3760071,252,79.25,584,1.375609756,30.38559914,55.5390625,4.329999924,5.53000021
2103,11.76827335,76.032185,Wayanad,742,10.076763,24.35911709,16.44396231,28.94347639,62.13998578,0.71993154,0.610000014,398.5100098,5.230000019,0.13,39.63000107,231.25,0,32.52999878,356,1.519999981,81.05000305,39.59000015,9.659999847,5.210000038
2104,11.78944969,76.021536,Wayanad,717,0.92740995,24.35911709,16.44396231,28.94347639,62.13998578,0.7341552,1.090000033,412.5299988,4.960000038,0.13,49.65999985,176.3200073,0,42.95999908,485,1.580000043,69.62000275,29.65999985,7.230000019,4.880000114
2105,11.82633591,76.161262,Wayanad,754,7.4381237,25.52896392,16.4266591,28.94855652,58.86110322,0.74631155,0.085000001,340,2.680000067,0.13,51.27822495,270.012575,113.3333333,44.20000076,425,1.700000048,135.4499969,38.573225,9.029999733,5.5
2106,11.56954193,76.058314,Wayanad,782,5.954048,47.83427739,15.89819567,27.89625965,63.8170557,0.58358896,0.889999986,334.8500061,3.980000019,0.13,47.34999847,192.0576019,152,63.22050095,635,1.74000001,110.7993622,37.03125,2.980000019,4.269999981
2107,11.84703922,76.03715515,Wayanad,785,2.1091666,30.68331051,16.44396231,28.94347639,62.13998578,0.466133,0.087499999,350,8.890000343,0.13,21.125,469.7875061,116.6666667,45.5,437.5,1.75,92.69999695,67.11250305,6.179999828,6.010000229
2108,11.57240105,76.119195,Wayanad,781,6.2232437,37.31223035,15.89819567,27.89625965,63.8170557,0.7632628,0.119000003,420,7.019999981,0.13,26.29999924,274.0639954,300,58.25500107,538,1.785365854,12.26399994,52.9375,3.519999981,6.03000021
2109,11.79517078,76.154777,Wayanad,782,0,23.74894345,16.4266591,28.94855652,58.86110322,0.43742305,0.124499999,498,3.089999914,0.13,48.94075012,193.7373786,166,64.73999786,622.5,2.49000001,78.83519745,27.67676838,5.255680084,5.480000019
2110,11.63551044,75.984861,Wayanad,766,1.3252653,103.518146,16.42856882,28.34290703,66.35653247,0.5807537,0.090999998,580,3.400000095,0.13,28.40999985,221.4199982,152,70.27999878,589,2.539999962,43.90999985,60,2.730000019,5.429999828
2111,11.70317078,76.09739685,Wayanad,728,4.690196,23.00255585,16.32744619,29.33652412,62.41055442,0.60285103,0.050000001,775,4.480000019,0.13,85,135.8000031,100,39.68999863,399,1.580000043,8.329999924,35.75,4.75,5.610000134
2112,11.66219997,76.29979706,Wayanad,904,1.3253301,12.86354589,14.73629282,27.72364407,59.73813951,0.7060932,0.079999998,350,4.119999886,0.13,23.47999954,155.6900024,82,84.58999634,785,1.559999943,98.51999664,70.62999725,6.139999866,5.980000019
2113,11.62965012,76.17788696,Wayanad,752,5.9930925,30.04404676,15.18494752,27.48131372,62.53044412,0.6077052,0.079999998,356,2.410000086,0.13,30.59000015,743.9000244,0,25.28000069,658,1.679999948,79.16999817,17.97999954,4.199999809,5.420000076
2114,11.67169952,76.1486969,Wayanad,766,2.6492908,19.87357426,16.32744619,29.33652412,62.41055442,0.53852314,0.090000004,652.6199951,2.140000105,0.13,41.95999908,563.25,104,81.68000031,614,0.899999976,39.97000122,39.36999893,5.800000191,5.230000019
2115,11.66864967,76.036262,Wayanad,726,2.0818427,26.82352638,15.94865307,28.43124674,65.52757814,0.60568184,0.090000004,589,5.559999943,0.13,81.19999695,225.3999939,96,91.81999969,569,1.100000024,20.45000076,48.75,6.400000095,5.599999905
2116,11.55488586,76.154681,Wayanad,833,1.8926642,34.01385522,15.18494752,27.48131372,62.53044412,0.6046837,0.090000004,769,5.699999809,0.13,26.47999954,156.4499969,87,48.95999908,671,1.429999948,12.25,73.62999725,2.859999895,5.349999905
2117,11.75313759,76.066081,Wayanad,758,6.6657834,20.04994082,16.52675229,29.36926422,61.01049218,0.45691985,0.100000001,687,3.349999905,0.13,50.29999924,449.3399963,124,100.2799988,529,2.099999905,24.84000015,41,2.890000105,5.670000076
2118,11.53818512,76.167731,Wayanad,896,10.754292,76.31769872,15.23309242,27.17794821,67.63693221,0.63571024,0.119999997,365,4.25,0.13,50.5,201.5800018,157,65.5,778,2.099999905,8.5,41.63000107,6.5,5.690000057
2119,11.85412788,75.984078,Wayanad,801,11.147316,30.82049179,16.24917229,28.74895919,59.53256002,0.62189853,0.140000001,324.2799988,6.170000076,0.13,28.52000046,208.5299988,0,18.95000076,365,0.779999971,85.51999664,25.20000076,7.329999924,5.960000038
2120,11.70425606,76.16765594,Wayanad,799,6.70152,26.4541409,16.04212262,28.8355131,60.19013451,0.7346384,0.140000001,580,5.440000057,0.13,112,198.9100037,104,59.97000122,439,2.150000095,9.760000229,69,3.910000086,4.929999828
2121,11.64183426,76.081842,Wayanad,798,10.301145,30.44018316,15.89819567,27.89625965,63.8170557,0.63879126,0.150000006,592,5.5,0.13,112.6299973,480.269989,197.3300018,76.95999908,740,2.960000038,67.19999695,68.61000061,4.480000019,5.619999886
2122,11.80526829,76.021396,Wayanad,729,13.0665045,30.68331051,16.44396231,28.94347639,62.13998578,0.45035106,0.159999996,650,6.199999809,0.13,99.62999725,411.7799988,124,29.98999977,725,1.350000024,45.45000076,51.25,3.799999952,5.940000057
2123,11.80830002,76.05860138,Wayanad,766,4.816268,18.88560307,16.52675229,29.36926422,61.01049218,0.66803366,0.159999996,482.6199951,4.150000095,0.13,44.5,298.6499939,148,85.29000092,698,1.450000048,33.20000076,38.75,4.199999809,5.820000172
2124,11.78039169,76.021449,Wayanad,723,6.7021008,24.35911709,16.44396231,28.94347639,62.13998578,0.51648897,0.159999996,816,4.210000038,0.13,135,333.3099976,145,63.52999878,598,1.519999981,32.31000137,112.8799973,3.950000048,5.940000057
2125,11.67723274,76.077135,Wayanad,784,2.081856,24.71585375,16.32744619,29.33652412,62.41055442,0.37128463,0.180000007,734,5.559999943,0.13,58.25,336.1300049,244.6699982,95.41999817,917.5,3.670000076,79.94000244,48.02000046,5.329999924,6.019999981
2126,11.63055992,76.22437286,Wayanad,912,1.3252531,19.43977642,15.18494752,27.48131372,62.53044412,0.43569022,0.200000003,716,0.430000007,0.13,30.04000092,132.7200012,87.29000092,49.34999847,625,2.779999971,74.22000122,47.95999908,10.85999966,4.710000038
2127,11.6870842,76.265711,Wayanad,915,1.8935639,12.86354589,14.73629282,27.72364407,59.73813951,0.6265703,0.0305,122,7.159999847,0.14,57.125,379.45775,40.66666667,15.85999966,152.5,0.610000014,96,54.20824814,6.400000095,5.409999847
2128,11.63020039,76.20310211,Wayanad,888,4.8132973,19.43977642,15.18494752,27.48131372,62.53044412,0.66523075,0.680000007,412.8200073,3.579999924,0.14,61.84999847,257.2200012,105,35.27999878,402,0.75,31.25,15.25,5.199999809,4.079999924
2129,11.54769993,76.20359802,Wayanad,855,7.1496944,99.89254713,15.23309242,27.17794821,67.63693221,0.48725948,1.139999986,398.5599976,3.109999895,0.14,56.25999832,158.9900055,85,49.86000061,458,0.810000002,52.95999908,39.95999908,5.099999905,4.889999866
2130,11.71006489,76.079788,Wayanad,761,7.4380736,23.00255585,16.32744619,29.33652412,62.41055442,0.5857707,0.540000021,228.5200043,3.069999933,0.14,49.52999878,202.5200043,0,52.22000122,487,0.899999976,79.25,48.22000122,4.679999828,5.090000153
2131,11.78981209,76.121868,Wayanad,803,9.26573,20.37845039,16.52675229,29.36926422,61.01049218,0.68861586,0.970000029,401.2900085,6.360000134,0.14,26.53000069,212.25,0,28.96999931,352,0.959999979,87.25,50.27999878,8.220000267,4.650000095
2132,11.64153194,75.986058,Wayanad,747,7.587665,103.518146,16.42856882,28.34290703,66.35653247,0.5331143,0.959999979,358.3999939,5.010000229,0.14,79.69920349,311.7999878,97,58.99000168,614,1.299999952,49.38999939,21.25,3.999000072,4.699999809
2133,11.57503986,76.116124,Wayanad,782,6.5974603,37.31223035,15.89819567,27.89625965,63.8170557,0.67928475,0.097999997,370,6.130000114,0.14,28.20000076,300.1700134,150,51.20500183,512,1.610000014,13.46000004,51.375,4.099999905,5.889999866
2134,11.63949966,76.349823,Wayanad,911,9.611493,20.57959223,14.72673187,27.51860673,62.38642216,0.7150317,0.083035714,332.1428572,7.78000021,0.14,54.10725021,322.5239045,110.7142857,43.17857144,415.1785715,1.660714286,69.75,46.0748435,4.650000095,5.369999886
2135,11.74213219,76.023462,Wayanad,747,19.101822,29.12201726,15.94865307,28.43124674,65.52757814,0.72227,0.230000004,408.3500061,5.400000095,0.14,36.52999878,170.5500031,0,28.96999931,528,1.870000005,80.98999786,45.22000122,4.21999979,5.210000038
2136,11.8202734,76.146507,Wayanad,740,9.509992,18.98152125,16.52675229,29.36926422,61.01049218,0.34591788,0.094818653,379.2746114,1.789999962,0.14,67.83324475,359.660875,126.4248705,49.30569948,474.0932642,1.896373057,63.31880951,51.380125,4.221253872,5.699999809
2137,11.74108982,76.27081299,Wayanad,921,8.496888,13.73950768,14.73629282,27.72364407,59.73813951,0.72261626,0.101785714,407.1428572,3.660000086,0.14,113.0662071,189,135.7142857,52.92857144,508.9285715,2.035714286,56.84999847,27,3.789999962,6.420000076
2138,11.67076015,76.32733154,Wayanad,861,10.096576,15.09248847,14.73629282,27.72364407,59.73813951,0.6020452,0.104999997,420,3.710000038,0.14,89.09999847,597.625,140,54.59999847,525,2.099999905,111.9000015,85.375,7.460000038,5.699999809
2139,11.78652287,75.886552,Wayanad,740,8.341578,45.62537098,16.7309212,28.49599162,65.09255946,0.7514651,0.073600002,280,4.570000172,0.14,79.25,250.6560059,72,65.84799957,715,2.326530612,7.335999966,40.375,8.930000305,4.650000095
2140,11.64187813,75.984868,Wayanad,745,6.731894,103.518146,16.42856882,28.34290703,66.35653247,0.68503666,0.086599998,640,3.869999886,0.14,38.20000076,214.8159943,144,66.2519989,624,2.326530612,46.67039871,57.53125,2.859999895,5.5
2141,11.62724018,76.21669006,Wayanad,909,7.4738555,19.43977642,15.18494752,27.48131372,62.53044412,0.58547354,0.090000004,310,1.350000024,0.14,12.13000011,412.7200012,0,21.28000069,321,0.550000012,58.40999985,49.95999908,8.069999695,5.320000172
2142,11.71666718,76.047603,Wayanad,739,3.823293,29.12201726,15.94865307,28.43124674,65.52757814,0.625884,0.090000004,408.519989,4.289999962,0.14,41.27000046,308.2399902,0,41.25,486,1.289999962,61.27999878,63.25,6.449999809,5.539999962
2143,11.61827374,76.03656006,Wayanad,770,5.7373023,28.24711943,16.42856882,28.34290703,66.35653247,0.7057001,0.090000004,352,9.010000229,0.14,36.97999954,874.1300049,117.3300018,45.75999832,440,1.75999999,48.75,124.8799973,3.25,5.309999943
2144,11.62539959,75.96199799,Wayanad,840,6.532671,103.518146,16.42856882,28.34290703,66.35653247,0.79682046,0.090000004,328.519989,3,0.14,48.27999878,312.2099915,185,25.28000069,578,2.579999924,82.94999695,50,8.5,4
2145,11.76301384,76.014675,Wayanad,733,10.6615305,24.35911709,16.44396231,28.94347639,62.13998578,0.6248336,0.100000001,880,4.889999866,0.14,61.61000061,333.4599915,109,56.25,712,1.470000029,24.42000008,66.25,4.099999905,5.5
2146,11.6452179,76.033083,Wayanad,728,4.8135414,28.24711943,16.42856882,28.34290703,66.35653247,0.43762752,0.100000001,418,3.339999914,0.14,64.27999878,253.75,139.3300018,54.34000015,522.5,2.089999914,47.84999847,36.25,3.190000057,5.53000021
2147,11.66917896,76.055351,Wayanad,736,9.199214,24.71585375,16.32744619,29.33652412,62.41055442,0.7836914,0.109999999,432,8.25,0.14,81.94999695,460.6000061,144,56.15999985,540,2.160000086,125.6999969,65.80000305,8.380000114,5.840000153
2148,11.82034969,76.010055,Wayanad,767,10.139132,30.68331051,16.44396231,28.94347639,62.13998578,0.5224925,0.119999997,412.6400146,4.659999847,0.14,35.27999878,524.25,0,40.27999878,429,0.850000024,39.38999939,31.28000069,6.349999905,5.139999866
2149,11.68837738,76.109514,Wayanad,751,10.265491,19.87357426,16.32744619,29.33652412,62.41055442,0.7010849,0.119999997,478,5.559999943,0.14,68.12999725,372.3399963,159.3300018,62.13999939,597.5,2.390000105,64.86000061,53.18999863,4.320000172,5.300000191
2150,11.62537384,76.032261,Wayanad,756,16.492657,28.24711943,16.42856882,28.34290703,66.35653247,0.64106244,0.129999995,526,9,0.14,65.13999939,184.5,175.3300018,68.37999725,657.5,2.630000114,58.79999924,26.36000061,3.920000076,5.510000229
2151,11.77318001,76.027529,Wayanad,761,2.6497855,24.35911709,16.44396231,28.94347639,62.13998578,0.6684031,0.159999996,640,3.799999952,0.14,115,354.1400146,115,42.27999878,501,1.419999957,25.39999962,100,4.300000191,5.800000191
2152,11.80432129,76.01355743,Wayanad,734,0.94744337,30.68331051,16.44396231,28.94347639,62.13998578,0.752443,0.180000007,590,6,0.14,115,322.4200134,98,45.65999985,798,1.200000048,60.16999817,72.5,4.199999809,5.800000191
2153,11.71329975,76.08540344,Wayanad,755,4.662878,23.00255585,16.32744619,29.33652412,62.41055442,0.4600572,0.180000007,385.519989,5.860000134,0.14,28.29000092,412.230011,97,39.90000153,523,1.860000014,35.52999878,36.52000046,8.5,4.559999943
2154,11.64430046,76.05470276,Wayanad,731,3.388963,30.44018316,15.89819567,27.89625965,63.8170557,0.50655305,0.200000003,583.6500244,2.579999924,0.14,35.22000122,508.2799988,121,65.86000061,624,0.75999999,50.22000122,45.63000107,5.960000038,6.119999886
2155,11.59860039,76.24890137,Wayanad,922,2.1076384,31.79931426,15.18494752,27.48131372,62.53044412,0.79608154,0.209999993,452,1.350000024,0.14,21.27000046,222.5800018,91,69.95999908,536,2.450000048,42.40000153,79.62999725,9.550000191,5.260000229
2156,11.81871986,76.018786,Wayanad,773,10.857201,30.68331051,16.44396231,28.94347639,62.13998578,0.47226074,1.039999962,523.3200073,5.960000038,0.15,42.86000061,218.1999969,0,38.95999908,499,1.24000001,39.36000061,39.90000153,6.320000172,5.360000134
2157,11.74095154,75.858452,Wayanad,735,9.195146,121.4390578,16.55277457,28.31941534,68.3520686,0.7671696,0.087399997,180.6199951,3.410000086,0.15,88.40000153,340.256012,132,81,602,1.408163265,6.664000034,67.84375,4.349999905,5.03000021
2158,11.5855217,76.317248,Wayanad,928,3.7816222,24.06327093,14.72673187,27.51860673,62.38642216,0.6294361,0.25,312.2799988,4.860000134,0.15,35.91999817,202.1999969,0,59.22999954,758,1.559999943,28.95999908,40.22999954,5.320000172,4.989999771
2159,11.85752583,76.176621,Wayanad,749,7.438137,23.41175294,16.39262411,28.42335742,58.95388257,0.75670034,0.085714286,342.8571428,9.420000076,0.15,51.623225,263.396112,114.2857143,44.57142856,428.5714285,1.714285714,54.59999847,37.628016,3.640000105,4.989999771
2160,11.6636591,76.357515,Wayanad,872,17.079721,16.56945914,14.49134927,27.75986239,58.65480935,0.6173092,0.089000002,356,1.940000057,0.15,73.708125,298.375,118.6666667,46.27999878,445,1.779999971,84.37650299,42.625,5.625100136,6.400000095
2161,11.66203785,76.329358,Wayanad,888,6.3014045,15.09248847,14.73629282,27.72364407,59.73813951,0.598398,0.092,368,6.449999809,0.15,62.658625,333.375,122.6666667,47.84000015,460,1.840000033,82.76999664,47.625,5.518000126,5.5
2162,11.80176067,76.09668732,Wayanad,725,9.43429,18.88560307,16.52675229,29.36926422,61.01049218,0.47460318,0.097499996,390,2.170000076,0.15,75.031707,202.125,130,50.70000076,487.5,1.950000048,101.3850021,28.875,6.758999825,6
2163,11.64301014,76.26641083,Wayanad,886,7.294463,14.42213708,14.72673187,27.51860673,62.38642216,0.49695587,0.059999999,390,3.220000029,0.15,31.28000069,235.0899963,96.19999695,21.82999992,658,1.100000024,132.2200012,76.73000336,5.489999771,5.510000229
2164,11.69142532,76.0798645,Wayanad,751,6.532703,24.71585375,16.32744619,29.33652412,62.41055442,0.5701421,0.07,724.6300049,4.739999771,0.15,75.5,135.6399994,124,58.58000183,587,1.120000005,10.44999981,29.25,5.139999866,5.519999981
2165,11.62589836,76.126132,Wayanad,786,10.5912695,32.90189242,15.89819567,27.89625965,63.8170557,0.6537333,0.079999998,700,4.25,0.15,101,366.3500061,114,39.63000107,602,2.25,16.47999954,40,2.880000114,6.099999905
2166,11.63556004,76.27749634,Wayanad,885,3.8232248,14.42213708,14.72673187,27.51860673,62.38642216,0.4566474,0.090000004,298.2200012,5.710000038,0.15,80.02999878,272.1600037,98.55000305,15.28999996,625,1.639999986,126.3600006,33.75999832,10.22000027,6.329999924
2167,11.64656353,76.195161,Wayanad,792,5.2870545,30.04404676,15.18494752,27.48131372,62.53044412,0.7068102,0.090000004,352,3.670000076,0.15,56,222.8999939,117.3300018,45.75999832,440,1.75999999,71.23000336,31.84000015,4.75,5.309999943
2168,11.62192345,76.02375031,Wayanad,776,10.538521,28.24711943,16.42856882,28.34290703,66.35653247,0.59118813,0.090000004,620,4.110000134,0.15,58.5,394.2399902,146,79.51999664,498,2.579999924,20.85000038,40,4.809999943,5.460000038
2169,11.66058922,76.266602,Wayanad,884,6.532688,12.86354589,14.73629282,27.72364407,59.73813951,0.61210686,0.100000001,400,5.829999924,0.15,51.58625031,301.875,133.3333333,52,500,2,177,43.125,11.80000019,5.099999905
2170,11.79479313,76.017796,Wayanad,737,3.7844715,24.35911709,16.44396231,28.94347639,62.13998578,0.55218214,0.119999997,285,3.400000095,0.15,55.79999924,412.4700012,132,52.52999878,715,1.379999995,16.54000092,60,5.239999771,5.78000021
2171,11.6252346,76.244435,Wayanad,899,4.6623335,19.43977642,15.18494752,27.48131372,62.53044412,0.5467184,0.189999998,358.2000122,8.640000343,0.15,59.65999985,385.519989,0,39.61999893,285,0.980000019,28.28000069,41.25,4.659999847,5.869999886
2172,11.59434032,76.22445679,Wayanad,870,7.293708,31.79931426,15.18494752,27.48131372,62.53044412,0.58622754,0.189999998,761.5,2.309999943,0.15,127.1999969,456.8500061,98.51999664,32.27999878,521,2.890000105,49.93000031,78.58999634,9.300000191,5.420000076
2173,11.54765129,76.035219,Wayanad,769,14.27511,107.3562555,17.93006102,29.24338868,65.56911816,0.55125594,0.105999999,237,3.220000029,0.16,29.43000031,137.1999969,28,59.65250015,328,0.920000017,10.46000004,100.125,4.889999866,6.210000038
2174,11.82148647,75.98731232,Wayanad,757,6.702416,38.24488544,16.44396231,28.94347639,62.13998578,0.6526731,1.080000043,825.25,6.170000076,0.16,33.95000076,528.2199707,0,52.97999954,416,0.99000001,39.95000076,21.28000069,4.21999979,5.869999886
2175,11.93440819,76.045479,Wayanad,869,7.8959103,48.84901595,16.24917229,28.74895919,59.53256002,0.56408286,0.064000003,256,4.949999809,0.16,39.875,757.3125,85.33333333,33.27999878,320,1.279999971,125.4000015,108.1875,8.359999657,5.630000114
2176,11.63315678,76.015771,Wayanad,745,12.582648,28.24711943,16.42856882,28.34290703,66.35653247,0.42923433,0.639999986,385.75,1.980000019,0.16,47.27999878,136.8899994,100,21.28000069,702,1.450000048,41.27000046,23.75,5.519999981,5.300000191
2177,11.6397543,75.99511719,Wayanad,749,10.139076,103.518146,16.42856882,28.34290703,66.35653247,0.68512803,1.019999981,388.7099915,3.960000038,0.16,68.51999664,95.33999634,78,49.68899918,698,1.5,51.26290131,22.25,3.511409998,4.900000095
2178,11.56464672,76.043158,Wayanad,781,5.474059,38.38857722,16.42856882,28.34290703,66.35653247,0.39146847,1.039999962,310.7799988,6.119999886,0.16,51.38899994,166.75,148,51.97000122,598,1.5,130.4499969,35,3.187999964,4.309999943
2179,11.81234455,76.188452,Wayanad,773,4.6634955,25.52896392,16.4266591,28.94855652,58.86110322,0.7579641,0.076339286,305.3571428,3.349999905,0.16,49.76874924,310.403625,101.7857143,39.69642856,381.6964285,1.526785714,101.6999969,44.343375,6.78000021,5.610000134
2180,11.75132656,76.192542,Wayanad,898,8.273563,23.74894345,16.4266591,28.94855652,58.86110322,0.7047024,0.086999997,348,5.199999809,0.16,30.625,876.75,116,45.24000168,435,1.74000001,196.6499939,125.25,13.10999966,5.690000057
2181,11.90258694,76.00800323,Wayanad,790,18.575714,48.84901595,16.24917229,28.74895919,59.53256002,0.73203266,0.091071429,364.2857142,2.390000105,0.16,111.875,595.875,121.4285714,47.35714285,455.3571428,1.821428571,59.54999924,85.125,3.970000029,6.21999979
2182,11.65069008,76.315553,Wayanad,904,8.893594,15.09248847,14.73629282,27.72364407,59.73813951,0.78686905,0.094499998,378,8.420000076,0.16,42.732375,197.75,126,49.13999939,472.5,1.889999986,81.69450378,28.25,5.44630003,4.519999981
2183,11.72587967,76.2804718,Wayanad,911,5.7394657,13.73950768,14.73629282,27.72364407,59.73813951,0.61732566,0.104464286,417.8571428,8.489999771,0.16,46.19072625,152.25,139.2857143,54.32142856,522.3214285,2.089285714,57.59999847,21.75,3.839999914,5.300000191
2184,11.79568481,76.161692,Wayanad,800,2.987281,23.74894345,16.4266591,28.94855652,58.86110322,0.47575462,0.133000001,532,2.619999886,0.16,60.7458625,214.375,177.3333333,69.16000366,665,2.660000086,127.7272491,30.625,8.51515007,6.210000038
2185,11.67672157,76.370483,Wayanad,857,4.6273675,16.56945914,14.49134927,27.75986239,58.65480935,0.70914185,0.151999995,608,8.760000229,0.16,74.8227005,338.625,202.6666667,79.04000092,760,3.039999962,78.98384857,48.375,5.265590191,5.46999979
2186,11.62252522,75.99617004,Wayanad,808,9.61105,103.518146,16.42856882,28.34290703,66.35653247,0.74088925,0.087200001,440,3.109999895,0.16,26.5,643.1040039,216,69.55280304,523,3.091836735,7.571199894,45.6640625,2.309999943,5.199999809
2187,11.63210011,76.26139832,Wayanad,902,4.6894217,14.42213708,14.72673187,27.51860673,62.38642216,0.6514939,0.07,289.6199951,3.859999895,0.16,52.63000107,396.3399963,157,29.87000084,624,1.399999976,71.25,52.25,4.900000095,3.99000001
2188,11.62589836,76.126132,Wayanad,786,10.5912695,32.90189242,15.89819567,27.89625965,63.8170557,0.6537333,0.090000004,652,4.71999979,0.16,98,352.1400146,147,55.52999878,598,2.200000048,15.56000042,48.13000107,3.140000105,6.070000172
2189,11.73634911,76.060552,Wayanad,722,2.7802885,23.00255585,16.32744619,29.33652412,62.41055442,0.5762066,0.100000001,550,5.5,0.16,60.33000183,150.75,99,29.28000069,728,2.099999905,20.47999954,48.75,4.099999905,5.5
2190,11.68369007,76.14939117,Wayanad,769,3.3892975,19.87357426,16.32744619,29.33652412,62.41055442,0.72470546,0.129999995,740.5,5.639999866,0.16,86.44999695,212.4799957,86,45.52999878,425,1.679999948,16.78000069,46.88000107,5.800000191,5.599999905
2191,11.77416611,75.876528,Wayanad,743,10.302141,45.62537098,16.7309212,28.49599162,65.09255946,0.46683958,1.120000005,450,6.122300148,0.167,62.27999878,125.1699982,96,39.63290024,524,1.230000019,187.4299927,7,5.449999809,4.869999886
2192,11.81921101,76.00541687,Wayanad,742,8.022329,30.68331051,16.44396231,28.94347639,62.13998578,0.83320564,0.910000026,546.5200195,6.78000021,0.17,28.53000069,258.5799866,0,35.90000153,274,0.460000008,85.25,35.11000061,5.150000095,5.239999771
2193,11.61771011,76.241577,Wayanad,908,7.29407,19.43977642,15.18494752,27.48131372,62.53044412,0.49684653,1.149999976,396.2900085,8.119999886,0.17,65.27999878,423.3900146,0,28.51000023,245,0.460000008,39.59999847,28.21999931,3.210000038,5.400000095
2194,11.66458511,75.972175,Wayanad,752,11.541572,25.51089454,15.94865307,28.43124674,65.52757814,0.6083834,0.075999998,400.2399902,5.789999962,0.17,82.12000275,70.13999939,82.5,33.29999924,299,0.720000029,13.32999992,26.25,6.019999981,5.579999924
2195,11.54522991,76.17504883,Wayanad,884,8.015436,76.31769872,15.23309242,27.17794821,67.63693221,0.53411114,0.75,635.6300049,2.50999999,0.17,48.25,135.5899963,0,42.84999847,359,0.800000012,82.37000275,78.83000183,4.289999962,4.78000021
2196,11.84989929,75.98758698,Wayanad,811,4.2126703,38.24488544,16.44396231,28.94347639,62.13998578,0.6009636,0.850000024,358.519989,5.75,0.17,36.27999878,285.9200134,0,21.86000061,298,0.959999979,28.51000023,39.68999863,8.220000267,5.519999981
2197,11.60364532,76.010652,Wayanad,738,4.9964895,28.24711943,16.42856882,28.34290703,66.35653247,0.51836604,0.108000003,300,3.5,0.17,27.10000038,302.2879944,72,46.62651825,398,0.979591837,29.6128006,51.3828125,4.639999866,5.559999943
2198,11.74173069,76.116901,Wayanad,783,4.815153,18.84184039,16.32744619,29.33652412,62.41055442,0.4613115,0.870000005,298.519989,2.869999886,0.17,56.31999969,128.2899933,0,18.97999954,402,1.039999962,75.22000122,57.33000183,7.28000021,4.960000038
2199,11.5827446,76.11055756,Wayanad,776,2.6488585,37.31223035,15.89819567,27.89625965,63.8170557,0.7129252,0.097000003,543,5.900000095,0.17,36.77999878,195.6399994,237,42.52000046,568,1.090000033,21.20999908,41.625,4.329999924,5.679999828
2200,11.6672802,76.250213,Wayanad,891,14.125575,12.86354589,14.73629282,27.72364407,59.73813951,0.62455,0.059067358,236.2694301,5.989999771,0.17,69.48625183,387.625,78.75647668,30.71502591,295.3367876,1.18134715,106.3499985,55.375,7.090000153,6.099999905
2201,11.65576553,76.245232,Wayanad,894,8.510341,20.14771375,16.04212262,28.8355131,60.19013451,0.64335155,0.063730568,254.9222798,3.660000086,0.17,75.15350342,372.75,84.97409326,33.13989637,318.6528497,1.274611399,89.25,53.25,5.949999809,6.090000153
2202,11.53755188,76.034983,Wayanad,767,12.80195,107.3562555,17.93006102,29.24338868,65.56911816,0.56712157,0.939999998,144.1999969,5.210000038,0.17,39.52799988,168.3000031,65,63.20500183,396,1.549999952,7.099999905,19,5.012000084,4.650000095
2203,11.61700058,76.012065,Wayanad,757,3.8934567,28.24711943,16.42856882,28.34290703,66.35653247,0.5391561,1.019999981,710.7199707,3.980000019,0.17,75.25,550.4799805,99,28.96899986,578,1.600000024,28.45000076,555,5.960000038,5.099999905
2204,11.74831867,76.193742,Wayanad,890,9.563453,26.4541409,16.04212262,28.8355131,60.19013451,0.7013172,0.096000001,384,6.550000191,0.17,55.125,722.5750122,128,49.91999817,480,1.919999957,76.5,103.2249985,5.099999905,5.590000153
2205,11.79520035,76.08439636,Wayanad,757,1.8543341,20.04994082,16.52675229,29.36926422,61.01049218,0.69432014,0.104500003,418,3.670000076,0.17,65.9748625,285.11875,139.3333333,54.34000015,522.5,2.089999914,74.25,40.73125076,4.949999809,5.389999866
2206,11.55123615,76.149555,Wayanad,871,7.9826274,37.31223035,15.89819567,27.89625965,63.8170557,0.6566916,1.159999967,720,5.090000153,0.17,114,147.3899994,123,38.52000046,635,2.150000095,9.68999958,50.13000107,4.900000095,5.670000076
2207,11.74451923,76.191802,Wayanad,885,6.3029037,26.4541409,16.04212262,28.8355131,60.19013451,0.728,0.1285,514,5.110000134,0.17,75.25,553.44625,171.3333333,66.81999969,642.5,2.569999933,123.3000031,79.06375122,8.220000267,5.730000019
2208,11.56622982,76.121545,Wayanad,818,18.610939,37.31223035,15.89819567,27.89625965,63.8170557,0.4180602,0.079999998,480,2.920000076,0.17,20.20000076,252.7839966,84,31.25799942,502,1.697560976,11.31200027,101.0546875,2.74000001,5.400000095
2209,11.74580574,75.871722,Wayanad,732,1.8543341,121.4390578,16.55277457,28.31941534,68.3520686,0.6863296,0.079999998,270,3.099999905,0.17,40.15999985,140.1399994,125,95.27999878,587,1.789999962,17.20000076,61.25,6.21999979,5.190000057
2210,11.88564968,76.04119873,Wayanad,853,11.338174,22.39653182,16.24917229,28.74895919,59.53256002,0.7345365,0.090000004,360,2.480000019,0.17,58.7448082,274.9075012,120,46.79999924,450,1.799999952,49.34999847,39.27249908,3.289999962,5.820000172
2211,11.62452984,76.18818665,Wayanad,791,11.5198965,30.04404676,15.18494752,27.48131372,62.53044412,0.7544313,0.109999999,528,1.179999948,0.17,31.37000084,280.8999939,0,39.63999939,589,1.049999952,49.15999985,27.84000015,3.319999933,5.340000153
2212,11.64385414,76.163474,Wayanad,765,3.9701993,30.04404676,15.18494752,27.48131372,62.53044412,0.65957445,0.119999997,940,5.21999979,0.17,121,243.3800049,72,34.52000046,385,2.150000095,10.21000004,40,9.100000381,5.599999905
2213,11.6808691,76.097163,Wayanad,733,4.689955,24.71585375,16.32744619,29.33652412,62.41055442,0.63878787,0.119999997,468,5.940000057,0.17,62,346.3299866,156,60.84000015,585,2.339999914,75.20999908,49.47999954,5.010000229,5.869999886
2214,11.53967953,76.135828,Wayanad,841,5.626726,85.95577717,15.76325405,27.00017963,65.88075098,0.52467763,0.187999994,380.4500122,4.119999886,0.17,59.52799988,335.5968018,84,39.81999969,659,1.375609756,85.26200104,17.5,1.528499961,4.829999924
2215,11.60949993,76.26599884,Wayanad,910,1.3252019,14.42213708,14.72673187,27.51860673,62.38642216,0.24392399,0.189999998,434,1.399999976,0.17,24.09000015,219.1799927,121,71.33000183,597,2.809999943,38.38000107,79.47000122,10.57999992,5.340000153
2216,11.61762047,76.22898102,Wayanad,909,6.7318487,19.43977642,15.18494752,27.48131372,62.53044412,0.40008467,0.189999998,434,1.399999976,0.17,24.09000015,219.1799927,145.2799988,35.22000122,701,2.809999943,38.38000107,79.69000244,10.57999992,5.340000153
2217,11.60894966,76.222177,Wayanad,890,12.646651,19.43977642,15.18494752,27.48131372,62.53044412,0.62936044,0.200000003,449.5,0.680000007,0.17,27.59000015,129.0200043,0,48.52999878,612,2.680000067,96.37999725,367.5599976,9.43999958,4.659999847
2218,11.80490589,75.933399,Wayanad,748,15.7752,41.8546958,16.7309212,28.49599162,65.09255946,0.7680162,0.071000002,344.4500122,6.300000191,0.172,99,271.230011,115,49.86999893,914,1.769999981,30.20999908,31.25,4.5,4.809999943
2219,11.67837334,75.9834671,Wayanad,738,5.4757123,25.51089454,15.94865307,28.43124674,65.52757814,0.6138813,0.094999999,423.480011,5.800000191,0.176,86.98999786,71.80999756,92.29000092,34.77999878,333,0.075000003,15.10000038,26.625,6,5.480000019
2220,11.52523327,76.175706,Wayanad,891,4.6273675,76.31769872,15.23309242,27.17794821,67.63693221,0.6217319,1.080000043,587.5200195,1.340000033,0.18,52.20000076,154.5200043,0,39.84999847,412,0.460000008,66.95999908,55.25,2.369999886,5.210000038
2221,11.57120514,76.233299,Wayanad,840,1.3251098,31.79931426,15.18494752,27.48131372,62.53044412,0.44119,0.959999979,225.1999969,5.800000191,0.18,48.31999969,108.25,0,49.86000061,278,0.560000002,59.29000092,51.27000046,7.539999962,4.360000134
2222,11.82858753,76.011161,Wayanad,772,12.802019,30.68331051,16.44396231,28.94347639,62.13998578,0.56011844,0.540000021,425.2000122,5.570000172,0.18,64.52999878,369.2600098,0,28.96999931,375,0.769999981,19.26000023,26.89999962,8.199999809,5.199999809
2223,11.73085976,75.929919,Wayanad,762,1.3254979,97.94591713,16.55277457,28.31941534,68.3520686,0.5938262,0.071000002,252.4700012,6.139999866,0.18,75.61000061,93.77999878,103.5,39.9620018,589,0.829999983,46.88999939,20.5,4.730000019,5.340000153
2224,11.61873722,76.008574,Wayanad,747,5.2867866,28.24711943,16.42856882,28.34290703,66.35653247,0.55051005,0.097000003,312,4.800000191,0.18,28.70000076,273.1600037,85,60.22520065,428,0.879999995,26.62000084,38.75,5.010000229,5.610000134
2225,11.54300022,76.20999908,Wayanad,840,19.910946,99.89254713,15.23309242,27.17794821,67.63693221,0.6776994,0.850000024,375.3299866,4.019999981,0.18,55.27999878,209.3699951,86,38.52000046,475,0.899999976,49.95000076,29.95000076,7.400000095,4.920000076
2226,11.57003975,76.043387,Wayanad,766,2.7802885,38.38857722,16.42856882,28.34290703,66.35653247,0.7268786,0.089000002,240,3.660000086,0.18,32.79999924,156.6880035,24,36.95899963,325,0.948979592,11.65919971,104.6640625,5.849999905,6.389999866
2227,11.67080021,76.13240051,Wayanad,766,4.8139706,19.87357426,16.32744619,29.33652412,62.41055442,0.42721155,1.25,596.5300293,3.00999999,0.18,51.91999817,428.2099915,106,72.90000153,589,1.049999952,41.25,28.22999954,4.199999809,5.559999943
2228,11.75228977,76.095346,Wayanad,761,6.303051,20.04994082,16.52675229,29.36926422,61.01049218,0.52699226,0.280000001,525.5599976,2.890000105,0.18,82.29000092,504.25,0,31.28000069,476,1.120000005,78.25,74.66000366,1.230000019,4.929999828
2229,11.53513241,76.200274,Wayanad,855,13.297494,99.89254713,15.23309242,27.17794821,67.63693221,0.7707375,0.959999979,475.5220032,2.349999905,0.18,54.31999969,487.5,98,15.28250027,654,1.179999948,55.2519989,61.5625,5.800000191,4.368999958
2230,11.79211998,76.00845337,Wayanad,729,7.296798,24.35911709,16.44396231,28.94347639,62.13998578,0.7524463,1.100000024,409.6499939,5.210000038,0.18,51.27999878,191.9199982,0,45.86000061,369,1.200000048,90.27999878,18.21999931,8.109999657,4.829999924
2231,11.59735489,76.180686,Wayanad,793,4.2095747,34.01385522,15.18494752,27.48131372,62.53044412,0.5213544,1.25,321.2600098,4.590000153,0.18,71.25,258.519989,0,35.86000061,412,1.24000001,63.25,28.54999924,9.989999771,6.119999886
2232,11.71801853,76.086506,Wayanad,760,5.9942636,23.00255585,16.32744619,29.33652412,62.41055442,0.6975042,0.230000004,528.7000122,4.289999962,0.18,42.27999878,141.7899933,0,48.79999924,451,1.320000052,56.25,13.75,9.880000114,5.059999943
2233,11.667099,76.26013947,Wayanad,874,7.7525835,12.86354589,14.73629282,27.72364407,59.73813951,0.5826726,0.079274611,317.0984456,7.96999979,0.18,64.079875,407.3866882,105.6994819,41.22279793,396.373057,1.585492228,104.5500031,58.19810104,6.96999979,5.5
2234,11.84993553,76.186536,Wayanad,722,1.3257916,25.52896392,16.4266591,28.94855652,58.86110322,0.6734395,0.080357143,321.4285714,6.889999866,0.18,87.55999756,218.7236888,107.1428571,41.78571428,401.7857143,1.607142857,125.0999985,31.24624125,8.340000153,5.519999981
2235,11.72070026,76.26143646,Wayanad,925,14.620439,13.73950768,14.73629282,27.72364407,59.73813951,0.72744364,0.087053571,348.2142858,7.849999905,0.18,29.24474907,311.394989,116.0714286,45.26785715,435.2678573,1.741071429,49.04999924,44.48500061,3.269999981,5.800000191
2236,11.63020039,76.03199768,Wayanad,778,5.857883,28.24711943,16.42856882,28.34290703,66.35653247,0.35266352,0.980000019,309.2000122,3.150000095,0.18,39.95999908,258.4100037,124,38.52999878,501,1.850000024,80,51.22000122,7.5,4.550000191
2237,11.88920021,76.01609802,Wayanad,758,6.3055696,22.39653182,16.24917229,28.74895919,59.53256002,0.67116,0.093000002,372,7.170000076,0.18,97.75,570.5,124,48.36000061,465,1.860000014,71.69999695,81.5,4.78000021,5.179999828
2238,11.79623795,76.183618,Wayanad,774,5.740884,23.74894345,16.4266591,28.94855652,58.86110322,0.695556,0.094818653,379.2746114,2.099999905,0.18,51.74375153,263.5075625,126.4248705,49.30569948,474.0932642,1.896373057,74.04450226,37.6439375,4.936299801,6.300000191
2239,11.78432846,76.028775,Wayanad,739,12.507334,24.35911709,16.44396231,28.94347639,62.13998578,0.75779873,0.899999976,423.6700134,5.010000229,0.18,45.38999939,202.5899963,0,36.40999985,421,2.049999952,79.62000275,35.5,1.220000029,5.119999886
2240,11.55337524,76.034903,Wayanad,799,10.062968,38.38857722,16.42856882,28.34290703,66.35653247,0.66431093,1.389999986,350.2099915,5.539999962,0.18,59.68999863,170.1499939,98,49.88199997,528,2.099999905,125.5800018,30,3.960000038,4.599999905
2241,11.68085957,76.33579254,Wayanad,871,3.823263,15.09248847,14.73629282,27.72364407,59.73813951,0.52668214,0.125892857,503.5714286,3.519999981,0.18,86.875,683.375,167.8571429,65.46428572,629.4642858,2.517857143,60.45000076,97.625,4.03000021,536
2242,11.68088341,76.162849,Wayanad,753,5.475753,20.85900843,16.04212262,28.8355131,60.19013451,0.6095645,0.370000005,785,4.78000021,0.18,52.45999908,256.75,125,88.52999878,495,3.599999905,7.050000191,39,3.849999905,5.800000191
2243,11.76736641,76.015867,Wayanad,770,1.3255879,24.35911709,16.44396231,28.94347639,62.13998578,0.7586545,0.079999998,655,5.400000095,0.18,58.5,322.4599915,125,61.31999969,658,1.5,21.10000038,30,4.5,5.699999809
2244,11.79118347,75.895647,Wayanad,728,2.0820336,45.62537098,16.7309212,28.49599162,65.09255946,0.83386976,0.079999998,380,5.599999905,0.18,110,351,104,63,845,1.889999986,34.11999893,26.25,4.800000191,4.829999924
2245,11.7560997,76.09010315,Wayanad,763,4.996881,20.04994082,16.52675229,29.36926422,61.01049218,0.49434242,0.090000004,385,6.070000172,0.18,60.45999908,310.4700012,114,85.51999664,705,1.5,61.34999847,33.75,4.260000229,5.800000191
2246,11.77863121,76.0355928,Wayanad,735,12.458057,24.35911709,16.44396231,28.94347639,62.13998578,0.65525675,0.090000004,625,8.920000076,0.18,43,343.9500122,147,39.38999939,568,1.820000052,20.70000076,51.25,3.029999971,6.110000134
2247,11.57896042,76.21456146,Wayanad,872,2.6488397,31.79931426,15.18494752,27.48131372,62.53044412,0.36389998,0.100000001,586,1.720000029,0.18,22.79999924,228.2599945,124.2799988,55.63000107,589,1.320000052,119.2200012,17.30999947,6.559999943,5.650000095
2248,11.60536957,76.22022247,Wayanad,908,5.071394,19.43977642,15.18494752,27.48131372,62.53044412,0.42505386,0.119999997,762,1.25999999,0.18,18.31999969,400.7399902,85.62000275,39.63000107,529,0.730000019,88.95999908,64.30000305,4.369999886,5.409999847
2249,11.63324928,76.016881,Wayanad,742,11.156735,28.24711943,16.42856882,28.34290703,66.35653247,0.7086679,0.119999997,453.8500061,4.949999809,0.18,85,145.5552063,101,49.32500076,528,1.317073171,47.44879913,21.5625,4.112500191,5.269999981
2250,11.64612961,76.272621,Wayanad,895,2.0818079,14.42213708,14.72673187,27.51860673,62.38642216,0.6517915,0.129999995,486.6300049,8.579999924,0.18,39.22999954,405.25,0,46.63999939,756,0.99000001,50.97000122,39.95000076,4.21999979,5.119999886
2251,11.61145782,76.044581,Wayanad,788,5.4220486,28.24711943,16.42856882,28.34290703,66.35653247,0.6455253,0.140000001,578,5.260000229,0.18,74.54000092,269.0400085,192.6699982,75.13999939,722.5,2.890000105,19.79999924,38.43000031,1.320000052,5.199999809
2252,11.63933563,76.292562,Wayanad,858,5.2869873,14.42213708,14.72673187,27.51860673,62.38642216,0.64247614,0.150000006,486.3299866,4.860000134,0.18,35.84999847,519.9000244,0,55.36000061,725,1.049999952,51.95999908,21.28000069,8.25,5.869999886
2253,11.61003017,76.19909668,Wayanad,800,10.302993,30.04404676,15.18494752,27.48131372,62.53044412,0.7139504,0.150000006,520,1.289999962,0.18,17.23999977,244.6100006,94.25,58.52999878,602,1.370000005,131.6799927,40.27999878,8.640000343,5.409999847
2254,11.82549381,75.9952244,Wayanad,756,6.3043933,38.24488544,16.44396231,28.94347639,62.13998578,0.44663382,0.180000007,352.519989,5.070000172,0.18,45.59000015,548.25,0,42.97999954,465,1.100000024,31.29999924,29.95999908,7.349999905,4.869999886
2255,11.83156776,75.99279785,Wayanad,789,3.8233905,38.24488544,16.44396231,28.94347639,62.13998578,0.6883449,0.189999998,798.25,5.989999771,0.18,35.95999908,652.6199951,0,31.86000061,425,1.230000019,45.52999878,15.94999981,7.25,5.480000019
2256,11.60249996,76.30979919,Wayanad,916,3.388606,20.57959223,14.72673187,27.51860673,62.38642216,0.57453936,0.200000003,398.519989,1.850000024,0.18,35.34000015,118.1999969,69,72.52999878,512,2.74000001,21.22999954,65.25,8.239999771,4.989999771
2257,11.71339989,76.08570099,Wayanad,757,4.1583414,23.00255585,16.32744619,29.33652412,62.41055442,0.41991824,0.209999993,341.2399902,4.119999886,0.18,35.27999878,428.5299988,118,28.98999977,548,2.170000076,51.59999847,41.25,4.199999809,5.119999886
2258,11.74528503,75.885507,Wayanad,732,5.073603,121.4390578,16.55277457,28.31941534,68.3520686,0.7375733,0.090000004,410.6700134,5.960000038,0.182,52.68999863,382.6900024,125,41.25799942,458,0.980000019,198.4700012,8.5,5.960000038,4.690000057
2259,11.73953056,75.899396,Wayanad,735,9.388127,121.4390578,16.55277457,28.31941534,68.3520686,0.75578946,1,510.8800049,6.170000076,0.185,55.16999817,450.75,86,25.69589043,596,1.769999981,240.4600067,9.5,5.119999886,4.800000191
2260,11.74241829,75.845171,Wayanad,746,8.496891,95.48497939,18.52249403,29.53325622,71.40275799,0.6955101,0.082000002,314,2.660000086,0.188,34,136,154,82,589,1.610000014,18.04999924,57.25,5.889999866,5.309999943
2261,11.80153465,76.162087,Wayanad,768,4.6273675,25.52896392,16.4266591,28.94855652,58.86110322,0.4830908,0.029533679,118.134715,1.870000005,0.19,87.375,345.7339375,39.37823834,15.35751295,147.6683938,0.590673575,75.66600037,49.3905625,5.044400215,5.659999847
2262,11.82453918,75.906743,Wayanad,752,10.433047,41.8546958,16.7309212,28.49599162,65.09255946,0.6338569,0.083999999,225,6.110000134,0.19,55.15000153,124.1299973,112,35.15999985,384,0.75,16.15999985,5.625,6.369999886,4.550000191
2263,11.65429974,76.12020111,Wayanad,746,9.774505,19.87357426,16.32744619,29.33652412,62.41055442,0.5769951,1.080000043,423.2799988,2.390000105,0.19,55.52999878,354.1000061,110,58.27999878,593,1,36.59999847,26.65999985,6.099999905,4.989999771
2264,11.70173264,76.262868,Wayanad,922,3.8232803,13.73950768,14.73629282,27.72364407,59.73813951,0.5125842,0.055500001,222,9.151399612,0.19,71.2308875,510.972455,74,28.86000061,277.5,1.110000014,116.6999969,72.996065,7.78000021,5.550000191
2265,11.55016232,76.16740417,Wayanad,861,0.92740995,34.01385522,15.18494752,27.48131372,62.53044412,0.7520789,0.920000017,524.2800293,1.25,0.19,52.20000076,117.9000015,0,45.52999878,346,1.25,96.62999725,59.59999847,6.210000038,5.869999886
2266,11.6712513,76.233327,Wayanad,820,9.918459,20.14771375,16.04212262,28.8355131,60.19013451,0.5615526,0.065284974,261.1398964,5.329999924,0.19,78.55191125,208.25,87.04663212,33.94818653,326.4248705,1.305699482,67.65000153,29.75,4.510000229,5.800000191
2267,11.669981,76.351264,Wayanad,861,5.072412,16.56945914,14.49134927,27.75986239,58.65480935,0.5580379,0.066,264,5.25,0.19,62.08224869,310.625,88,34.31999969,330,1.320000052,78.02700043,44.375,5.20179987,5.119999886
2268,11.79510021,76.08450317,Wayanad,755,2.9367971,20.04994082,16.52675229,29.36926422,61.01049218,0.49529412,0.075000003,300,3.279999971,0.19,81.9980875,222.9052875,100,39,375,1.5,60.29999924,31.8436125,4.019999981,5.389999866
2269,11.65167522,76.25824738,Wayanad,904,8.812547,12.86354589,14.73629282,27.72364407,59.73813951,0.6705061,0.088601036,354.4041451,3.089999914,0.19,50.14482375,240.625,118.134715,46.07253886,443.0051813,1.772020725,105.5999985,34.375,7.039999962,5.420000076
2270,11.67376328,76.358534,Wayanad,845,2.7802885,16.56945914,14.49134927,27.75986239,58.65480935,0.44999292,0.127000004,508,5.710000038,0.19,74.480775,344.75,169.3333333,66.04000092,635,2.539999962,63.77249908,49.25,4.25150013,5.019999981
2271,11.81260204,76.163708,Wayanad,771,9.320728,25.52896392,16.4266591,28.94855652,58.86110322,0.29529062,0.135267857,541.0714286,1.519999981,0.19,60.30459976,207.1088562,180.3571429,70.33928572,676.3392858,2.705357143,113.8470001,29.58698082,7.589799881,5.25
2272,11.70395756,75.962777,Wayanad,732,2.1082819,31.56662369,15.94865307,28.43124674,65.52757814,0.6060657,0.079999998,350.4299927,5.769999981,0.19,82.38999939,72.34999847,98,33.34000015,638,1.200000048,22.79999924,23.5,5.860000134,5.260000229
2273,11.67031574,75.988283,Wayanad,749,8.037352,25.51089454,15.94865307,28.43124674,65.52757814,0.659455,0.090000004,340.1400146,5.699999809,0.19,78.35700226,58.95000076,91.5,30.14999962,314,0.075000003,15.17000008,29.5,5.679999828,5.630000114
2274,11.73910046,76.06400299,Wayanad,725,5.6268387,23.00255585,16.32744619,29.33652412,62.41055442,0.5489675,0.090000004,396.6000061,5.199999809,0.19,47.58000183,498.6700134,108,59.61999893,615,1.200000048,77.58000183,20,4.199999809,5.480000019
2275,11.61621094,76.033416,Wayanad,742,5.626769,28.24711943,16.42856882,28.34290703,66.35653247,0.6601069,0.090000004,490,3.900000095,0.19,46.45999908,282.4500122,124,84.41999817,532,2.099999905,16.70000076,63.75,5.099999905,5.650000095
2276,11.6228714,76.023103,Wayanad,779,11.988439,28.24711943,16.42856882,28.34290703,66.35653247,0.63677466,0.100000001,418,9.25,0.19,62.08000183,262.5100098,139.3300018,54.34000015,522.5,2.089999914,26.25,37.5,1.75,5.110000134
2277,11.66912937,76.069129,Wayanad,780,10.852928,24.71585375,16.32744619,29.33652412,62.41055442,0.5775944,0.109999999,456,9.010000229,0.19,57.25,298.7399902,152,59.27999878,570,2.279999971,31.64999962,42.68000031,2.109999895,6.139999866
2278,11.64014435,76.286131,Wayanad,893,3.8232286,14.42213708,14.72673187,27.51860673,62.38642216,0.34420744,0.119999997,352.2600098,5.210000038,0.19,28.28000069,423.5299988,0,52.40000153,842,1.360000014,18.25,31.29000092,2,5.139999866
2279,11.56649399,76.196758,Wayanad,838,8.8912,34.01385522,15.18494752,27.48131372,62.53044412,0.7473646,0.170000002,326.2000122,6.650000095,0.19,78.52999878,625.2199707,0,38.97000122,325,0.879999995,51.22999954,21.53000069,6.440000057,5.690000057
2280,11.57087326,76.117705,Wayanad,778,4.661999,37.31223035,15.89819567,27.89625965,63.8170557,0.43323493,0.209999993,402.8200073,4.179999828,0.19,51.38999939,224.7599945,120,40.85800171,625,1.799999952,81.25285339,18.75,3.00999999,5.099999905
2281,11.60865021,76.21653748,Wayanad,916,7.050841,19.43977642,15.18494752,27.48131372,62.53044412,0.72194636,1.039999962,346.0499878,7.989999771,0.2,31.53000069,617.8400269,0,31.53000069,296,0.610000014,55.90999985,38.75,5.119999886,5.360000134
2282,11.73897076,76.096643,Wayanad,753,11.366503,23.00255585,16.32744619,29.33652412,62.41055442,0.7382629,0.709999979,245.5200043,2.99000001,0.2,59.25,143.2599945,0,21.55999947,425,1.230000019,84.98999786,40.25,9.869999886,5.099999905
2283,11.67235088,76.242251,Wayanad,806,13.656036,20.14771375,16.04212262,28.8355131,60.19013451,0.49249062,0.065284974,261.1398964,6.119999886,0.2,74.547725,233.625,87.04663212,33.94818653,326.4248705,1.305699482,88.34999847,33.375,5.889999866,5.5
2284,11.76893997,76.10984802,Wayanad,783,7.4748163,20.37845039,16.52675229,29.36926422,61.01049218,0.73348266,1,357.5299988,5.889999866,0.2,18.62000084,204.2799988,0,22.21999931,546,1.389999986,91.27999878,45.63999939,7.21999979,4.130000114
2285,11.68809986,76.3911972,Wayanad,849,6.464861,16.56945914,14.49134927,27.75986239,58.65480935,0.6469867,0.098999999,396,8.609999657,0.2,45.72999954,275.1394625,132,51.47999954,495,1.980000019,53.40000153,39.3056375,3.559999943,5.480000019
2286,11.6875658,76.265814,Wayanad,912,5.73869,12.86354589,14.73629282,27.72364407,59.73813951,0.55474454,0.127000004,508,6.984799862,0.2,75.125,457.97234,169.3333333,66.04000092,635,2.539999962,97.94999695,65.42462158,6.53000021,4.920000076
2287,11.65255737,76.15995026,Wayanad,773,4.158154,20.85900843,16.04212262,28.8355131,60.19013451,0.63597,0.07,292,9.640000343,0.2,87.31999969,523.9299927,97.33000183,37.95999908,365,1.460000038,94.83000183,74.84999847,6.320000172,5.550000191
2288,11.57050037,76.20897675,Wayanad,889,19.680147,31.79931426,15.18494752,27.48131372,62.53044412,0.64416176,0.150000006,712,3.430000067,0.2,110.6999969,300.269989,64.19999695,58.63000107,587,1.320000052,49.68999863,62.84999847,5.480000019,5.309999943
2289,11.53556538,76.034795,Wayanad,749,7.266301,107.3562555,17.93006102,29.24338868,65.56911816,0.59870225,0.094999999,212,3.119999886,0.205,37.83000183,138,33,37.85200119,299,0.889999986,10.27000046,97.5,5.400000095,6.269999981
2290,11.84259892,75.995977,Wayanad,766,8.380104,38.24488544,16.44396231,28.94347639,62.13998578,0.6061738,1.080000043,315.8500061,5.130000114,0.21,49.25,250.5200043,0,18.96999931,321,0.439999998,32.95999908,47.22999954,6.329999924,5.53000021
2291,11.73775673,75.950726,Wayanad,775,6.532726,31.56662369,15.94865307,28.43124674,65.52757814,0.55968,0.078000002,310.8200073,5.789999962,0.21,85.44999695,88.18000031,88,37.72000122,601,1.210000038,58.15999985,30.875,6.170000076,5.46999979
2292,11.73628235,75.931191,Wayanad,738,5.2879243,97.94591713,16.55277457,28.31941534,68.3520686,0.70079273,0.083300002,200,3.569999933,0.21,68.51113892,210.1399994,95,93.19999695,624,1.320000052,45.88999939,84,5.829999924,5.179999828
2293,11.82258797,75.998986,Wayanad,793,4.691513,38.24488544,16.44396231,28.94347639,62.13998578,0.35968593,0.870000005,508.5,6.340000153,0.21,45.88000107,254.8200073,0,45.38999939,502,1.399999976,30.78000069,13.75,2.119999886,5.570000172
2294,11.58628654,76.17005157,Wayanad,799,3.7816334,34.01385522,15.18494752,27.48131372,62.53044412,0.7164779,1.00999999,485.6300049,6.25,0.21,87.25,408.2200012,0,39.95999908,465,1.470000029,89.62000275,51.70000076,5.210000038,5.78000021
2295,11.68276691,76.293406,Wayanad,883,8.496802,12.86354589,14.73629282,27.72364407,59.73813951,0.711996,0.133499995,534,5.730000019,0.21,52.95461875,360.3362613,178,69.41999817,667.5,2.670000076,42.77999878,51.47660875,2.851999998,6.420000076
2296,11.69386578,76.175098,Wayanad,807,5.626813,20.85900843,16.04212262,28.8355131,60.19013451,0.6049912,0.289999992,770,4.900000095,0.21,48.61999893,241.5,154,80.27999878,513,3.650000095,6.980000019,37,5.099999905,5.619999886
2297,11.6152277,76.045444,Wayanad,796,7.5869646,28.24711943,16.42856882,28.34290703,66.35653247,0.56523186,0.129999995,506,7.590000153,0.21,81.38999939,299.7099915,168.6699982,65.77999878,632.5,2.529999971,25.35000038,42.81999969,1.690000057,5.400000095
2298,11.68113327,76.112546,Wayanad,768,9.317892,19.87357426,16.32744619,29.33652412,62.41055442,0.5106308,0.150000006,498.7999878,7.860000134,0.21,64.37999725,405.4848022,152.6699982,59.54000092,572.5,1.399999976,16.40999985,19.68000031,4.210000038,5.099999905
2299,11.59010029,76.23091125,Wayanad,903,2.9365718,31.79931426,15.18494752,27.48131372,62.53044412,0.75169605,0.159999996,364.5,1.100000024,0.21,30.5,258.6000061,85,75.80999756,456,2.420000076,82.01999664,65.51999664,9.31000042,5.150000095
2300,11.70352173,76.10475159,Wayanad,746,4.7251725,18.84184039,16.32744619,29.33652412,62.41055442,0.51732546,0.170000002,498.6199951,3.960000038,0.21,36.61999893,128.2200012,0,51.33000183,385,1.389999986,39.29000092,24.29000092,4.260000229,5.119999886
2301,11.81724358,75.897912,Wayanad,748,20.28225,50.54634476,16.7309212,28.49599162,65.09255946,0.75291014,0.086000003,229,6.079999924,0.22,45.45000076,360.1799927,119,37.24000168,401,0.720000029,14.14000034,7.125,6.179999828,4.300000191
2302,11.73612976,76.242795,Wayanad,945,5.665231,19.57235852,16.04212262,28.8355131,60.19013451,0.59905756,0.045499999,182,8.720000267,0.22,73.75,455.9974976,60.66666667,23.65999985,227.5,0.910000026,82.65000153,65.14250183,5.510000229,5.769999981
2303,11.74239445,75.862685,Wayanad,737,5.4227443,121.4390578,16.55277457,28.31941534,68.3520686,0.41558188,1.200000048,550.4400024,5.460000038,0.22,58.22000122,421.8200073,121,28.96929932,612,1.889999986,223.6600037,6.375,5.010000229,4.900000095
2304,11.67111778,76.328491,Wayanad,872,6.532693,15.09248847,14.73629282,27.72364407,59.73813951,0.5374429,0.115999997,464,6.309999943,0.22,57.44824982,369.25,154.6666667,60.31999969,580,2.319999933,39.98925018,52.75,2.66595006,5.630000114
2305,11.70551491,76.211799,Wayanad,811,7.2954392,19.57235852,16.04212262,28.8355131,60.19013451,0.7168582,0.149000004,596,1.611999989,0.22,77.75,841.9249878,198.6666667,77.48000336,745,2.980000019,79.80000305,120.2750015,5.320000172,5.920000076
2306,11.61757088,76.04971313,Wayanad,780,2.7802885,28.24711943,16.42856882,28.34290703,66.35653247,0.5285479,0.140000001,552,8.149999619,0.22,109.8799973,271.3800049,184,71.76000214,690,2.75999999,41.40000153,38.77000046,2.75999999,5.739999771
2307,11.63244629,76.259073,Wayanad,916,4.6273675,14.42213708,14.72673187,27.51860673,62.38642216,0.36909288,0.209999993,529.1500244,6.949999809,0.22,42.52999878,564.75,0,41.34000015,854,1.580000043,22.82999992,40.20000076,7.769999981,5.389999866
2308,11.69239616,75.977671,Wayanad,746,2.7802885,25.51089454,15.94865307,28.43124674,65.52757814,0.5873016,0.075000003,426.7999878,6.090000153,0.23,89.45999908,75.53279877,108.5,35.58000183,249,0.556097561,13.33695984,22.65625,5.920000076,5.559999943
2309,11.83094311,75.926604,Wayanad,786,5.477954,41.8546958,16.7309212,28.49599162,65.09255946,0.6161312,0.086000003,283.2999878,6.510000229,0.23,52.25,411.2640076,105,29.80999947,524,1.024390244,15.9017601,4.84375,6.139999866,4.639999866
2310,11.72099686,75.957714,Wayanad,745,2.0819242,31.56662369,15.94865307,28.43124674,65.52757814,0.7441375,0.07,170.6999969,5.889999866,0.23,70.94000244,87.36000061,110,38.83000183,625,1.52195122,56.42559814,36.875,6.010000229,5.519999981
2311,11.66115856,76.191233,Wayanad,821,5.9558,20.85900843,16.04212262,28.8355131,60.19013451,0.67775315,0.109999999,434,4.670000076,0.23,49.88000107,233.2700043,144.6699982,56.41999817,542.5,2.170000076,74.44000244,33.31999969,4.960000038,5.519999981
2312,11.6421566,76.298822,Wayanad,901,2.7802885,14.42213708,14.72673187,27.51860673,62.38642216,0.66380167,0.129999995,553.6300049,6.210000038,0.23,22.28000069,548.6900024,0,51.29000092,800,1.120000005,35.25,19.89999962,7.25,5.360000134
2313,11.54832077,76.157472,Wayanad,845,6.532634,76.31769872,15.23309242,27.17794821,67.63693221,0.64468086,1.059999943,658.2800293,2.74000001,0.24,65.19999695,100.6399994,0,51.58000183,408,1.039999962,78.59999847,18.25,4.980000019,5.369999886
2314,11.81801224,75.996708,Wayanad,732,8.040208,38.24488544,16.44396231,28.94347639,62.13998578,0.52120876,1.649999976,325.519989,4.889999866,0.24,48.97000122,604.25,0,47.99000168,587,1.899999976,25.25,35.40999985,5.159999847,4.989999771
2315,11.59480953,76.23345947,Wayanad,858,9.850724,31.79931426,15.18494752,27.48131372,62.53044412,0.6250587,0.100000001,852,2.549999952,0.24,25.26000023,337.4599915,85.19999695,31.85000038,328,0.75999999,123.3899994,77.76999664,7.46999979,5.289999962
2316,11.56882,76.185621,Wayanad,800,15.226424,34.01385522,15.18494752,27.48131372,62.53044412,0.5628434,0.109999999,285.5299988,5.110000134,0.24,72.27999878,428.2200012,0,51.79000092,365,0.460000008,98.58000183,30.60000038,3.779999971,5
2317,11.75991344,76.01868439,Wayanad,781,8.896716,24.35911709,16.44396231,28.94347639,62.13998578,0.7094846,0.180000007,356.519989,6.119999886,0.24,29.95000076,158.5299988,0,25.80999947,596,1.529999971,82.22000122,50.25,5.659999847,5.25
2318,11.6595068,76.264372,Wayanad,900,3.7826223,12.86354589,14.73629282,27.72364407,59.73813951,0.48449397,0.049740933,198.9637306,2.779999971,0.25,74.20735168,405.375075,66.32124352,25.86528497,248.7046632,0.994818653,103.6500015,57.91072464,6.909999847,5.400000095
2319,11.60606861,76.040989,Wayanad,747,13.2663,28.24711943,16.42856882,28.34290703,66.35653247,0.668133,0.99000001,400.1799927,2.980000019,0.25,66.98999786,650.4199829,82,25.95999908,596,1.799999952,37.13999939,418.375,4.800000191,5.400000095
2320,11.60225964,76.22554016,Wayanad,903,7.5515175,19.43977642,15.18494752,27.48131372,62.53044412,0.70184857,0.140000001,552,11.48999977,0.25,42.91999817,520.1300049,110.1999969,47.27999878,587,1.639999986,65.93000031,100.3199997,6.309999943,5.889999866
2321,11.66764069,76.21323395,Wayanad,846,4.68981,20.14771375,16.04212262,28.8355131,60.19013451,0.6757852,0.150000006,586,5.449999809,0.25,25.5,346.3699951,195.3300018,76.18000031,732.5,2.930000067,104.2300034,49.47999954,6.949999809,5.869999886
2322,11.59714031,76.24210358,Wayanad,910,7.6126394,31.79931426,15.18494752,27.48131372,62.53044412,0.6586893,0.109999999,556,8.300000191,0.26,45.38000107,712.4299927,120.25,30.87000084,703,2.029999971,84.22000122,26.62999916,1.649999976,5.269999981
2323,11.63146019,76.22393799,Wayanad,914,4.158088,19.43977642,15.18494752,27.48131372,62.53044412,0.5024067,0.119999997,572.7999878,0.870000005,0.26,39.81000137,128.3500061,114.1999969,41.25,689,1.019999981,104.25,50.90000153,8.229999542,5.019999981
2324,11.58162022,76.20236206,Wayanad,856,4.1579356,31.79931426,15.18494752,27.48131372,62.53044412,0.500083,0.189999998,644,3.329999924,0.26,24.11000061,100.3499985,89.29000092,61.84999847,543,3.289999962,87.26000214,109.5999985,7.309999943,5.25
2325,11.65781498,76.310023,Wayanad,884,9.199024,15.09248847,14.73629282,27.72364407,59.73813951,0.5592218,0.105999999,424,7.869999886,0.27,64.045875,241.4036625,141.3333333,55.11999893,530,2.119999886,59.44499969,34.4862375,3.963000059,5.389999866
2326,11.6378603,76.21302795,Wayanad,850,6.300961,19.43977642,15.18494752,27.48131372,62.53044412,0.7011248,0.119999997,392,1.330000043,0.27,17.37000084,697.2000122,0,47.22999954,357,0.680000007,56.25999832,76.44999695,5.21999979,5.25
2327,11.63228035,76.20671082,Wayanad,890,1.8931891,19.43977642,15.18494752,27.48131372,62.53044412,0.75530475,0.129999995,410,1.679999948,0.27,139.1999969,230.0500031,0,48.27999878,523,1.820000052,45.20000076,79.37999725,3.099999905,4.949999809
2328,11.68449402,76.201654,Wayanad,819,9.995492,20.14771375,16.04212262,28.8355131,60.19013451,0.7297668,0.180000007,541.9000244,8.970000267,0.27,36.88000107,296,174.6699982,68.12000275,655,1.230000019,29.5,1.100000024,8.93999958,5.929999828
2329,11.65008926,76.280409,Wayanad,895,3.3620517,14.42213708,14.72673187,27.51860673,62.38642216,0.5483092,0.189999998,518.1500244,7.110000134,0.27,28.28000069,670.9199829,0,39.84999847,821,1.379999995,44.88000107,20,6.139999866,5.579999924
2330,11.62425709,76.312088,Wayanad,913,2.838414,20.57959223,14.72673187,27.51860673,62.38642216,0.57693017,0.209999993,336.6400146,9.800000191,0.27,21.29000092,395.2900085,0,64.52999878,801,2.039999962,21.95999908,39.36000061,6.110000134,5.239999771
2331,11.69408512,76.266801,Wayanad,916,11.762712,12.86354589,14.73629282,27.72364407,59.73813951,0.51012635,0.035500001,142,6.559999943,0.28,73.5,784.2625122,47.33333333,18.45999908,177.5,0.709999979,80.40000153,112.0374985,5.360000134,5.590000153
2332,11.60826588,76.004291,Wayanad,758,8.74886,28.24711943,16.42856882,28.34290703,66.35653247,0.57848394,0.879999995,783.5,4.449999809,0.28,52.28519821,662.7263794,79,34.52799988,569,1.404878049,41.80624008,393.28125,5.869999886,5.300000191
2333,11.74489975,76.10559845,Wayanad,759,0.92740995,18.84184039,16.32744619,29.33652412,62.41055442,0.5312102,0.079999998,461.25,6.119999886,0.28,55.59999847,440.5899963,106,64.51999664,718,1.210000038,56.5,26.25,4.119999886,5.559999943
2334,11.64350033,76.18566895,Wayanad,796,3.8938038,30.04404676,15.18494752,27.48131372,62.53044412,0.6858034,0.100000001,600,1.169999957,0.28,20.88999939,202.6100006,0,51.29000092,564,1.279999971,97.58999634,100.3000031,3.849999905,4.820000172
2335,11.68323612,76.07614136,Wayanad,770,1.3253809,24.71585375,16.32744619,29.33652412,62.41055442,0.20890254,0.140000001,544,9.619999886,0.28,26.87999916,361,181.3300018,70.72000122,680,2.720000029,89.37999725,51.56999969,5.960000038,6.010000229
2336,11.85689163,75.985109,Wayanad,825,7.156428,30.82049179,16.24917229,28.74895919,59.53256002,0.7582015,0.239999995,862.5999756,6.510000229,0.29,24.86000061,920.9099731,0,23.57999992,412,1.610000014,134.2200012,22.5,9.659999847,6.010000229
2337,11.75603676,76.034275,Wayanad,746,4.690779,24.35911709,16.44396231,28.94347639,62.13998578,0.69224197,0.07,512.25,6.039999962,0.29,39.63000107,629.7000122,0,56.97000122,569,1.559999943,96.62999725,26.70000076,8.25,5.230000019
2338,11.56636047,76.174935,Wayanad,843,12.0254,34.01385522,15.18494752,27.48131372,62.53044412,0.760717,0.090000004,570.2000122,4.559999943,0.29,96.27999878,505.3399963,0,47.27999878,589,1.519999981,101.3099976,43.68999863,9.869999886,5.449999809
2339,11.59055996,76.21140289,Wayanad,886,4.9964566,31.79931426,15.18494752,27.48131372,62.53044412,0.6692699,0.189999998,472,1.279999971,0.29,42.06000137,75.48999786,82.31999969,62.27999878,596,3.109999895,54.95000076,85.55000305,9.130000114,5.079999924
2340,11.73230839,75.944604,Wayanad,750,10.487196,97.94591713,16.55277457,28.31941534,68.3520686,0.47864962,0.082800001,240,3.799999952,0.3,141,221.9839935,108,98.58000183,596,1.744897959,53.33440018,112.71875,5.710000038,5.300000191
2341,11.73359108,76.040584,Wayanad,759,1.3255047,29.12201726,15.94865307,28.43124674,65.52757814,0.52479815,1.110000014,447.2999878,5.480000019,0.3,43.29000092,794.4400024,0,49.97999954,475,1.899999976,141.3200073,22.65999985,7.539999962,5.150000095
2342,11.65584946,76.315541,Wayanad,893,5.475384,15.09248847,14.73629282,27.72364407,59.73813951,0.65625,0.082500003,330,6.690000057,0.301,62.3125,258.6696875,110,42.90000153,412.5,1.649999976,38.36999893,36.9528125,2.558000088,5.599999905
2343,11.65262508,76.239415,Wayanad,855,2.6491976,20.14771375,16.04212262,28.8355131,60.19013451,0.5494333,0.046,184,8.399999619,0.31,26.125,523.25,61.33333333,23.92000008,230,0.920000017,148.5,74.75,9.899999619,5.650000095
2344,11.64481258,76.0725256,Wayanad,764,10.538847,30.44018316,15.89819567,27.89625965,63.8170557,0.71682376,0.090000004,344,5.960000038,0.31,111.6600037,819.8800049,114.6699982,44.72000122,430,1.720000029,68.55000305,117.1299973,4.570000172,5.71999979
2345,11.57737255,76.154748,Wayanad,783,4.2093325,34.01385522,15.18494752,27.48131372,62.53044412,0.61012745,0.819999993,734.4000244,2.859999895,0.32,59.52000046,121.25,0,35.86000061,426,0.970000029,114.3899994,22.65999985,7.340000153,5.46999979
2346,11.74347115,76.114801,Wayanad,782,4.8151855,18.84184039,16.32744619,29.33652412,62.41055442,0.57121503,0.180000007,502.6000061,3.00999999,0.32,78.95999908,571.5999756,0,28.26000023,458,1.320000052,84.88999939,89.69000244,5.260000229,6
2347,11.62792015,76.2193222,Wayanad,916,3.782193,19.43977642,15.18494752,27.48131372,62.53044412,0.7325896,0.189999998,372.7999878,1.289999962,0.32,30.02000046,450.7999878,142.25,45.38000107,612,2.549999952,82.01999664,75.58000183,9.590000153,5.400000095
2348,11.75343037,76.056306,Wayanad,772,2.8397331,20.04994082,16.52675229,29.36926422,61.01049218,0.6138471,1.039999962,291.1499939,5.849999905,0.33,52.29000092,725.3599854,0,52.86000061,558,2.460000038,22.82999992,40.20000076,4.260000229,5.670000076
2349,11.63118458,76.02194214,Wayanad,731,11.646541,28.24711943,16.42856882,28.34290703,66.35653247,0.6775163,0.100000001,560,3.869999886,0.35,45.77999878,352.4700012,98,75.13999939,478,2,22.5,56.25,4.5,5.5
2350,11.82982159,75.958037,Wayanad,753,8.816624,38.24488544,16.44396231,28.94347639,62.13998578,0.600214,0.077,330,6.730000019,0.36,55.5,155.3600006,128,37.47000122,412,0.699999988,21.57999992,9.25,6.400000095,4.449999809
2351,11.6714491,76.269831,Wayanad,889,11.157589,12.86354589,14.73629282,27.72364407,59.73813951,0.5202247,0.032499999,130,8.800000191,0.4,104.75,480.3399963,43.33333333,16.89999962,162.5,0.649999976,228,68.62000275,15.19999981,5.650000095
2352,11.72176266,76.196049,Wayanad,845,2.986555,26.4541409,16.04212262,28.8355131,60.19013451,0.67692596,0.071000002,284,1.845999956,0.5,37.75,346.71875,94.66666667,36.91999817,355,1.419999957,131.5500031,49.53125,8.770000458,5.579999924
2353,11.66252708,76.16365051,Wayanad,776,12.86753,20.85900843,16.04212262,28.8355131,60.19013451,0.44829506,0.379999995,820,5.150000095,0.52,56.79999924,300.3800049,140,92.25,512,3.75,8.020000458,40.75,4.170000076,6.019999981
2354,11.84726143,76.042652,Wayanad,755,7.7573094,30.68331051,16.44396231,28.94347639,62.13998578,0.5430108,0.057999998,232,5.458797932,0.6,48.625,1260,77.33333333,30.15999985,290,1.159999967,46.5,180,3.099999905,4.199999809
2355,11.72388172,76.200746,Wayanad,869,6.5327187,19.57235852,16.04212262,28.8355131,60.19013451,0.5887455,0.079000004,316,1.768000007,0.6,40.5,278.9500122,105.3333333,41.08000183,395,1.580000043,128.25,39.84999847,8.550000191,6.130000114
2356,11.62522984,76.024052,Wayanad,753,5.071708,28.24711943,16.42856882,28.34290703,66.35653247,0.6430966,0.119999997,620,4.190000057,1,44.59999847,325.9200134,104,79.27999878,569,2.079999924,12.72999954,132.3800049,2.24000001,5.769999981
2357,9.469167006,76.46159756,Alappuzha,6,0.92740995,53.03114867,22.37335858,31.41245265,73.99809138,0.7305287,0.128000006,840.9799805,5.257999897,0.068,67.2460022,171.8300018,116,82.48400116,769,2.069999933,17.78199959,9.657999992,6.147999763,5.748000145
2358,9.172072853,76.54929422,Alappuzha,19,2.6385162,68.63117981,23.05000537,31.16219377,72.45154482,0.7376949,0.128000006,840.9799805,5.257999897,0.068,67.2460022,171.8300018,116,82.48400116,769,2.069999933,17.78199959,9.657999992,6.147999763,5.748000145
2359,9.488133288,76.4423421,Alappuzha,2,2.0960407,65.15532398,23.60241115,30.7505319,73.57283538,0.84040296,0.128000006,840.9799805,5.257999897,0.068,67.2460022,171.8300018,116,82.48400116,769,2.069999933,17.78199959,9.657999992,6.147999763,5.748000145
2360,9.12415779,76.54593416,Alappuzha,16,3.3699517,65.63445139,23.40456885,31.07205063,71.7552182,0.63397497,0.128000006,840.9799805,5.257999897,0.068,67.2460022,171.8300018,116,82.48400116,769,2.069999933,17.78199959,9.657999992,6.147999763,5.748000145
2361,9.252715987,76.57168832,Alappuzha,23,2.9343052,56.94863582,22.24037928,31.47714307,72.04970499,0.539854,0.128000006,840.9799805,5.257999897,0.068,67.2460022,171.8300018,116,82.48400116,769,2.069999933,17.78199959,9.657999992,6.147999763,5.748000145
2362,9.65866632,76.3863317,Alappuzha,10,0.92740995,67.76650906,22.98921356,30.32481931,76.6278953,0.5415205,0.128000006,840.9799805,5.257999897,0.068,67.2460022,171.8300018,116,82.48400116,769,2.069999933,17.78199959,9.657999992,6.147999763,5.748000145
2363,9.416105548,76.45264508,Alappuzha,3,0.92740995,51.4394238,22.62785623,31.39974891,73.205821,0.819218,0.128000006,840.9799805,5.257999897,0.068,67.2460022,171.8300018,116,82.48400116,769,2.069999933,17.78199959,9.657999992,6.147999763,5.748000145
2364,9.227579409,76.50417687,Alappuzha,7,2.9649637,66.45923567,23.05000537,31.16219377,72.45154482,0.7117248,0.128000006,840.9799805,5.257999897,0.068,67.2460022,171.8300018,116,82.48400116,769,2.069999933,17.78199959,9.657999992,6.147999763,5.748000145
2365,9.296200473,76.54217086,Alappuzha,11,2.9343424,56.89505053,22.71333913,31.32634914,72.67459288,0.7318303,0.128000006,840.9799805,5.257999897,0.068,67.2460022,171.8300018,116,82.48400116,769,2.069999933,17.78199959,9.657999992,6.147999763,5.748000145
2366,9.325763037,76.59455469,Alappuzha,11,0,60.72090316,22.24037928,31.47714307,72.04970499,0.779047,0.128000006,840.9799805,5.257999897,0.068,67.2460022,171.8300018,116,82.48400116,769,2.069999933,17.78199959,9.657999992,6.147999763,5.748000145
2367,9.305844889,76.58079382,Alappuzha,11,6.803375,60.72090316,22.24037928,31.47714307,72.04970499,0.58479005,0.128000006,840.9799805,5.257999897,0.068,67.2460022,171.8300018,116,82.48400116,769,2.069999933,17.78199959,9.657999992,6.147999763,5.748000145
2368,9.313493005,76.56032146,Alappuzha,3,0.9397961,60.72090316,22.24037928,31.47714307,72.04970499,0.5461485,0.128000006,840.9799805,5.257999897,0.068,67.2460022,171.8300018,116,82.48400116,769,2.069999933,17.78199959,9.657999992,6.147999763,5.748000145
2369,9.202766346,76.57821235,Alappuzha,14,1.8784962,57.46348166,22.66776718,31.43627319,70.77785593,0.75265807,0.128000006,840.9799805,5.257999897,0.068,67.2460022,171.8300018,116,82.48400116,769,2.069999933,17.78199959,9.657999992,6.147999763,5.748000145
2370,9.429588426,76.45963645,Alappuzha,1,0.94011116,51.4394238,22.62785623,31.39974891,73.205821,0.8665476,0.128000006,840.9799805,5.257999897,0.068,67.2460022,171.8300018,116,82.48400116,769,2.069999933,17.78199959,9.657999992,6.147999763,5.748000145
2371,9.187648456,76.51309293,Alappuzha,13,2.078439,68.63117981,23.05000537,31.16219377,72.45154482,0.44343892,0.128000006,840.9799805,5.257999897,0.068,67.2460022,171.8300018,116,82.48400116,769,2.069999933,17.78199959,9.657999992,6.147999763,5.748000145
2372,9.640216536,76.39265231,Alappuzha,0,0,57.71267176,23.08743465,30.47140577,76.07970509,-0.15599343,0.128000006,840.9799805,5.257999897,0.068,67.2460022,171.8300018,116,82.48400116,769,2.069999933,17.78199959,9.657999992,6.147999763,5.748000145
2373,9.413695056,76.46117139,Alappuzha,4,0.9400673,51.4394238,22.62785623,31.39974891,73.205821,0.8659971,0.128000006,840.9799805,5.257999897,0.068,67.2460022,171.8300018,116,82.48400116,769,2.069999933,17.78199959,9.657999992,6.147999763,5.748000145
2374,9.82432583,76.27981389,Alappuzha,6,1.3212329,81.0428257,23.33292699,29.71082485,76.5401162,0.17470984,0.122000001,850.5200195,4.958000183,0.09,66.96600342,144.0899963,119.5999985,67.52999878,770.4000244,2.160000086,22.68400002,8.758000374,4.978000164,5.68200016
2375,9.471313347,76.38756189,Alappuzha,8,2.7802885,78.18315792,23.60241115,30.7505319,73.57283538,0.28317901,0.122000001,850.5200195,4.958000183,0.09,66.96600342,144.0899963,119.5999985,67.52999878,770.4000244,2.160000086,22.68400002,8.758000374,4.978000164,5.68200016
2376,9.147248919,76.4771541,Alappuzha,0,0,61.39920235,23.40456885,31.07205063,71.7552182,-0.006610009,0.122000001,850.5200195,4.958000183,0.09,66.96600342,144.0899963,119.5999985,67.52999878,770.4000244,2.160000086,22.68400002,8.758000374,4.978000164,5.68200016
2377,9.738338172,76.35579273,Alappuzha,8,5.7030663,89.62418461,22.98921356,30.32481931,76.6278953,0.16381419,0.122000001,850.5200195,4.958000183,0.09,66.96600342,144.0899963,119.5999985,67.52999878,770.4000244,2.160000086,22.68400002,8.758000374,4.978000164,5.68200016
2378,9.19543632,76.46303561,Alappuzha,10,1.3200023,55.2493248,23.05000537,31.16219377,72.45154482,0.49254817,0.122000001,850.5200195,4.958000183,0.09,66.96600342,144.0899963,119.5999985,67.52999878,770.4000244,2.160000086,22.68400002,8.758000374,4.978000164,5.68200016
2379,9.463935742,76.38694626,Alappuzha,5,3.3722293,78.18315792,23.60241115,30.7505319,73.57283538,0.5168479,0.122000001,850.5200195,4.958000183,0.09,66.96600342,144.0899963,119.5999985,67.52999878,770.4000244,2.160000086,22.68400002,8.758000374,4.978000164,5.68200016
2380,9.575824424,76.35488202,Alappuzha,14,1.3207362,68.51921511,23.08743465,30.47140577,76.07970509,0.5912103,0.122000001,850.5200195,4.958000183,0.09,66.96600342,144.0899963,119.5999985,67.52999878,770.4000244,2.160000086,22.68400002,8.758000374,4.978000164,5.68200016
2381,9.59167083,76.35346582,Alappuzha,13,2.078934,68.51921511,23.08743465,30.47140577,76.07970509,0.771247,0.122000001,850.5200195,4.958000183,0.09,66.96600342,144.0899963,119.5999985,67.52999878,770.4000244,2.160000086,22.68400002,8.758000374,4.978000164,5.68200016
2382,9.626508342,76.36735786,Alappuzha,12,0.92740995,57.71267176,23.08743465,30.47140577,76.07970509,0.71445745,0.122000001,850.5200195,4.958000183,0.09,66.96600342,144.0899963,119.5999985,67.52999878,770.4000244,2.160000086,22.68400002,8.758000374,4.978000164,5.68200016
2383,9.376764856,76.41954445,Alappuzha,3,0.92740995,62.17166328,23.5180924,30.38457984,74.11612563,0.67372817,0.122000001,850.5200195,4.958000183,0.09,66.96600342,144.0899963,119.5999985,67.52999878,770.4000244,2.160000086,22.68400002,8.758000374,4.978000164,5.68200016
2384,9.346423723,76.41390814,Alappuzha,-2,0,64.30718446,23.41052899,30.20880253,74.11155706,0.2535931,0.122000001,850.5200195,4.958000183,0.09,66.96600342,144.0899963,119.5999985,67.52999878,770.4000244,2.160000086,22.68400002,8.758000374,4.978000164,5.68200016
2385,9.180890511,76.45786345,Alappuzha,6,2.078431,55.2493248,23.05000537,31.16219377,72.45154482,0.495637,0.122000001,850.5200195,4.958000183,0.09,66.96600342,144.0899963,119.5999985,67.52999878,770.4000244,2.160000086,22.68400002,8.758000374,4.978000164,5.68200016
2386,9.793678834,76.35286829,Alappuzha,10,4.9922724,85.61293507,22.74851774,30.34200097,76.65057671,0.44744745,0.122000001,850.5200195,4.958000183,0.09,66.96600342,144.0899963,119.5999985,67.52999878,770.4000244,2.160000086,22.68400002,8.758000374,4.978000164,5.68200016
2387,9.285642795,76.45112489,Alappuzha,11,1.8789392,47.53953052,22.71333913,31.32634914,72.67459288,0.6542351,0.122000001,850.5200195,4.958000183,0.09,66.96600342,144.0899963,119.5999985,67.52999878,770.4000244,2.160000086,22.68400002,8.758000374,4.978000164,5.68200016
2388,9.268569492,76.4244645,Alappuzha,5,0,55.19253016,23.41052899,30.20880253,74.11155706,0.7313986,0.122000001,850.5200195,4.958000183,0.09,66.96600342,144.0899963,119.5999985,67.52999878,770.4000244,2.160000086,22.68400002,8.758000374,4.978000164,5.68200016
2389,9.256074893,76.45516652,Alappuzha,7,3.3539164,47.53953052,22.71333913,31.32634914,72.67459288,0.65263486,0.122000001,850.5200195,4.958000183,0.09,66.96600342,144.0899963,119.5999985,67.52999878,770.4000244,2.160000086,22.68400002,8.758000374,4.978000164,5.68200016
2390,9.766643837,76.35850558,Alappuzha,9,0.92740995,85.61293507,22.74851774,30.34200097,76.65057671,0.71271056,0.122000001,850.5200195,4.958000183,0.09,66.96600342,144.0899963,119.5999985,67.52999878,770.4000244,2.160000086,22.68400002,8.758000374,4.978000164,5.68200016
2391,9.381060427,76.4076224,Alappuzha,4,1.3203565,62.17166328,23.5180924,30.38457984,74.11612563,0.717759,0.122000001,850.5200195,4.958000183,0.09,66.96600342,144.0899963,119.5999985,67.52999878,770.4000244,2.160000086,22.68400002,8.758000374,4.978000164,5.68200016
2392,9.446088519,76.42454748,Alappuzha,2,0.92740995,59.54455853,23.5180924,30.38457984,74.11612563,0.78993237,0.122000001,850.5200195,4.958000183,0.09,66.96600342,144.0899963,119.5999985,67.52999878,770.4000244,2.160000086,22.68400002,8.758000374,4.978000164,5.68200016
2393,9.817835693,76.27934977,Alappuzha,5,0.92740995,81.0428257,23.33292699,29.71082485,76.5401162,0.59652776,0.122000001,850.5200195,4.958000183,0.09,66.96600342,144.0899963,119.5999985,67.52999878,770.4000244,2.160000086,22.68400002,8.758000374,4.978000164,5.68200016
2394,9.295503653,76.64008039,Alappuzha,22,0,59.51578617,22.24037928,31.47714307,72.04970499,0.5739521,0.153999999,838.9799805,4.671999931,0.09,63.04199982,220.4499969,125,79.72599792,758.5999756,2.079999924,22.16200066,9.048000336,6.375999928,5.952000141
2395,9.288828638,76.63553237,Alappuzha,40,9.157412,59.51578617,22.24037928,31.47714307,72.04970499,0.7391562,0.153999999,838.9799805,4.671999931,0.09,63.04199982,220.4499969,125,79.72599792,758.5999756,2.079999924,22.16200066,9.048000336,6.375999928,5.952000141
2396,9.177638532,76.63314948,Alappuzha,21,2.638537,69.23756933,22.66776718,31.43627319,70.77785593,0.7544677,0.153999999,838.9799805,4.671999931,0.09,63.04199982,220.4499969,125,79.72599792,758.5999756,2.079999924,22.16200066,9.048000336,6.375999928,5.952000141
2397,9.287588614,76.61116582,Alappuzha,13,3.3710358,59.51578617,22.24037928,31.47714307,72.04970499,0.77057505,0.153999999,838.9799805,4.671999931,0.09,63.04199982,220.4499969,125,79.72599792,758.5999756,2.079999924,22.16200066,9.048000336,6.375999928,5.952000141
